tpase_006186	tpase_001374
tpase_006186	tpase_000377
tpase_006186	tpase_000287
tpase_006186	tpase_002943
tpase_006186	tpase_004870
tpase_006186	tpase_001440
tpase_006186	tpase_000875
tpase_006186	tpase_003601
tpase_006186	tpase_000949
tpase_006186	tpase_005230
tpase_006186	tpase_000351
tpase_006186	tpase_004058
tpase_006186	tpase_004655
tpase_006186	tpase_004869
tpase_006186	tpase_003000
tpase_006186	tpase_006465
tpase_006186	tpase_003670
tpase_006186	tpase_001596
tpase_006186	tpase_003652
tpase_006186	tpase_002205
tpase_006186	tpase_001262
tpase_006186	tpase_003265
tpase_006186	tpase_007057
tpase_006186	tpase_005886
tpase_006186	tpase_002504
tpase_006186	tpase_003587
tpase_006186	tpase_005902
tpase_006186	tpase_002419
tpase_006186	tpase_001597
tpase_006186	tpase_003137
tpase_006186	tpase_001934
tpase_006186	tpase_005134
tpase_006186	tpase_003833
tpase_006186	tpase_002279
tpase_006186	tpase_003087
tpase_006186	tpase_005294
tpase_006186	tpase_004133
tpase_006186	tpase_003716
tpase_006186	tpase_003141
tpase_006186	tpase_001027
tpase_006186	tpase_002288
tpase_006186	tpase_000360
tpase_006186	tpase_004676
tpase_006186	tpase_001211
tpase_006186	tpase_004910
tpase_006186	tpase_003845
tpase_006186	tpase_006595
tpase_006186	tpase_001103
tpase_006186	tpase_004502
tpase_006186	tpase_000384
tpase_006186	tpase_001212
tpase_006186	tpase_006737
tpase_006186	tpase_006462
tpase_006186	tpase_005089
tpase_006186	tpase_004826
tpase_006186	tpase_001922
tpase_006186	tpase_004743
tpase_006186	tpase_000956
tpase_006186	tpase_004351
tpase_006186	tpase_000972
tpase_006186	tpase_001953
tpase_006186	tpase_001708
tpase_006186	tpase_005365
tpase_006186	tpase_000355
tpase_006186	tpase_005145
tpase_006186	tpase_002001
tpase_006186	tpase_006820
tpase_006186	tpase_004708
tpase_006186	tpase_003972
tpase_006186	tpase_005559
tpase_006186	tpase_006852
tpase_006186	tpase_004345
tpase_006186	tpase_004548
tpase_006186	tpase_006261
tpase_006186	tpase_000364
tpase_006186	tpase_004009
tpase_006186	tpase_004423
tpase_006186	tpase_003717
tpase_006186	tpase_001576
tpase_006186	tpase_004579
tpase_006186	tpase_006464
tpase_006186	tpase_004011
tpase_006186	tpase_003041
tpase_006186	tpase_006763
tpase_006186	tpase_001399
tpase_006186	tpase_004752
tpase_006186	tpase_003140
tpase_006186	tpase_003216
tpase_006186	tpase_004260
tpase_006186	tpase_002396
tpase_006186	tpase_004247
tpase_006186	tpase_001968
tpase_006186	tpase_001111
tpase_006186	tpase_001778
tpase_006186	tpase_001143
tpase_006186	tpase_004786
tpase_006186	tpase_005125
tpase_006186	tpase_004341
tpase_006186	tpase_002101
tpase_006186	tpase_001283
tpase_006186	tpase_004670
tpase_006186	tpase_003267
tpase_006186	tpase_003425
tpase_006186	tpase_002506
tpase_006186	tpase_000348
tpase_006186	tpase_002655
tpase_006186	tpase_003003
tpase_006186	tpase_001879
tpase_006186	tpase_002794
tpase_006186	tpase_005378
tpase_006186	tpase_001571
tpase_006186	tpase_006890
tpase_006186	tpase_001100
tpase_006186	tpase_003477
tpase_006186	tpase_001575
tpase_006186	tpase_001006
tpase_006186	tpase_000013
tpase_006186	tpase_002691
tpase_006186	tpase_005261
tpase_006186	tpase_005908
tpase_006186	tpase_005561
tpase_006186	tpase_005479
tpase_006186	tpase_006859
tpase_006186	tpase_000379
tpase_006186	tpase_000382
tpase_006186	tpase_000880
tpase_006186	tpase_001084
tpase_006186	tpase_001677
tpase_006186	tpase_003434
tpase_006186	tpase_004618
tpase_006186	tpase_000926
tpase_006186	tpase_000986
tpase_006186	tpase_002269
tpase_006186	tpase_000474
tpase_006186	tpase_002624
tpase_006186	tpase_002010
tpase_006186	tpase_004898
tpase_006186	tpase_005968
tpase_006186	tpase_003424
tpase_006186	tpase_004838
tpase_006186	tpase_001594
tpase_006186	tpase_005111
tpase_006186	tpase_005090
tpase_006186	tpase_005043
tpase_006186	tpase_002732
tpase_006186	tpase_007092
tpase_006186	tpase_004895
tpase_006186	tpase_004871
tpase_006186	tpase_005124
tpase_006186	tpase_003042
tpase_006186	tpase_004022
tpase_006186	tpase_005708
tpase_006186	tpase_002690
tpase_006186	tpase_000671
tpase_006186	tpase_002265
tpase_006186	tpase_006752
tpase_006186	tpase_004542
tpase_006186	tpase_005803
tpase_006186	tpase_001700
tpase_006186	tpase_001282
tpase_006186	tpase_000350
tpase_006186	tpase_004735
tpase_006186	tpase_006593
tpase_006186	tpase_005225
tpase_006186	tpase_004430
tpase_006186	tpase_002447
tpase_006186	tpase_007111
tpase_006186	tpase_000939
tpase_006186	tpase_001400
tpase_006186	tpase_001244
tpase_006186	tpase_004741
tpase_006186	tpase_003735
tpase_006186	tpase_005091
tpase_006186	tpase_000375
tpase_006186	tpase_007083
tpase_006186	tpase_005262
tpase_006186	tpase_004830
tpase_006186	tpase_000940
tpase_006186	tpase_003428
tpase_006186	tpase_001383
tpase_006186	tpase_005088
tpase_006186	tpase_006708
tpase_006186	tpase_006503
tpase_006186	tpase_003423
tpase_006186	tpase_002486
tpase_006186	tpase_001703
tpase_006186	tpase_002767
tpase_006186	tpase_002897
tpase_006186	tpase_003002
tpase_006186	tpase_003208
tpase_006186	tpase_004541
tpase_006186	tpase_004891
tpase_006186	tpase_006186
tpase_006186	tpase_002217
tpase_006186	tpase_004156
tpase_006186	tpase_004381
tpase_006186	tpase_000357
tpase_006186	tpase_001855
tpase_006186	tpase_002729
tpase_006186	tpase_002896
tpase_006186	tpase_000984
tpase_006186	tpase_005330
tpase_006186	tpase_002334
tpase_006186	tpase_006154
tpase_006186	tpase_004240
tpase_006186	tpase_002775
tpase_006186	tpase_004155
tpase_006186	tpase_005761
tpase_006186	tpase_004940
tpase_006186	tpase_004132
tpase_006186	tpase_001097
tpase_006186	tpase_006858
tpase_006186	tpase_004793
tpase_006186	tpase_000380
tpase_006186	tpase_003251
tpase_006186	tpase_006751
tpase_006186	tpase_003643
tpase_006186	tpase_004787
tpase_006186	tpase_000349
tpase_006186	tpase_000347
tpase_006186	tpase_002127
tpase_006186	tpase_001593
tpase_006186	tpase_001166
tpase_006186	tpase_004785
tpase_006186	tpase_004757
tpase_006186	tpase_003426
tpase_006186	tpase_000938
tpase_006186	tpase_004897
tpase_006186	tpase_003304
tpase_006186	tpase_005941
tpase_006186	tpase_005337
tpase_006186	tpase_000353
tpase_006186	tpase_002445
tpase_006186	tpase_005576
tpase_006186	tpase_003548
tpase_006186	tpase_003847
tpase_006186	tpase_004057
tpase_006186	tpase_006703
tpase_006186	tpase_006460
tpase_006186	tpase_006759
tpase_006186	tpase_003682
tpase_006186	tpase_002371
tpase_006186	tpase_001704
tpase_006186	tpase_003596
tpase_006186	tpase_007073
tpase_006186	tpase_001988
tpase_006186	tpase_000927
tpase_006186	tpase_000991
tpase_006186	tpase_000012
tpase_006186	tpase_002263
tpase_006186	tpase_000378
tpase_006186	tpase_004893
tpase_006186	tpase_001453
tpase_006186	tpase_003680
tpase_006186	tpase_000368
tpase_006186	tpase_006103
tpase_006186	tpase_001284
tpase_006186	tpase_004056
tpase_006186	tpase_005687
tpase_006186	tpase_004253
tpase_006186	tpase_003215
tpase_006186	tpase_002409
tpase_006186	tpase_002799
tpase_006186	tpase_001918
tpase_006186	tpase_005344
tpase_006186	tpase_001622
tpase_006186	tpase_004889
tpase_006186	tpase_002505
tpase_006186	tpase_001595
tpase_006186	tpase_002379
tpase_006186	tpase_006461
tpase_006186	tpase_003597
tpase_006186	tpase_002666
tpase_006186	tpase_001104
tpase_006186	tpase_003998
tpase_006186	tpase_001733
tpase_006186	tpase_005232
tpase_006186	tpase_004001
tpase_006186	tpase_004837
tpase_006186	tpase_002768
tpase_006186	tpase_005954
tpase_006186	tpase_004076
tpase_006186	tpase_003349
tpase_006186	tpase_001418
tpase_006186	tpase_005915
tpase_006186	tpase_000471
tpase_006186	tpase_000886
tpase_006186	tpase_003506
tpase_006186	tpase_003957
tpase_006186	tpase_001225
tpase_006186	tpase_000734
tpase_006186	tpase_003351
tpase_006186	tpase_002415
tpase_006186	tpase_002960
tpase_006186	tpase_004607
tpase_006186	tpase_004352
tpase_006186	tpase_003599
tpase_006186	tpase_001989
tpase_006186	tpase_002657
tpase_006186	tpase_001945
tpase_006186	tpase_000376
tpase_006186	tpase_005146
tpase_006186	tpase_004382
tpase_006186	tpase_004713
tpase_006186	tpase_001184
tpase_006186	tpase_006410
tpase_006186	tpase_005578
tpase_006186	tpase_003292
tpase_006186	tpase_002043
tpase_006186	tpase_006677
tpase_006186	tpase_006711
tpase_006186	tpase_005319
tpase_006186	tpase_000128
tpase_006186	tpase_002858
tpase_006186	tpase_006812
tpase_006186	tpase_003518
tpase_006186	tpase_005688
tpase_006186	tpase_002998
tpase_006186	tpase_002485
tpase_006186	tpase_005226
tpase_006186	tpase_007109
tpase_006186	tpase_002446
tpase_006186	tpase_003667
tpase_006186	tpase_001058
tpase_006186	tpase_005150
tpase_006186	tpase_002951
tpase_006186	tpase_002342
tpase_006186	tpase_006715
tpase_006186	tpase_004825
tpase_006186	tpase_003600
tpase_006186	tpase_003679
tpase_006186	tpase_006638
tpase_006186	tpase_002570
tpase_006186	tpase_006861
tpase_006186	tpase_000367
tpase_006186	tpase_000983
tpase_006186	tpase_004920
tpase_006186	tpase_004491
tpase_006186	tpase_003072
tpase_006186	tpase_002427
tpase_006186	tpase_006760
tpase_006186	tpase_002268
tpase_006186	tpase_001002
tpase_006186	tpase_005164
tpase_006186	tpase_003668
tpase_006186	tpase_002059
tpase_006186	tpase_004827
tpase_006186	tpase_004888
tpase_006186	tpase_001439
tpase_006186	tpase_002255
tpase_006186	tpase_006487
tpase_006186	tpase_002693
tpase_006186	tpase_000954
tpase_006186	tpase_005260
tpase_006186	tpase_004986
tpase_006186	tpase_001085
tpase_006186	tpase_001174
tpase_006186	tpase_005430
tpase_006186	tpase_003064
tpase_006186	tpase_001759
tpase_006186	tpase_006361
tpase_006186	tpase_000014
tpase_006186	tpase_005575
tpase_006186	tpase_003073
tpase_006186	tpase_003097
tpase_006186	tpase_004241
tpase_006186	tpase_002440
tpase_006186	tpase_001920
tpase_006186	tpase_006893
tpase_006186	tpase_004495
tpase_006186	tpase_001454
tpase_006186	tpase_006408
tpase_006186	tpase_003138
tpase_006186	tpase_000361
tpase_006186	tpase_000363
tpase_006186	tpase_001572
tpase_006186	tpase_005429
tpase_006186	tpase_005156
tpase_006186	tpase_003028
tpase_006186	tpase_002479
tpase_006186	tpase_006892
tpase_006186	tpase_005148
tpase_006186	tpase_003971
tpase_006186	tpase_002952
tpase_006186	tpase_002378
tpase_006186	tpase_004262
tpase_006186	tpase_006894
tpase_006186	tpase_006863
tpase_006186	tpase_004492
tpase_006186	tpase_004422
tpase_006186	tpase_000884
tpase_006186	tpase_001705
tpase_006186	tpase_005321
tpase_006186	tpase_004438
tpase_006186	tpase_006089
tpase_006186	tpase_001557
tpase_006186	tpase_004500
tpase_006186	tpase_000358
tpase_006186	tpase_002692
tpase_006186	tpase_001401
tpase_006186	tpase_003303
tpase_006186	tpase_001305
tpase_006186	tpase_000796
tpase_006186	tpase_003067
tpase_006186	tpase_001707
tpase_006186	tpase_006789
tpase_006186	tpase_003069
tpase_006186	tpase_007110
tpase_006186	tpase_004894
tpase_006186	tpase_002695
tpase_006186	tpase_002950
tpase_006186	tpase_004538
tpase_006186	tpase_001261
tpase_006186	tpase_002856
tpase_006186	tpase_001621
tpase_006186	tpase_005169
tpase_006186	tpase_002528
tpase_006186	tpase_005302
tpase_006186	tpase_002857
tpase_006186	tpase_002995
tpase_006186	tpase_002256
tpase_006186	tpase_006860
tpase_006186	tpase_002264
tpase_006186	tpase_003718
tpase_006186	tpase_004342
tpase_006186	tpase_002085
tpase_006186	tpase_000928
tpase_006186	tpase_003844
tpase_006186	tpase_000365
tpase_006186	tpase_005379
tpase_006186	tpase_001373
tpase_006186	tpase_003230
tpase_006186	tpase_000669
tpase_006186	tpase_001834
tpase_006186	tpase_002961
tpase_006186	tpase_000948
tpase_006186	tpase_001378
tpase_006186	tpase_001004
tpase_006186	tpase_002335
tpase_006186	tpase_004809
tpase_006186	tpase_000370
tpase_006186	tpase_006245
tpase_006186	tpase_004539
tpase_006186	tpase_002262
tpase_006186	tpase_004742
tpase_006186	tpase_002656
tpase_006186	tpase_002613
tpase_006186	tpase_000359
tpase_006186	tpase_006156
tpase_006186	tpase_003586
tpase_006186	tpase_002778
tpase_006186	tpase_004023
tpase_006186	tpase_000953
tpase_006186	tpase_000374
tpase_006186	tpase_004751
tpase_006186	tpase_006324
tpase_006186	tpase_003681
tpase_006186	tpase_004010
tpase_006186	tpase_002011
tpase_006186	tpase_003143
tpase_006186	tpase_003060
tpase_006186	tpase_003071
tpase_006186	tpase_002390
tpase_006186	tpase_005501
tpase_006186	tpase_004941
tpase_006186	tpase_002996
tpase_006186	tpase_003476
tpase_006186	tpase_003624
tpase_006186	tpase_005850
tpase_006186	tpase_002820
tpase_006186	tpase_002606
tpase_006186	tpase_004350
tpase_006186	tpase_002060
tpase_006186	tpase_003976
tpase_006186	tpase_003654
tpase_006186	tpase_003220
tpase_006186	tpase_002723
tpase_006186	tpase_002675
tpase_006186	tpase_002278
tpase_006186	tpase_000473
tpase_006186	tpase_006662
tpase_006186	tpase_002220
tpase_006186	tpase_002336
tpase_006186	tpase_001701
tpase_006186	tpase_006819
tpase_006186	tpase_001110
tpase_006186	tpase_002516
tpase_006186	tpase_003139
tpase_006186	tpase_004842
tpase_006186	tpase_006699
tpase_006186	tpase_003124
tpase_006186	tpase_001285
tpase_006186	tpase_002459
tpase_006186	tpase_000806
tpase_006186	tpase_006155
tpase_006186	tpase_003127
tpase_006186	tpase_003142
tpase_006186	tpase_003119
tpase_006186	tpase_001417
tpase_006186	tpase_004140
tpase_006186	tpase_002448
tpase_006186	tpase_005579
tpase_006186	tpase_001088
tpase_006186	tpase_004134
tpase_006186	tpase_001732
tpase_006186	tpase_003843
tpase_006186	tpase_001094
tpase_006186	tpase_000369
tpase_006186	tpase_001452
tpase_006186	tpase_006750
tpase_006186	tpase_002226
tpase_006186	tpase_003569
tpase_006186	tpase_003996
tpase_006186	tpase_003553
tpase_006186	tpase_003799
tpase_006186	tpase_001702
tpase_006186	tpase_001372
tpase_006186	tpase_005451
tpase_006186	tpase_006853
tpase_006186	tpase_002945
tpase_006186	tpase_005977
tpase_006186	tpase_002487
tpase_006186	tpase_003866
tpase_006186	tpase_001391
tpase_006186	tpase_004901
tpase_006186	tpase_006969
tpase_006186	tpase_002261
tpase_006186	tpase_000371
tpase_006186	tpase_006927
tpase_006186	tpase_003510
tpase_006186	tpase_002410
tpase_006186	tpase_001102
tpase_006186	tpase_006090
tpase_006186	tpase_004831
tpase_006186	tpase_002795
tpase_006186	tpase_003647
tpase_006186	tpase_001068
tpase_006186	tpase_006967
tpase_006186	tpase_002481
tpase_006186	tpase_002800
tpase_006186	tpase_006403
tpase_006186	tpase_002999
tpase_006186	tpase_002480
tpase_006186	tpase_001168
tpase_006186	tpase_000947
tpase_006186	tpase_001392
tpase_006186	tpase_004582
tpase_006186	tpase_002694
tpase_006186	tpase_005560
tpase_006186	tpase_004343
tpase_006186	tpase_005320
tpase_006186	tpase_005896
tpase_006186	tpase_001592
tpase_006186	tpase_006862
tpase_006186	tpase_002652
tpase_006186	tpase_001007
tpase_006186	tpase_004832
tpase_006186	tpase_002898
tpase_006186	tpase_001706
tpase_006186	tpase_003433
tpase_006186	tpase_000853
tpase_006186	tpase_004622
tpase_006186	tpase_002426
tpase_006186	tpase_001932
tpase_006186	tpase_001933
tpase_006186	tpase_005133
tpase_006186	tpase_002258
tpase_006186	tpase_004333
tpase_006186	tpase_004540
tpase_006186	tpase_002257
tpase_006186	tpase_004813
tpase_006186	tpase_006417
tpase_006186	tpase_003207
tpase_006186	tpase_000670
tpase_006186	tpase_002959
tpase_006186	tpase_002560
tpase_006186	tpase_004892
tpase_006186	tpase_000372
tpase_006186	tpase_002242
tpase_006186	tpase_006714
tpase_006186	tpase_006274
tpase_006186	tpase_006037
tpase_006186	tpase_004421
tpase_006186	tpase_005436
tpase_006186	tpase_005254
tpase_006186	tpase_003644
tpase_006186	tpase_002658
tpase_006186	tpase_002562
tpase_006186	tpase_004435
tpase_006186	tpase_007080
tpase_006186	tpase_001502
tpase_006186	tpase_006726
tpase_006186	tpase_002259
tpase_006186	tpase_000985
tpase_006186	tpase_000381
tpase_006186	tpase_001686
tpase_006186	tpase_002244
tpase_006186	tpase_004896
tpase_006186	tpase_002664
tpase_006186	tpase_006646
tpase_006186	tpase_003443
tpase_006186	tpase_003700
tpase_006186	tpase_004214
tpase_006186	tpase_001990
tpase_006186	tpase_002614
tpase_006186	tpase_006968
tpase_006186	tpase_006014
tpase_006186	tpase_003806
tpase_006186	tpase_005259
tpase_006186	tpase_003570
tpase_006186	tpase_003128
tpase_006186	tpase_001023
tpase_006186	tpase_004606
tpase_006186	tpase_003550
tpase_006186	tpase_003554
tpase_006186	tpase_001342
tpase_006186	tpase_004890
tpase_006186	tpase_002382
tpase_006186	tpase_000879
tpase_006186	tpase_004677
tpase_006186	tpase_002416
tpase_006186	tpase_003435
tpase_006186	tpase_003568
tpase_006186	tpase_003158
tpase_006186	tpase_003997
tpase_006186	tpase_002997
tpase_006186	tpase_002563
tpase_006186	tpase_000373
tpase_006186	tpase_000383
tpase_006186	tpase_000836
tpase_006186	tpase_001266
tpase_006186	tpase_002243
tpase_006186	tpase_001923
tpase_006186	tpase_004157
tpase_006186	tpase_005478
tpase_006186	tpase_005158
tpase_006186	tpase_005781
tpase_006186	tpase_004344
tpase_006186	tpase_000362
tpase_006186	tpase_002277
tpase_006186	tpase_002944
tpase_006186	tpase_001935
tpase_006186	tpase_000356
tpase_006186	tpase_003645
tpase_006186	tpase_000366
tpase_006186	tpase_006244
tpase_006186	tpase_002082
tpase_006186	tpase_003063
tpase_006186	tpase_004872
tpase_006186	tpase_004770
tpase_006186	tpase_006821
tpase_006186	tpase_002153
tpase_006186	tpase_005556
tpase_006186	tpase_004021
tpase_006186	tpase_004429
tpase_006186	tpase_006463
tpase_006186	tpase_001573
tpase_006186	tpase_002273
tpase_006186	tpase_002438
tpase_006186	tpase_001003
tpase_006186	tpase_006822
tpase_006186	tpase_002000
tpase_006186	tpase_004546
tpase_006186	tpase_000955
tpase_006186	tpase_001574
tpase_006186	tpase_001835
tpase_006186	tpase_001263
tpase_006186	tpase_003427
tpase_006186	tpase_005147
tpase_006186	tpase_003671
tpase_006659	tpase_006658
tpase_006659	tpase_003272
tpase_006659	tpase_006672
tpase_006659	tpase_006671
tpase_006659	tpase_003271
tpase_006659	tpase_006670
tpase_006659	tpase_003270
tpase_006659	tpase_006669
tpase_006659	tpase_006659
tpase_004073	tpase_004368
tpase_004073	tpase_003886
tpase_004073	tpase_005951
tpase_004073	tpase_005223
tpase_004073	tpase_004369
tpase_004073	tpase_006011
tpase_004073	tpase_007085
tpase_004073	tpase_002465
tpase_004073	tpase_002319
tpase_004073	tpase_002577
tpase_004073	tpase_003954
tpase_004073	tpase_005675
tpase_004073	tpase_003830
tpase_004073	tpase_000974
tpase_004073	tpase_006280
tpase_004073	tpase_005800
tpase_004073	tpase_005597
tpase_004073	tpase_003582
tpase_004073	tpase_006888
tpase_004073	tpase_004069
tpase_004073	tpase_004939
tpase_004073	tpase_003953
tpase_004073	tpase_004808
tpase_004073	tpase_002708
tpase_004073	tpase_002615
tpase_004073	tpase_005171
tpase_004073	tpase_004095
tpase_004073	tpase_005947
tpase_004073	tpase_003233
tpase_004073	tpase_007058
tpase_004073	tpase_005804
tpase_004073	tpase_002579
tpase_004073	tpase_001748
tpase_004073	tpase_002466
tpase_004073	tpase_002626
tpase_004073	tpase_002578
tpase_004073	tpase_004886
tpase_004073	tpase_004073
tpase_004073	tpase_006810
tpase_004073	tpase_003803
tpase_004073	tpase_005913
tpase_004073	tpase_004367
tpase_004073	tpase_002576
tpase_004073	tpase_001754
tpase_004073	tpase_005839
tpase_004073	tpase_003831
tpase_004073	tpase_002019
tpase_004073	tpase_007089
tpase_004073	tpase_004375
tpase_004073	tpase_003956
tpase_004073	tpase_005555
tpase_004073	tpase_000226
tpase_004073	tpase_003264
tpase_004073	tpase_005084
tpase_004073	tpase_007088
tpase_004073	tpase_006801
tpase_004073	tpase_004736
tpase_004073	tpase_003222
tpase_004073	tpase_002565
tpase_004073	tpase_005912
tpase_004073	tpase_006867
tpase_004073	tpase_005229
tpase_004073	tpase_005791
tpase_004073	tpase_007082
tpase_004073	tpase_006649
tpase_004073	tpase_005571
tpase_004073	tpase_001888
tpase_004073	tpase_005331
tpase_004073	tpase_005838
tpase_004073	tpase_000903
tpase_004073	tpase_001681
tpase_004073	tpase_006238
tpase_004619	tpase_003747
tpase_004619	tpase_000194
tpase_004619	tpase_004080
tpase_004619	tpase_001819
tpase_004619	tpase_006394
tpase_004619	tpase_002286
tpase_004619	tpase_000336
tpase_004619	tpase_006250
tpase_004619	tpase_000767
tpase_004619	tpase_002814
tpase_004619	tpase_003371
tpase_004619	tpase_000249
tpase_004619	tpase_005277
tpase_004619	tpase_000154
tpase_004619	tpase_002831
tpase_004619	tpase_003170
tpase_004619	tpase_006225
tpase_004619	tpase_006056
tpase_004619	tpase_004995
tpase_004619	tpase_001000
tpase_004619	tpase_005189
tpase_004619	tpase_005007
tpase_004619	tpase_002325
tpase_004619	tpase_006106
tpase_004619	tpase_003473
tpase_004619	tpase_004307
tpase_004619	tpase_006330
tpase_004619	tpase_003738
tpase_004619	tpase_001673
tpase_004619	tpase_005408
tpase_004619	tpase_006377
tpase_004619	tpase_002806
tpase_004619	tpase_004553
tpase_004619	tpase_003009
tpase_004619	tpase_003795
tpase_004619	tpase_006603
tpase_004619	tpase_001204
tpase_004619	tpase_006466
tpase_004619	tpase_003706
tpase_004619	tpase_000146
tpase_004619	tpase_005906
tpase_004619	tpase_000760
tpase_004619	tpase_003239
tpase_004619	tpase_003925
tpase_004619	tpase_003963
tpase_004619	tpase_001615
tpase_004619	tpase_006538
tpase_004619	tpase_000717
tpase_004619	tpase_006544
tpase_004619	tpase_001181
tpase_004619	tpase_003474
tpase_004619	tpase_004086
tpase_004619	tpase_005611
tpase_004619	tpase_000120
tpase_004619	tpase_004575
tpase_004619	tpase_001467
tpase_004619	tpase_000889
tpase_004619	tpase_001240
tpase_004619	tpase_006537
tpase_004619	tpase_006120
tpase_004619	tpase_000101
tpase_004619	tpase_005863
tpase_004619	tpase_006473
tpase_004619	tpase_000548
tpase_004619	tpase_002810
tpase_004619	tpase_006739
tpase_004619	tpase_003308
tpase_004619	tpase_006530
tpase_004619	tpase_006983
tpase_004619	tpase_002846
tpase_004619	tpase_004530
tpase_004619	tpase_006336
tpase_004619	tpase_003721
tpase_004619	tpase_004311
tpase_004619	tpase_003768
tpase_004619	tpase_001556
tpase_004619	tpase_006740
tpase_004619	tpase_001357
tpase_004619	tpase_003086
tpase_004619	tpase_006064
tpase_004619	tpase_005866
tpase_004619	tpase_001065
tpase_004619	tpase_003382
tpase_004619	tpase_004563
tpase_004619	tpase_005564
tpase_004619	tpase_000864
tpase_004619	tpase_002749
tpase_004619	tpase_001526
tpase_004619	tpase_002182
tpase_004619	tpase_001337
tpase_004619	tpase_005505
tpase_004619	tpase_006949
tpase_004619	tpase_003770
tpase_004619	tpase_002741
tpase_004619	tpase_000647
tpase_004619	tpase_003720
tpase_004619	tpase_001941
tpase_004619	tpase_005416
tpase_004619	tpase_000455
tpase_004619	tpase_004145
tpase_004619	tpase_003901
tpase_004619	tpase_006851
tpase_004619	tpase_000485
tpase_004619	tpase_006872
tpase_004619	tpase_004754
tpase_004619	tpase_002628
tpase_004619	tpase_005661
tpase_004619	tpase_006468
tpase_004619	tpase_000644
tpase_004619	tpase_005060
tpase_004619	tpase_002444
tpase_004619	tpase_005178
tpase_004619	tpase_006297
tpase_004619	tpase_001208
tpase_004619	tpase_006908
tpase_004619	tpase_005204
tpase_004619	tpase_000726
tpase_004619	tpase_001610
tpase_004619	tpase_000718
tpase_004619	tpase_005197
tpase_004619	tpase_001351
tpase_004619	tpase_001015
tpase_004619	tpase_000073
tpase_004619	tpase_003256
tpase_004619	tpase_000457
tpase_004619	tpase_006027
tpase_004619	tpase_006438
tpase_004619	tpase_003756
tpase_004619	tpase_006580
tpase_004619	tpase_006018
tpase_004619	tpase_005962
tpase_004619	tpase_003676
tpase_004619	tpase_005523
tpase_004619	tpase_006548
tpase_004619	tpase_000188
tpase_004619	tpase_002832
tpase_004619	tpase_002773
tpase_004619	tpase_001109
tpase_004619	tpase_005339
tpase_004619	tpase_000687
tpase_004619	tpase_005756
tpase_004619	tpase_006249
tpase_004619	tpase_005835
tpase_004619	tpase_002668
tpase_004619	tpase_001581
tpase_004619	tpase_003161
tpase_004619	tpase_004799
tpase_004619	tpase_000793
tpase_004619	tpase_001892
tpase_004619	tpase_005032
tpase_004619	tpase_002935
tpase_004619	tpase_000782
tpase_004619	tpase_005233
tpase_004619	tpase_005201
tpase_004619	tpase_000565
tpase_004619	tpase_007049
tpase_004619	tpase_004271
tpase_004619	tpase_005504
tpase_004619	tpase_006227
tpase_004619	tpase_001053
tpase_004619	tpase_005074
tpase_004619	tpase_001839
tpase_004619	tpase_005270
tpase_004619	tpase_006233
tpase_004619	tpase_005413
tpase_004619	tpase_006132
tpase_004619	tpase_000072
tpase_004619	tpase_001746
tpase_004619	tpase_006039
tpase_004619	tpase_004280
tpase_004619	tpase_006210
tpase_004619	tpase_004722
tpase_004619	tpase_005076
tpase_004619	tpase_001614
tpase_004619	tpase_000031
tpase_004619	tpase_000518
tpase_004619	tpase_001670
tpase_004619	tpase_000750
tpase_004619	tpase_002515
tpase_004619	tpase_005984
tpase_004619	tpase_000612
tpase_004619	tpase_001434
tpase_004619	tpase_000532
tpase_004619	tpase_006081
tpase_004619	tpase_007034
tpase_004619	tpase_000979
tpase_004619	tpase_006119
tpase_004619	tpase_000102
tpase_004619	tpase_000261
tpase_004619	tpase_005314
tpase_004619	tpase_006509
tpase_004619	tpase_007048
tpase_004619	tpase_000059
tpase_004619	tpase_000529
tpase_004619	tpase_004312
tpase_004619	tpase_005689
tpase_004619	tpase_004091
tpase_004619	tpase_000849
tpase_004619	tpase_001797
tpase_004619	tpase_000147
tpase_004619	tpase_001247
tpase_004619	tpase_002845
tpase_004619	tpase_002537
tpase_004619	tpase_005938
tpase_004619	tpase_002912
tpase_004619	tpase_000898
tpase_004619	tpase_006850
tpase_004619	tpase_002817
tpase_004619	tpase_003709
tpase_004619	tpase_006904
tpase_004619	tpase_006986
tpase_004619	tpase_000699
tpase_004619	tpase_005712
tpase_004619	tpase_001524
tpase_004619	tpase_000318
tpase_004619	tpase_001176
tpase_004619	tpase_003813
tpase_004619	tpase_006596
tpase_004619	tpase_001409
tpase_004619	tpase_001901
tpase_004619	tpase_004745
tpase_004619	tpase_004990
tpase_004619	tpase_005431
tpase_004619	tpase_001435
tpase_004619	tpase_003913
tpase_004619	tpase_005824
tpase_004619	tpase_002514
tpase_004619	tpase_005160
tpase_004619	tpase_006554
tpase_004619	tpase_002919
tpase_004619	tpase_002852
tpase_004619	tpase_003257
tpase_004619	tpase_004956
tpase_004619	tpase_006082
tpase_004619	tpase_005865
tpase_004619	tpase_000771
tpase_004619	tpase_002813
tpase_004619	tpase_001206
tpase_004619	tpase_003084
tpase_004619	tpase_003947
tpase_004619	tpase_004089
tpase_004619	tpase_000214
tpase_004619	tpase_005668
tpase_004619	tpase_005892
tpase_004619	tpase_001845
tpase_004619	tpase_004306
tpase_004619	tpase_006568
tpase_004619	tpase_003744
tpase_004619	tpase_000483
tpase_004619	tpase_004991
tpase_004619	tpase_001671
tpase_004619	tpase_000097
tpase_004619	tpase_003928
tpase_004619	tpase_000780
tpase_004619	tpase_003386
tpase_004619	tpase_001870
tpase_004619	tpase_002980
tpase_004619	tpase_002367
tpase_004619	tpase_006016
tpase_004619	tpase_005106
tpase_004619	tpase_007025
tpase_004619	tpase_004231
tpase_004619	tpase_004574
tpase_004619	tpase_002443
tpase_004619	tpase_004796
tpase_004619	tpase_001376
tpase_004619	tpase_005826
tpase_004619	tpase_004968
tpase_004619	tpase_005506
tpase_004619	tpase_005921
tpase_004619	tpase_001038
tpase_004619	tpase_005400
tpase_004619	tpase_004168
tpase_004619	tpase_006108
tpase_004619	tpase_001559
tpase_004619	tpase_006171
tpase_004619	tpase_001067
tpase_004619	tpase_006450
tpase_004619	tpase_000478
tpase_004619	tpase_001790
tpase_004619	tpase_005055
tpase_004619	tpase_003964
tpase_004619	tpase_000199
tpase_004619	tpase_000741
tpase_004619	tpase_002535
tpase_004619	tpase_005553
tpase_004619	tpase_005220
tpase_004619	tpase_006353
tpase_004619	tpase_000491
tpase_004619	tpase_002095
tpase_004619	tpase_001638
tpase_004619	tpase_006929
tpase_004619	tpase_005027
tpase_004619	tpase_006529
tpase_004619	tpase_004476
tpase_004619	tpase_005709
tpase_004619	tpase_002532
tpase_004619	tpase_001090
tpase_004619	tpase_002157
tpase_004619	tpase_004642
tpase_004619	tpase_003408
tpase_004619	tpase_000650
tpase_004619	tpase_006058
tpase_004619	tpase_004170
tpase_004619	tpase_003297
tpase_004619	tpase_001310
tpase_004619	tpase_006269
tpase_004619	tpase_001763
tpase_004619	tpase_003694
tpase_004619	tpase_004914
tpase_004619	tpase_003310
tpase_004619	tpase_006980
tpase_004619	tpase_001135
tpase_004619	tpase_005491
tpase_004619	tpase_006078
tpase_004619	tpase_003760
tpase_004619	tpase_006545
tpase_004619	tpase_004115
tpase_004619	tpase_002818
tpase_004619	tpase_000253
tpase_004619	tpase_006206
tpase_004619	tpase_005768
tpase_004619	tpase_005342
tpase_004619	tpase_005340
tpase_004619	tpase_004628
tpase_004619	tpase_003080
tpase_004619	tpase_002360
tpase_004619	tpase_004957
tpase_004619	tpase_001803
tpase_004619	tpase_000139
tpase_004619	tpase_004573
tpase_004619	tpase_003754
tpase_004619	tpase_000323
tpase_004619	tpase_000387
tpase_004619	tpase_000112
tpase_004619	tpase_004912
tpase_004619	tpase_006359
tpase_004619	tpase_004649
tpase_004619	tpase_006925
tpase_004619	tpase_002811
tpase_004619	tpase_002907
tpase_004619	tpase_003960
tpase_004619	tpase_005904
tpase_004619	tpase_005716
tpase_004619	tpase_005279
tpase_004619	tpase_002827
tpase_004619	tpase_000731
tpase_004619	tpase_000115
tpase_004619	tpase_002920
tpase_004619	tpase_006484
tpase_004619	tpase_001605
tpase_004619	tpase_001883
tpase_004619	tpase_000781
tpase_004619	tpase_004212
tpase_004619	tpase_003381
tpase_004619	tpase_002848
tpase_004619	tpase_003316
tpase_004619	tpase_006905
tpase_004619	tpase_001367
tpase_004619	tpase_001786
tpase_004619	tpase_003660
tpase_004619	tpase_006490
tpase_004619	tpase_004639
tpase_004619	tpase_003812
tpase_004619	tpase_005857
tpase_004619	tpase_003993
tpase_004619	tpase_001791
tpase_004619	tpase_002392
tpase_004619	tpase_006043
tpase_004619	tpase_006553
tpase_004619	tpase_003288
tpase_004619	tpase_002087
tpase_004619	tpase_005713
tpase_004619	tpase_003965
tpase_004619	tpase_002494
tpase_004619	tpase_000477
tpase_004619	tpase_003979
tpase_004619	tpase_000761
tpase_004619	tpase_004759
tpase_004619	tpase_001617
tpase_004619	tpase_006109
tpase_004619	tpase_005341
tpase_004619	tpase_000994
tpase_004619	tpase_002167
tpase_004619	tpase_004090
tpase_004619	tpase_001838
tpase_004619	tpase_002330
tpase_004619	tpase_002482
tpase_004619	tpase_001878
tpase_004619	tpase_001894
tpase_004619	tpase_007078
tpase_004619	tpase_003949
tpase_004619	tpase_002429
tpase_004619	tpase_000209
tpase_004619	tpase_001656
tpase_004619	tpase_006451
tpase_004619	tpase_002854
tpase_004619	tpase_007041
tpase_004619	tpase_005475
tpase_004619	tpase_001762
tpase_004619	tpase_005082
tpase_004619	tpase_000578
tpase_004619	tpase_002422
tpase_004619	tpase_007099
tpase_004619	tpase_003385
tpase_004619	tpase_001054
tpase_004619	tpase_005152
tpase_004619	tpase_003659
tpase_004619	tpase_005117
tpase_004619	tpase_006380
tpase_004619	tpase_006511
tpase_004619	tpase_001535
tpase_004619	tpase_006270
tpase_004619	tpase_000401
tpase_004619	tpase_002805
tpase_004619	tpase_004637
tpase_004619	tpase_005191
tpase_004619	tpase_002327
tpase_004619	tpase_003977
tpase_004619	tpase_006243
tpase_004619	tpase_004797
tpase_004619	tpase_000320
tpase_004619	tpase_001207
tpase_004619	tpase_003219
tpase_004619	tpase_006741
tpase_004619	tpase_005313
tpase_004619	tpase_002283
tpase_004619	tpase_006332
tpase_004619	tpase_006129
tpase_004619	tpase_002812
tpase_004619	tpase_006510
tpase_004619	tpase_001584
tpase_004619	tpase_002923
tpase_004619	tpase_006412
tpase_004619	tpase_006621
tpase_004619	tpase_005763
tpase_004619	tpase_001951
tpase_004619	tpase_001091
tpase_004619	tpase_006080
tpase_004619	tpase_001943
tpase_004619	tpase_005777
tpase_004619	tpase_005219
tpase_004619	tpase_000058
tpase_004619	tpase_001252
tpase_004619	tpase_001458
tpase_004619	tpase_002719
tpase_004619	tpase_001414
tpase_004619	tpase_007055
tpase_004619	tpase_001642
tpase_004619	tpase_002925
tpase_004619	tpase_004719
tpase_004619	tpase_000847
tpase_004619	tpase_002963
tpase_004619	tpase_003968
tpase_004619	tpase_001801
tpase_004619	tpase_004658
tpase_004619	tpase_002833
tpase_004619	tpase_005324
tpase_004619	tpase_006632
tpase_004619	tpase_000247
tpase_004619	tpase_006542
tpase_004619	tpase_003030
tpase_004619	tpase_005306
tpase_004619	tpase_002275
tpase_004619	tpase_005870
tpase_004619	tpase_001172
tpase_004619	tpase_000025
tpase_004619	tpase_007023
tpase_004619	tpase_001311
tpase_004619	tpase_006174
tpase_004619	tpase_004978
tpase_004619	tpase_005864
tpase_004619	tpase_001341
tpase_004619	tpase_000093
tpase_004619	tpase_004088
tpase_004619	tpase_004082
tpase_004619	tpase_005551
tpase_004619	tpase_003962
tpase_004619	tpase_001438
tpase_004619	tpase_003163
tpase_004619	tpase_000190
tpase_004619	tpase_001355
tpase_004619	tpase_003193
tpase_004619	tpase_005477
tpase_004619	tpase_000531
tpase_004619	tpase_007112
tpase_004619	tpase_004079
tpase_004619	tpase_001555
tpase_004619	tpase_003534
tpase_004619	tpase_003927
tpase_004619	tpase_000774
tpase_004619	tpase_001179
tpase_004619	tpase_001012
tpase_004619	tpase_005566
tpase_004619	tpase_005927
tpase_004619	tpase_004550
tpase_004619	tpase_001851
tpase_004619	tpase_000496
tpase_004619	tpase_003757
tpase_004619	tpase_006124
tpase_004619	tpase_004171
tpase_004619	tpase_006131
tpase_004619	tpase_006565
tpase_004619	tpase_000100
tpase_004619	tpase_001607
tpase_004619	tpase_004176
tpase_004619	tpase_005402
tpase_004619	tpase_002365
tpase_004619	tpase_004979
tpase_004619	tpase_002911
tpase_004619	tpase_006207
tpase_004619	tpase_000036
tpase_004619	tpase_004636
tpase_004619	tpase_003415
tpase_004619	tpase_003029
tpase_004619	tpase_000138
tpase_004619	tpase_001182
tpase_004619	tpase_000195
tpase_004619	tpase_003704
tpase_004619	tpase_002964
tpase_004619	tpase_006364
tpase_004619	tpase_005828
tpase_004619	tpase_004635
tpase_004619	tpase_001947
tpase_004619	tpase_004733
tpase_004619	tpase_002610
tpase_004619	tpase_001832
tpase_004619	tpase_001636
tpase_004619	tpase_007093
tpase_004619	tpase_003922
tpase_004619	tpase_001582
tpase_004619	tpase_001203
tpase_004619	tpase_004965
tpase_004619	tpase_000514
tpase_004619	tpase_002784
tpase_004619	tpase_007033
tpase_004619	tpase_003152
tpase_004619	tpase_005415
tpase_004619	tpase_003945
tpase_004619	tpase_005508
tpase_004619	tpase_005737
tpase_004619	tpase_004619
tpase_004619	tpase_006909
tpase_004619	tpase_007039
tpase_004619	tpase_004165
tpase_004619	tpase_005046
tpase_004619	tpase_001242
tpase_004619	tpase_004758
tpase_004619	tpase_000266
tpase_004619	tpase_000213
tpase_004619	tpase_001412
tpase_004619	tpase_001353
tpase_004619	tpase_006979
tpase_004619	tpase_005672
tpase_004619	tpase_002587
tpase_004619	tpase_005893
tpase_004619	tpase_000029
tpase_004619	tpase_001652
tpase_004619	tpase_000689
tpase_004619	tpase_003809
tpase_004619	tpase_002742
tpase_004619	tpase_004230
tpase_004619	tpase_000724
tpase_004619	tpase_006566
tpase_004619	tpase_000576
tpase_004619	tpase_006203
tpase_004619	tpase_001585
tpase_004619	tpase_003711
tpase_004619	tpase_002326
tpase_004619	tpase_001959
tpase_004619	tpase_004169
tpase_004619	tpase_007079
tpase_004619	tpase_004441
tpase_004619	tpase_006539
tpase_004619	tpase_001830
tpase_004619	tpase_003410
tpase_004619	tpase_003781
tpase_004619	tpase_006173
tpase_004619	tpase_004926
tpase_004619	tpase_006481
tpase_004619	tpase_006063
tpase_004619	tpase_001902
tpase_004619	tpase_001074
tpase_004619	tpase_000794
tpase_004619	tpase_004279
tpase_004619	tpase_001089
tpase_004619	tpase_005177
tpase_004619	tpase_004182
tpase_004619	tpase_006639
tpase_004619	tpase_004184
tpase_004619	tpase_002621
tpase_004619	tpase_005845
tpase_004619	tpase_006139
tpase_004619	tpase_002287
tpase_004619	tpase_006467
tpase_004619	tpase_004650
tpase_004619	tpase_004554
tpase_004619	tpase_002786
tpase_004619	tpase_007106
tpase_004619	tpase_004989
tpase_004619	tpase_003722
tpase_004619	tpase_003024
tpase_004619	tpase_001629
tpase_004619	tpase_000400
tpase_004619	tpase_004994
tpase_004619	tpase_000155
tpase_004619	tpase_003017
tpase_004619	tpase_000981
tpase_004619	tpase_002623
tpase_004619	tpase_005808
tpase_004619	tpase_002866
tpase_004619	tpase_000481
tpase_004619	tpase_000264
tpase_004619	tpase_002787
tpase_004619	tpase_004174
tpase_004619	tpase_004442
tpase_004619	tpase_006110
tpase_004619	tpase_003296
tpase_004619	tpase_005550
tpase_004619	tpase_002717
tpase_004619	tpase_003237
tpase_004619	tpase_007029
tpase_004619	tpase_003388
tpase_004619	tpase_001371
tpase_004619	tpase_003708
tpase_004619	tpase_006921
tpase_004619	tpase_000117
tpase_004619	tpase_002366
tpase_004619	tpase_000338
tpase_004619	tpase_006138
tpase_004619	tpase_001820
tpase_004619	tpase_006444
tpase_004619	tpase_005769
tpase_004619	tpase_001867
tpase_004619	tpase_007036
tpase_004619	tpase_002716
tpase_004619	tpase_005528
tpase_004619	tpase_003115
tpase_004619	tpase_004313
tpase_004619	tpase_000151
tpase_004619	tpase_006285
tpase_004619	tpase_001330
tpase_004619	tpase_000465
tpase_004619	tpase_002534
tpase_004619	tpase_003368
tpase_004619	tpase_002282
tpase_004619	tpase_001369
tpase_004619	tpase_007114
tpase_004619	tpase_007035
tpase_004619	tpase_006873
tpase_004619	tpase_003145
tpase_004619	tpase_002430
tpase_004619	tpase_002771
tpase_004619	tpase_005659
tpase_004619	tpase_006393
tpase_004619	tpase_006202
tpase_004619	tpase_004627
tpase_004619	tpase_004985
tpase_004619	tpase_006201
tpase_004619	tpase_004801
tpase_004619	tpase_001250
tpase_004619	tpase_004970
tpase_004619	tpase_006387
tpase_004619	tpase_001010
tpase_004619	tpase_006479
tpase_004619	tpase_003255
tpase_004619	tpase_001410
tpase_004619	tpase_006136
tpase_004619	tpase_000890
tpase_004619	tpase_001358
tpase_004619	tpase_000210
tpase_004619	tpase_006602
tpase_004619	tpase_006560
tpase_004619	tpase_001789
tpase_004619	tpase_000899
tpase_004619	tpase_005237
tpase_004619	tpase_005187
tpase_004619	tpase_002607
tpase_004619	tpase_004175
tpase_004619	tpase_003695
tpase_004619	tpase_003148
tpase_004619	tpase_001579
tpase_004619	tpase_001949
tpase_004619	tpase_001249
tpase_004619	tpase_004560
tpase_004619	tpase_000715
tpase_004619	tpase_003785
tpase_004619	tpase_006507
tpase_004619	tpase_003022
tpase_004619	tpase_005234
tpase_004619	tpase_000828
tpase_004619	tpase_002052
tpase_004619	tpase_001413
tpase_004619	tpase_005185
tpase_004619	tpase_006024
tpase_004619	tpase_001993
tpase_004619	tpase_005325
tpase_004619	tpase_006319
tpase_004619	tpase_005081
tpase_004619	tpase_002110
tpase_004619	tpase_004806
tpase_004619	tpase_002769
tpase_004619	tpase_004521
tpase_004619	tpase_002636
tpase_004619	tpase_001964
tpase_004619	tpase_005890
tpase_004619	tpase_001893
tpase_004619	tpase_001885
tpase_004619	tpase_005067
tpase_004619	tpase_003036
tpase_004619	tpase_006278
tpase_004619	tpase_000165
tpase_004619	tpase_005928
tpase_004619	tpase_006917
tpase_004619	tpase_004443
tpase_004619	tpase_002774
tpase_004619	tpase_003094
tpase_004619	tpase_004185
tpase_004619	tpase_001805
tpase_004619	tpase_001818
tpase_004619	tpase_005638
tpase_004619	tpase_001586
tpase_004619	tpase_005758
tpase_004619	tpase_001170
tpase_004619	tpase_004498
tpase_004619	tpase_004101
tpase_004619	tpase_001884
tpase_004619	tpase_000055
tpase_004619	tpase_006552
tpase_004619	tpase_000252
tpase_004619	tpase_003961
tpase_004619	tpase_000192
tpase_004619	tpase_000646
tpase_004619	tpase_000740
tpase_004619	tpase_005062
tpase_004619	tpase_006135
tpase_004619	tpase_006375
tpase_004619	tpase_006440
tpase_004619	tpase_004387
tpase_004619	tpase_000470
tpase_004619	tpase_002802
tpase_004619	tpase_000719
tpase_004619	tpase_004391
tpase_004619	tpase_001198
tpase_004619	tpase_003387
tpase_004619	tpase_006629
tpase_004619	tpase_001928
tpase_004619	tpase_005650
tpase_004619	tpase_000610
tpase_004619	tpase_000211
tpase_004619	tpase_002915
tpase_004619	tpase_006045
tpase_004619	tpase_005066
tpase_004619	tpase_001785
tpase_004619	tpase_006572
tpase_004619	tpase_006197
tpase_004619	tpase_001822
tpase_004619	tpase_002627
tpase_004619	tpase_005554
tpase_004619	tpase_006172
tpase_004619	tpase_000709
tpase_004619	tpase_001927
tpase_004619	tpase_006469
tpase_004619	tpase_001891
tpase_004619	tpase_004249
tpase_004619	tpase_003725
tpase_004619	tpase_002513
tpase_004619	tpase_003389
tpase_004619	tpase_005515
tpase_004619	tpase_001868
tpase_004619	tpase_005075
tpase_004619	tpase_000064
tpase_004619	tpase_005271
tpase_004619	tpase_002828
tpase_004619	tpase_002914
tpase_004619	tpase_004644
tpase_004619	tpase_000999
tpase_004619	tpase_004557
tpase_004619	tpase_002047
tpase_004619	tpase_001537
tpase_004619	tpase_005588
tpase_004619	tpase_003218
tpase_004619	tpase_004083
tpase_004619	tpase_004624
tpase_004619	tpase_001995
tpase_004619	tpase_005930
tpase_004619	tpase_005926
tpase_004619	tpase_001131
tpase_004619	tpase_006176
tpase_004619	tpase_000749
tpase_004619	tpase_003740
tpase_004619	tpase_000111
tpase_004619	tpase_002108
tpase_004619	tpase_004626
tpase_004619	tpase_001668
tpase_004619	tpase_002048
tpase_004619	tpase_006328
tpase_004619	tpase_000830
tpase_004619	tpase_005775
tpase_004619	tpase_000145
tpase_004619	tpase_006163
tpase_004619	tpase_005114
tpase_004619	tpase_004444
tpase_004619	tpase_000197
tpase_004619	tpase_003780
tpase_004619	tpase_001654
tpase_004619	tpase_002835
tpase_004619	tpase_006455
tpase_004619	tpase_001942
tpase_004619	tpase_005793
tpase_004619	tpase_002533
tpase_004619	tpase_003783
tpase_004619	tpase_001066
tpase_004619	tpase_003755
tpase_004619	tpase_006907
tpase_004619	tpase_001950
tpase_004619	tpase_001608
tpase_004619	tpase_002867
tpase_004619	tpase_006978
tpase_004619	tpase_000769
tpase_004619	tpase_005985
tpase_004619	tpase_001254
tpase_004619	tpase_004923
tpase_004619	tpase_001639
tpase_004619	tpase_000772
tpase_004619	tpase_002861
tpase_004619	tpase_000693
tpase_004619	tpase_007013
tpase_004619	tpase_002992
tpase_004619	tpase_000723
tpase_004619	tpase_007105
tpase_004619	tpase_004913
tpase_004619	tpase_003023
tpase_004619	tpase_000649
tpase_004619	tpase_006622
tpase_004619	tpase_004559
tpase_004619	tpase_005686
tpase_004619	tpase_000865
tpase_004619	tpase_006578
tpase_004619	tpase_004180
tpase_004619	tpase_000183
tpase_004619	tpase_006564
tpase_004619	tpase_003923
tpase_004619	tpase_004328
tpase_004619	tpase_000739
tpase_004619	tpase_004993
tpase_004619	tpase_000848
tpase_004619	tpase_002588
tpase_004619	tpase_006541
tpase_004619	tpase_005946
tpase_004619	tpase_002630
tpase_004619	tpase_006368
tpase_004619	tpase_004643
tpase_004619	tpase_002096
tpase_004619	tpase_002015
tpase_004619	tpase_000262
tpase_004619	tpase_000467
tpase_004619	tpase_005736
tpase_004619	tpase_001669
tpase_004619	tpase_002013
tpase_004619	tpase_000645
tpase_004619	tpase_000564
tpase_004619	tpase_003948
tpase_004619	tpase_000156
tpase_004619	tpase_004755
tpase_004619	tpase_006694
tpase_004619	tpase_006471
tpase_004619	tpase_005407
tpase_004619	tpase_003169
tpase_004619	tpase_005207
tpase_004619	tpase_005199
tpase_004619	tpase_006065
tpase_004619	tpase_003859
tpase_004619	tpase_003225
tpase_004619	tpase_003369
tpase_004619	tpase_006100
tpase_004619	tpase_004522
tpase_004619	tpase_002918
tpase_004619	tpase_003008
tpase_004619	tpase_000577
tpase_004619	tpase_007053
tpase_004619	tpase_006133
tpase_004619	tpase_001823
tpase_004619	tpase_006569
tpase_004619	tpase_002913
tpase_004619	tpase_001850
tpase_004619	tpase_000067
tpase_004619	tpase_002500
tpase_004619	tpase_006777
tpase_004619	tpase_003372
tpase_004619	tpase_004969
tpase_004619	tpase_002803
tpase_004619	tpase_001611
tpase_004619	tpase_001771
tpase_004619	tpase_003661
tpase_004619	tpase_000479
tpase_004619	tpase_006337
tpase_004619	tpase_001900
tpase_004619	tpase_005127
tpase_004619	tpase_001653
tpase_004619	tpase_000062
tpase_004619	tpase_001770
tpase_004619	tpase_002086
tpase_004619	tpase_003287
tpase_004619	tpase_001877
tpase_004619	tpase_001846
tpase_004619	tpase_000759
tpase_004619	tpase_005235
tpase_004619	tpase_002329
tpase_004619	tpase_006028
tpase_004619	tpase_000748
tpase_004619	tpase_000098
tpase_004619	tpase_000116
tpase_004619	tpase_001796
tpase_004619	tpase_003794
tpase_004619	tpase_003759
tpase_004619	tpase_004552
tpase_004619	tpase_003970
tpase_004619	tpase_003536
tpase_004619	tpase_005923
tpase_004619	tpase_001603
tpase_004619	tpase_006044
tpase_004619	tpase_006480
tpase_004619	tpase_001981
tpase_004619	tpase_004662
tpase_004619	tpase_000484
tpase_004619	tpase_002908
tpase_004619	tpase_006105
tpase_004619	tpase_006418
tpase_004619	tpase_000688
tpase_004619	tpase_005002
tpase_004619	tpase_004528
tpase_004619	tpase_002175
tpase_004619	tpase_000184
tpase_004619	tpase_003829
tpase_004619	tpase_006277
tpase_004619	tpase_000324
tpase_004619	tpase_005922
tpase_004619	tpase_001881
tpase_004619	tpase_001866
tpase_004619	tpase_005520
tpase_004619	tpase_006918
tpase_004619	tpase_000602
tpase_004619	tpase_000692
tpase_004619	tpase_005809
tpase_004619	tpase_006068
tpase_004619	tpase_004638
tpase_004619	tpase_006298
tpase_004619	tpase_006931
tpase_004619	tpase_005690
tpase_004619	tpase_001255
tpase_004619	tpase_006411
tpase_004619	tpase_002212
tpase_004619	tpase_001898
tpase_004619	tpase_005433
tpase_004619	tpase_006355
tpase_004619	tpase_003390
tpase_004619	tpase_006951
tpase_004619	tpase_005161
tpase_004619	tpase_005733
tpase_004619	tpase_004984
tpase_004619	tpase_003810
tpase_004619	tpase_005833
tpase_004619	tpase_006525
tpase_004619	tpase_000690
tpase_004619	tpase_005113
tpase_004619	tpase_002536
tpase_004619	tpase_005129
tpase_004619	tpase_001958
tpase_004619	tpase_006382
tpase_004619	tpase_005051
tpase_004619	tpase_001108
tpase_004619	tpase_006874
tpase_004619	tpase_006526
tpase_004619	tpase_006900
tpase_004619	tpase_006226
tpase_004619	tpase_006211
tpase_004619	tpase_004749
tpase_004619	tpase_002979
tpase_004619	tpase_002783
tpase_004619	tpase_005872
tpase_004619	tpase_005014
tpase_004619	tpase_000497
tpase_004619	tpase_002720
tpase_004619	tpase_000385
tpase_004619	tpase_004915
tpase_004619	tpase_000231
tpase_004619	tpase_003007
tpase_004619	tpase_005535
tpase_004619	tpase_004084
tpase_004619	tpase_000776
tpase_004619	tpase_002420
tpase_004619	tpase_003018
tpase_004619	tpase_000113
tpase_004619	tpase_002932
tpase_004619	tpase_000975
tpase_004619	tpase_006287
tpase_004619	tpase_003909
tpase_004619	tpase_005691
tpase_004619	tpase_003892
tpase_004619	tpase_003705
tpase_004619	tpase_007076
tpase_004619	tpase_005047
tpase_004619	tpase_003814
tpase_004619	tpase_004081
tpase_004619	tpase_005418
tpase_004619	tpase_000232
tpase_004619	tpase_004523
tpase_004619	tpase_005858
tpase_004619	tpase_005945
tpase_004619	tpase_002442
tpase_004619	tpase_001437
tpase_004619	tpase_000998
tpase_004619	tpase_002804
tpase_004619	tpase_002885
tpase_004619	tpase_000840
tpase_004619	tpase_001634
tpase_004619	tpase_006198
tpase_004619	tpase_005710
tpase_004619	tpase_001377
tpase_004619	tpase_006557
tpase_004619	tpase_002978
tpase_004619	tpase_005054
tpase_004619	tpase_001177
tpase_004619	tpase_006121
tpase_004619	tpase_006922
tpase_004619	tpase_005924
tpase_004619	tpase_005536
tpase_004619	tpase_001890
tpase_004619	tpase_000099
tpase_004619	tpase_003784
tpase_004619	tpase_002780
tpase_004619	tpase_002840
tpase_004619	tpase_001871
tpase_004619	tpase_001616
tpase_004619	tpase_005932
tpase_004619	tpase_004924
tpase_004619	tpase_002016
tpase_004619	tpase_006374
tpase_004619	tpase_001640
tpase_004619	tpase_003878
tpase_004619	tpase_000035
tpase_004619	tpase_007019
tpase_004619	tpase_005537
tpase_004619	tpase_006276
tpase_004619	tpase_005762
tpase_004619	tpase_001072
tpase_004619	tpase_005552
tpase_004619	tpase_001228
tpase_004619	tpase_006363
tpase_004619	tpase_004499
tpase_004619	tpase_004267
tpase_004619	tpase_003782
tpase_004619	tpase_005735
tpase_004619	tpase_005116
tpase_004619	tpase_000114
tpase_004619	tpase_006839
tpase_004619	tpase_001134
tpase_004619	tpase_003911
tpase_004619	tpase_000784
tpase_004619	tpase_005917
tpase_004619	tpase_004181
tpase_004619	tpase_005422
tpase_004619	tpase_003406
tpase_004619	tpase_002156
tpase_004619	tpase_003299
tpase_004619	tpase_000246
tpase_004619	tpase_000779
tpase_004619	tpase_000639
tpase_004619	tpase_004623
tpase_004619	tpase_002284
tpase_004619	tpase_001578
tpase_004619	tpase_000992
tpase_004619	tpase_007038
tpase_004619	tpase_000533
tpase_004619	tpase_000829
tpase_004619	tpase_007095
tpase_004619	tpase_006358
tpase_004619	tpase_006486
tpase_004619	tpase_000528
tpase_004619	tpase_007056
tpase_004619	tpase_000846
tpase_004619	tpase_004323
tpase_004619	tpase_002210
tpase_004619	tpase_002017
tpase_004619	tpase_002036
tpase_004619	tpase_002181
tpase_004619	tpase_006208
tpase_004619	tpase_002850
tpase_004619	tpase_005056
tpase_004619	tpase_000997
tpase_004619	tpase_000060
tpase_004619	tpase_000322
tpase_004619	tpase_002635
tpase_004619	tpase_005699
tpase_004619	tpase_001660
tpase_004619	tpase_002359
tpase_004619	tpase_001469
tpase_004619	tpase_005423
tpase_004619	tpase_002038
tpase_004619	tpase_001831
tpase_004619	tpase_004250
tpase_004619	tpase_000513
tpase_004619	tpase_006984
tpase_004619	tpase_005006
tpase_004619	tpase_000034
tpase_004619	tpase_006485
tpase_004619	tpase_004756
tpase_004619	tpase_004265
tpase_004619	tpase_006196
tpase_004619	tpase_003946
tpase_004619	tpase_005221
tpase_004619	tpase_000818
tpase_004619	tpase_000212
tpase_004619	tpase_003081
tpase_004619	tpase_000851
tpase_004619	tpase_005639
tpase_004619	tpase_001331
tpase_004619	tpase_006906
tpase_004619	tpase_003095
tpase_004619	tpase_006286
tpase_004619	tpase_000179
tpase_004619	tpase_006026
tpase_004619	tpase_002586
tpase_004619	tpase_000530
tpase_004619	tpase_003392
tpase_004619	tpase_002361
tpase_004619	tpase_004210
tpase_004619	tpase_004746
tpase_004619	tpase_007031
tpase_004619	tpase_002168
tpase_004619	tpase_003155
tpase_004619	tpase_003739
tpase_004619	tpase_000537
tpase_004619	tpase_004112
tpase_004619	tpase_005013
tpase_004619	tpase_002328
tpase_004619	tpase_003893
tpase_004619	tpase_001965
tpase_004619	tpase_002718
tpase_004619	tpase_002285
tpase_004619	tpase_006470
tpase_004619	tpase_001772
tpase_004619	tpase_006633
tpase_004619	tpase_002629
tpase_004619	tpase_000700
tpase_004619	tpase_006164
tpase_004619	tpase_001194
tpase_004619	tpase_002879
tpase_004619	tpase_005524
tpase_004619	tpase_003226
tpase_004619	tpase_003912
tpase_004619	tpase_003034
tpase_004619	tpase_006551
tpase_004619	tpase_005522
tpase_004619	tpase_002671
tpase_004619	tpase_000519
tpase_004619	tpase_006524
tpase_004619	tpase_000180
tpase_004619	tpase_002965
tpase_004619	tpase_007061
tpase_004619	tpase_001869
tpase_004619	tpase_006692
tpase_004619	tpase_001329
tpase_004619	tpase_001356
tpase_004619	tpase_006634
tpase_004619	tpase_005666
tpase_004619	tpase_004269
tpase_004619	tpase_005382
tpase_004619	tpase_001924
tpase_004619	tpase_001675
tpase_004619	tpase_005246
tpase_004619	tpase_004807
tpase_004619	tpase_001525
tpase_004619	tpase_005711
tpase_004619	tpase_005667
tpase_004619	tpase_001907
tpase_004619	tpase_000490
tpase_004619	tpase_003769
tpase_004619	tpase_001631
tpase_004619	tpase_003035
tpase_004619	tpase_001882
tpase_004619	tpase_002847
tpase_004619	tpase_005029
tpase_004619	tpase_003924
tpase_004619	tpase_000142
tpase_004619	tpase_000710
tpase_004619	tpase_001657
tpase_004619	tpase_004233
tpase_004619	tpase_002634
tpase_004619	tpase_000065
tpase_004619	tpase_005671
tpase_004619	tpase_001039
tpase_004619	tpase_000480
tpase_004619	tpase_001013
tpase_004619	tpase_005937
tpase_004619	tpase_005315
tpase_004619	tpase_001667
tpase_004619	tpase_001021
tpase_004619	tpase_000337
tpase_004619	tpase_003693
tpase_004619	tpase_001368
tpase_004619	tpase_002781
tpase_004619	tpase_005028
tpase_004619	tpase_006419
tpase_004619	tpase_002801
tpase_004619	tpase_001788
tpase_004619	tpase_000074
tpase_004619	tpase_004734
tpase_004619	tpase_004600
tpase_004619	tpase_002637
tpase_004619	tpase_006491
tpase_004619	tpase_002088
tpase_004619	tpase_006720
tpase_004619	tpase_000897
tpase_004619	tpase_005503
tpase_004619	tpase_006838
tpase_004619	tpase_002109
tpase_004619	tpase_006528
tpase_004619	tpase_002609
tpase_004619	tpase_005525
tpase_004619	tpase_003535
tpase_004619	tpase_002884
tpase_004619	tpase_003861
tpase_004619	tpase_001876
tpase_004619	tpase_003907
tpase_004619	tpase_006884
tpase_004619	tpase_004099
tpase_004619	tpase_001751
tpase_004619	tpase_004916
tpase_004619	tpase_004561
tpase_004619	tpase_000243
tpase_004619	tpase_002484
tpase_004619	tpase_004270
tpase_004619	tpase_001745
tpase_004619	tpase_000888
tpase_004619	tpase_006370
tpase_004619	tpase_006229
tpase_004619	tpase_005825
tpase_004619	tpase_003546
tpase_004619	tpase_005381
tpase_004619	tpase_000265
tpase_004619	tpase_003879
tpase_004619	tpase_002976
tpase_004619	tpase_002094
tpase_004619	tpase_006383
tpase_004619	tpase_003919
tpase_004619	tpase_006698
tpase_004619	tpase_006472
tpase_004619	tpase_006559
tpase_004619	tpase_003662
tpase_004619	tpase_003407
tpase_004619	tpase_003741
tpase_004619	tpase_006369
tpase_004619	tpase_004166
tpase_004619	tpase_005245
tpase_004619	tpase_000316
tpase_004619	tpase_002834
tpase_004619	tpase_000711
tpase_004619	tpase_001229
tpase_004619	tpase_005278
tpase_004619	tpase_001946
tpase_004619	tpase_001800
tpase_004619	tpase_005794
tpase_004619	tpase_005507
tpase_004619	tpase_000751
tpase_004619	tpase_000094
tpase_004619	tpase_005031
tpase_004619	tpase_004266
tpase_004619	tpase_002981
tpase_004619	tpase_002779
tpase_004619	tpase_000319
tpase_004619	tpase_006555
tpase_004619	tpase_003918
tpase_004619	tpase_000804
tpase_004619	tpase_001619
tpase_004619	tpase_001952
tpase_004619	tpase_001436
tpase_004619	tpase_006930
tpase_004619	tpase_002029
tpase_004619	tpase_001320
tpase_004619	tpase_005925
tpase_004619	tpase_005868
tpase_004619	tpase_001889
tpase_004619	tpase_000716
tpase_004619	tpase_005774
tpase_004619	tpase_000863
tpase_004619	tpase_000469
tpase_004619	tpase_006456
tpase_004619	tpase_001359
tpase_004619	tpase_001849
tpase_004619	tpase_002750
tpase_004619	tpase_003367
tpase_004619	tpase_003243
tpase_004619	tpase_003666
tpase_004619	tpase_007017
tpase_004619	tpase_001649
tpase_004619	tpase_006242
tpase_004619	tpase_002037
tpase_004619	tpase_005068
tpase_004619	tpase_000024
tpase_004619	tpase_000466
tpase_004619	tpase_006923
tpase_004619	tpase_006271
tpase_004619	tpase_001230
tpase_004619	tpase_003405
tpase_004619	tpase_002027
tpase_004619	tpase_002612
tpase_004619	tpase_005003
tpase_004619	tpase_003811
tpase_004619	tpase_006489
tpase_004619	tpase_003298
tpase_004619	tpase_007040
tpase_004619	tpase_004286
tpase_004619	tpase_004555
tpase_004619	tpase_005717
tpase_004619	tpase_007060
tpase_004619	tpase_002158
tpase_004619	tpase_003860
tpase_004619	tpase_001335
tpase_004619	tpase_001309
tpase_004619	tpase_000611
tpase_004619	tpase_007027
tpase_004619	tpase_001651
tpase_004619	tpase_000730
tpase_004619	tpase_006040
tpase_004619	tpase_005318
tpase_004619	tpase_003917
tpase_004619	tpase_004329
tpase_004619	tpase_007037
tpase_004619	tpase_001569
tpase_004619	tpase_005476
tpase_004619	tpase_006023
tpase_004619	tpase_001408
tpase_004619	tpase_006083
tpase_004619	tpase_003978
tpase_004619	tpase_000191
tpase_004619	tpase_000515
tpase_004619	tpase_000856
tpase_004619	tpase_000063
tpase_004619	tpase_002050
tpase_004619	tpase_000868
tpase_004619	tpase_000475
tpase_004619	tpase_001821
tpase_004619	tpase_005236
tpase_004619	tpase_000152
tpase_004619	tpase_003146
tpase_004619	tpase_006540
tpase_004619	tpase_001857
tpase_004619	tpase_000838
tpase_004619	tpase_000854
tpase_004619	tpase_006248
tpase_004619	tpase_004647
tpase_004619	tpase_001370
tpase_004619	tpase_003391
tpase_004619	tpase_003726
tpase_004619	tpase_003980
tpase_004619	tpase_006601
tpase_004619	tpase_004634
tpase_004619	tpase_003761
tpase_004619	tpase_001784
tpase_004619	tpase_001366
tpase_004619	tpase_005061
tpase_004619	tpase_004911
tpase_004619	tpase_004732
tpase_004619	tpase_005247
tpase_004619	tpase_001339
tpase_004619	tpase_002183
tpase_004619	tpase_001171
tpase_004619	tpase_005193
tpase_004619	tpase_002176
tpase_004619	tpase_001847
tpase_004619	tpase_001248
tpase_004619	tpase_001178
tpase_004619	tpase_002922
tpase_004619	tpase_006950
tpase_004619	tpase_005899
tpase_004619	tpase_001132
tpase_004619	tpase_003461
tpase_004619	tpase_003959
tpase_004619	tpase_000993
tpase_004619	tpase_002770
tpase_004619	tpase_003908
tpase_004619	tpase_007074
tpase_004619	tpase_002924
tpase_004619	tpase_004577
tpase_004619	tpase_000777
tpase_004619	tpase_006076
tpase_004619	tpase_000462
tpase_004619	tpase_007028
tpase_004619	tpase_006982
tpase_004619	tpase_001354
tpase_004619	tpase_003673
tpase_004619	tpase_002990
tpase_004619	tpase_001798
tpase_004619	tpase_002859
tpase_004619	tpase_000867
tpase_004619	tpase_005104
tpase_004619	tpase_000732
tpase_004619	tpase_003147
tpase_004619	tpase_005834
tpase_004619	tpase_004401
tpase_004619	tpase_000242
tpase_004619	tpase_000722
tpase_004619	tpase_003068
tpase_004619	tpase_004977
tpase_004619	tpase_006376
tpase_004619	tpase_001340
tpase_004619	tpase_002491
tpase_004619	tpase_004748
tpase_004619	tpase_001804
tpase_004619	tpase_006454
tpase_004619	tpase_006140
tpase_004619	tpase_005612
tpase_004619	tpase_005238
tpase_004619	tpase_000248
tpase_004619	tpase_000563
tpase_004619	tpase_005776
tpase_004619	tpase_003981
tpase_004619	tpase_003004
tpase_004619	tpase_006077
tpase_004619	tpase_004747
tpase_004619	tpase_001195
tpase_004619	tpase_002372
tpase_004619	tpase_007075
tpase_004619	tpase_001375
tpase_004619	tpase_000121
tpase_004619	tpase_002631
tpase_004619	tpase_002991
tpase_004619	tpase_006849
tpase_004619	tpase_003791
tpase_004619	tpase_001666
tpase_004619	tpase_003006
tpase_004619	tpase_006066
tpase_004619	tpase_000119
tpase_004619	tpase_000694
tpase_004619	tpase_004325
tpase_004619	tpase_003262
tpase_004619	tpase_000028
tpase_004619	tpase_001568
tpase_004619	tpase_005792
tpase_004619	tpase_007024
tpase_004619	tpase_006443
tpase_004619	tpase_001014
tpase_004619	tpase_005195
tpase_004619	tpase_005714
tpase_004619	tpase_005918
tpase_004619	tpase_002936
tpase_004619	tpase_001802
tpase_004619	tpase_000181
tpase_004619	tpase_006623
tpase_004619	tpase_000768
tpase_004619	tpase_004477
tpase_004619	tpase_003460
tpase_004619	tpase_003537
tpase_004619	tpase_002633
tpase_004619	tpase_005128
tpase_004619	tpase_007011
tpase_004619	tpase_007054
tpase_004619	tpase_002166
tpase_004619	tpase_003117
tpase_004619	tpase_007101
tpase_004619	tpase_002492
tpase_004619	tpase_006373
tpase_004619	tpase_001365
tpase_004619	tpase_001020
tpase_004619	tpase_003658
tpase_004619	tpase_006926
tpase_004619	tpase_000638
tpase_004619	tpase_005683
tpase_004619	tpase_005900
tpase_004619	tpase_006573
tpase_004619	tpase_000037
tpase_004619	tpase_005326
tpase_004619	tpase_001738
tpase_004619	tpase_002457
tpase_004619	tpase_002428
tpase_004619	tpase_006130
tpase_004619	tpase_001899
tpase_004619	tpase_002014
tpase_004619	tpase_006148
tpase_004619	tpase_003175
tpase_004619	tpase_001655
tpase_004619	tpase_003031
tpase_004619	tpase_005080
tpase_004619	tpase_001001
tpase_004619	tpase_000006
tpase_004619	tpase_002177
tpase_004619	tpase_004229
tpase_004619	tpase_005621
tpase_004619	tpase_004327
tpase_004619	tpase_003295
tpase_004619	tpase_005136
tpase_004619	tpase_004800
tpase_004619	tpase_006230
tpase_004619	tpase_001136
tpase_004619	tpase_000803
tpase_004619	tpase_001352
tpase_004619	tpase_002934
tpase_004619	tpase_002740
tpase_004619	tpase_000198
tpase_004619	tpase_001903
tpase_004619	tpase_001175
tpase_004619	tpase_002456
tpase_004619	tpase_004194
tpase_004619	tpase_000701
tpase_004619	tpase_003168
tpase_004619	tpase_001609
tpase_004619	tpase_005590
tpase_004619	tpase_001929
tpase_004619	tpase_005770
tpase_004619	tpase_005651
tpase_004619	tpase_002012
tpase_004619	tpase_007113
tpase_004619	tpase_004925
tpase_004619	tpase_002715
tpase_004619	tpase_003217
tpase_004619	tpase_003162
tpase_004619	tpase_004721
tpase_004619	tpase_003743
tpase_004619	tpase_003727
tpase_004619	tpase_001460
tpase_004619	tpase_006693
tpase_004619	tpase_004958
tpase_004619	tpase_006241
tpase_004619	tpase_000312
tpase_004619	tpase_000805
tpase_004619	tpase_007030
tpase_004619	tpase_004744
tpase_004619	tpase_000695
tpase_004619	tpase_001674
tpase_004619	tpase_001650
tpase_004619	tpase_005701
tpase_004619	tpase_004760
tpase_004619	tpase_000727
tpase_004619	tpase_003005
tpase_004619	tpase_003370
tpase_004619	tpase_000196
tpase_004619	tpase_001618
tpase_004619	tpase_006415
tpase_004619	tpase_004529
tpase_004619	tpase_005626
tpase_004619	tpase_006778
tpase_004619	tpase_004114
tpase_004619	tpase_001925
tpase_004619	tpase_001761
tpase_004619	tpase_000839
tpase_004619	tpase_007100
tpase_004619	tpase_005015
tpase_004619	tpase_005916
tpase_004619	tpase_006567
tpase_004619	tpase_005307
tpase_004619	tpase_005516
tpase_004619	tpase_001926
tpase_004619	tpase_004720
tpase_004619	tpase_006357
tpase_004619	tpase_006354
tpase_004619	tpase_001076
tpase_004619	tpase_005891
tpase_004619	tpase_002788
tpase_004619	tpase_001606
tpase_004619	tpase_000250
tpase_004619	tpase_004803
tpase_004619	tpase_006902
tpase_004619	tpase_004966
tpase_004619	tpase_003019
tpase_004619	tpase_001948
tpase_004619	tpase_005401
tpase_004619	tpase_002829
tpase_004619	tpase_005933
tpase_004619	tpase_001554
tpase_004619	tpase_003116
tpase_004619	tpase_002878
tpase_004619	tpase_003880
tpase_004619	tpase_001336
tpase_004619	tpase_001022
tpase_004619	tpase_000866
tpase_004619	tpase_003174
tpase_004619	tpase_002311
tpase_004619	tpase_006318
tpase_004619	tpase_002538
tpase_004619	tpase_002937
tpase_004619	tpase_006696
tpase_004619	tpase_005521
tpase_004619	tpase_000996
tpase_004619	tpase_000456
tpase_004619	tpase_007051
tpase_004619	tpase_002886
tpase_004619	tpase_000492
tpase_004619	tpase_006558
tpase_004619	tpase_005907
tpase_004619	tpase_003258
tpase_004619	tpase_000604
tpase_004619	tpase_004558
tpase_004619	tpase_007018
tpase_004619	tpase_003544
tpase_004619	tpase_002772
tpase_004619	tpase_006331
tpase_004619	tpase_005194
tpase_004619	tpase_005154
tpase_004619	tpase_006386
tpase_004619	tpase_002751
tpase_004619	tpase_002608
tpase_004619	tpase_004625
tpase_004619	tpase_006017
tpase_004619	tpase_000733
tpase_004619	tpase_002502
tpase_004619	tpase_001468
tpase_004619	tpase_003967
tpase_004619	tpase_001180
tpase_004619	tpase_002880
tpase_004619	tpase_006385
tpase_004619	tpase_003309
tpase_004619	tpase_005681
tpase_004619	tpase_005700
tpase_004619	tpase_006919
tpase_004619	tpase_007059
tpase_004619	tpase_000016
tpase_004619	tpase_000189
tpase_004619	tpase_004646
tpase_004619	tpase_004805
tpase_004619	tpase_004975
tpase_004619	tpase_003703
tpase_004619	tpase_005620
tpase_004619	tpase_000244
tpase_004619	tpase_005153
tpase_004619	tpase_003151
tpase_004619	tpase_003260
tpase_004619	tpase_002977
tpase_004619	tpase_006079
tpase_004619	tpase_005527
tpase_004619	tpase_000850
tpase_004619	tpase_003409
tpase_004619	tpase_002672
tpase_004619	tpase_000153
tpase_004619	tpase_006414
tpase_004619	tpase_000633
tpase_004619	tpase_005660
tpase_004619	tpase_000603
tpase_004619	tpase_005176
tpase_004619	tpase_001724
tpase_004619	tpase_005317
tpase_004619	tpase_004475
tpase_004619	tpase_002312
tpase_004619	tpase_002211
tpase_004619	tpase_005184
tpase_004619	tpase_000817
tpase_004619	tpase_002310
tpase_004619	tpase_001781
tpase_004619	tpase_003160
tpase_004619	tpase_000773
tpase_004619	tpase_006149
tpase_004619	tpase_002276
tpase_004619	tpase_005565
tpase_004619	tpase_004976
tpase_004619	tpase_005269
tpase_004619	tpase_006416
tpase_004619	tpase_003459
tpase_004619	tpase_001199
tpase_004619	tpase_000707
tpase_004619	tpase_003674
tpase_004619	tpase_002493
tpase_004619	tpase_003082
tpase_004619	tpase_007052
tpase_004619	tpase_000980
tpase_004619	tpase_006883
tpase_004619	tpase_002455
tpase_004619	tpase_003746
tpase_004619	tpase_005589
tpase_004619	tpase_000714
tpase_004619	tpase_001183
tpase_004619	tpase_001315
tpase_004619	tpase_006234
tpase_004619	tpase_005619
tpase_004619	tpase_004661
tpase_004619	tpase_003966
tpase_004619	tpase_005045
tpase_004619	tpase_003150
tpase_004619	tpase_003085
tpase_004619	tpase_005052
tpase_004619	tpase_004324
tpase_004619	tpase_002274
tpase_004619	tpase_001806
tpase_004619	tpase_007012
tpase_004619	tpase_006779
tpase_004619	tpase_001536
tpase_004619	tpase_006137
tpase_004619	tpase_005898
tpase_004619	tpase_006840
tpase_004619	tpase_001523
tpase_004619	tpase_005432
tpase_004619	tpase_004556
tpase_004619	tpase_002782
tpase_004619	tpase_000547
tpase_004619	tpase_005549
tpase_004619	tpase_000691
tpase_004619	tpase_002816
tpase_004619	tpase_004562
tpase_004619	tpase_004922
tpase_004619	tpase_006439
tpase_004619	tpase_003154
tpase_004619	tpase_004211
tpase_004619	tpase_003944
tpase_004619	tpase_001197
tpase_004619	tpase_004551
tpase_004619	tpase_005692
tpase_004619	tpase_001829
tpase_004619	tpase_005112
tpase_004619	tpase_003173
tpase_004619	tpase_004802
tpase_004619	tpase_003894
tpase_004619	tpase_003758
tpase_004619	tpase_003762
tpase_004619	tpase_000631
tpase_004619	tpase_003093
tpase_004619	tpase_003242
tpase_004619	tpase_002031
tpase_004619	tpase_002853
tpase_004619	tpase_005186
tpase_004619	tpase_005305
tpase_004619	tpase_005316
tpase_004619	tpase_001583
tpase_004619	tpase_004602
tpase_004619	tpase_000339
tpase_004619	tpase_003710
tpase_004619	tpase_006579
tpase_004619	tpase_006641
tpase_004619	tpase_001957
tpase_004619	tpase_000729
tpase_004619	tpase_000795
tpase_004619	tpase_002865
tpase_004619	tpase_001635
tpase_004619	tpase_002910
tpase_004619	tpase_005859
tpase_004619	tpase_006474
tpase_004619	tpase_002051
tpase_004619	tpase_000770
tpase_004619	tpase_003259
tpase_004619	tpase_000463
tpase_004619	tpase_001040
tpase_004619	tpase_000092
tpase_004619	tpase_005807
tpase_004619	tpase_002632
tpase_004619	tpase_004983
tpase_004619	tpase_002433
tpase_004619	tpase_005757
tpase_004619	tpase_004497
tpase_004619	tpase_001306
tpase_004619	tpase_003903
tpase_004619	tpase_006165
tpase_004619	tpase_000516
tpase_004619	tpase_005137
tpase_004619	tpase_006556
tpase_004619	tpase_004659
tpase_004619	tpase_001077
tpase_004619	tpase_000778
tpase_004619	tpase_004278
tpase_004619	tpase_005964
tpase_004619	tpase_002049
tpase_004619	tpase_002830
tpase_004619	tpase_000056
tpase_004619	tpase_006395
tpase_004619	tpase_001570
tpase_004619	tpase_005682
tpase_004619	tpase_006413
tpase_004619	tpase_004964
tpase_004619	tpase_006574
tpase_004619	tpase_001604
tpase_004619	tpase_005939
tpase_004619	tpase_000193
tpase_004619	tpase_000648
tpase_004619	tpase_005715
tpase_004619	tpase_004087
tpase_004619	tpase_002638
tpase_004619	tpase_001196
tpase_004619	tpase_001205
tpase_004619	tpase_001783
tpase_004619	tpase_002933
tpase_004619	tpase_003969
tpase_004619	tpase_002501
tpase_004619	tpase_003315
tpase_004619	tpase_000386
tpase_004619	tpase_005004
tpase_004619	tpase_002815
tpase_004619	tpase_003384
tpase_004619	tpase_000061
tpase_004619	tpase_005905
tpase_004619	tpase_001433
tpase_004619	tpase_006212
tpase_004619	tpase_001241
tpase_004619	tpase_001580
tpase_004619	tpase_004234
tpase_004619	tpase_004663
tpase_004619	tpase_001253
tpase_004619	tpase_001750
tpase_004619	tpase_000728
tpase_004619	tpase_003238
tpase_004619	tpase_003707
tpase_004619	tpase_003876
tpase_004619	tpase_001055
tpase_004619	tpase_001133
tpase_004619	tpase_001782
tpase_004619	tpase_002622
tpase_004619	tpase_001630
tpase_004619	tpase_005963
tpase_004619	tpase_005652
tpase_004619	tpase_004186
tpase_004619	tpase_006125
tpase_004619	tpase_001411
tpase_004619	tpase_001251
tpase_004619	tpase_001075
tpase_004619	tpase_006570
tpase_004619	tpase_004660
tpase_004619	tpase_006381
tpase_004619	tpase_003159
tpase_004619	tpase_007077
tpase_004619	tpase_000640
tpase_004619	tpase_003164
tpase_004619	tpase_004651
tpase_004619	tpase_004388
tpase_004619	tpase_006697
tpase_004619	tpase_001795
tpase_004619	tpase_002667
tpase_004619	tpase_000775
tpase_004619	tpase_002421
tpase_004619	tpase_005493
tpase_004619	tpase_001234
tpase_004619	tpase_001312
tpase_004619	tpase_004980
tpase_004619	tpase_003472
tpase_004619	tpase_006175
tpase_004619	tpase_005005
tpase_004619	tpase_001637
tpase_004619	tpase_006901
tpase_004619	tpase_005610
tpase_004619	tpase_005529
tpase_004619	tpase_004645
tpase_004619	tpase_003982
tpase_004619	tpase_001011
tpase_004619	tpase_005192
tpase_004619	tpase_005627
tpase_004619	tpase_003294
tpase_004619	tpase_004100
tpase_004619	tpase_000546
tpase_004619	tpase_003748
tpase_004619	tpase_006342
tpase_004619	tpase_004251
tpase_004619	tpase_006985
tpase_004619	tpase_003796
tpase_004619	tpase_003545
tpase_004619	tpase_002489
tpase_004619	tpase_006378
tpase_004619	tpase_005640
tpase_004619	tpase_000476
tpase_004619	tpase_004113
tpase_004619	tpase_000137
tpase_004619	tpase_005409
tpase_004619	tpase_006231
tpase_004619	tpase_004193
tpase_004619	tpase_005105
tpase_004619	tpase_000632
tpase_004619	tpase_003675
tpase_004619	tpase_000819
tpase_004619	tpase_004564
tpase_004619	tpase_000495
tpase_004619	tpase_006041
tpase_004619	tpase_004386
tpase_004619	tpase_002026
tpase_004619	tpase_001641
tpase_004619	tpase_003149
tpase_004619	tpase_003261
tpase_004619	tpase_000251
tpase_004619	tpase_000110
tpase_004619	tpase_000233
tpase_004619	tpase_005030
tpase_004619	tpase_002046
tpase_004619	tpase_002669
tpase_004619	tpase_001799
tpase_004619	tpase_001747
tpase_004619	tpase_002030
tpase_004619	tpase_006147
tpase_004619	tpase_005764
tpase_004619	tpase_002849
tpase_004619	tpase_000027
tpase_004619	tpase_001107
tpase_004619	tpase_002993
tpase_004619	tpase_005983
tpase_004619	tpase_005188
tpase_004619	tpase_006420
tpase_004619	tpase_003254
tpase_004619	tpase_003153
tpase_004619	tpase_003224
tpase_004619	tpase_000402
tpase_004619	tpase_001848
tpase_004619	tpase_001880
tpase_004619	tpase_005895
tpase_004619	tpase_002837
tpase_004619	tpase_001073
tpase_004619	tpase_006924
tpase_004619	tpase_002860
tpase_004619	tpase_000464
tpase_004619	tpase_006320
tpase_004619	tpase_003742
tpase_004619	tpase_003383
tpase_004619	tpase_004804
tpase_004619	tpase_000109
tpase_004619	tpase_001980
tpase_004619	tpase_006025
tpase_004619	tpase_004601
tpase_004619	tpase_005414
tpase_004619	tpase_003317
tpase_004619	tpase_007026
tpase_004619	tpase_000001
tpase_004619	tpase_001041
tpase_004619	tpase_006981
tpase_004619	tpase_000855
tpase_004619	tpase_006442
tpase_004619	tpase_000107
tpase_004619	tpase_005517
tpase_004619	tpase_002906
tpase_004619	tpase_005417
tpase_004619	tpase_005894
tpase_004619	tpase_005673
tpase_004619	tpase_004921
tpase_004619	tpase_002490
tpase_004619	tpase_006123
tpase_004619	tpase_006882
tpase_004619	tpase_005138
tpase_004619	tpase_003244
tpase_004619	tpase_002989
tpase_004619	tpase_000783
tpase_004619	tpase_005867
tpase_004619	tpase_006067
tpase_004619	tpase_005190
tpase_004619	tpase_005380
tpase_004619	tpase_005424
tpase_004619	tpase_002028
tpase_004619	tpase_006084
tpase_004619	tpase_005492
tpase_004619	tpase_004195
tpase_004619	tpase_002611
tpase_004619	tpase_007050
tpase_004619	tpase_004235
tpase_004619	tpase_003902
tpase_004619	tpase_004798
tpase_004619	tpase_006335
tpase_004619	tpase_002483
tpase_004619	tpase_000725
tpase_004619	tpase_001979
tpase_004619	tpase_005053
tpase_004619	tpase_004400
tpase_004619	tpase_005829
tpase_004619	tpase_006630
tpase_004619	tpase_001837
tpase_004619	tpase_007094
tpase_004619	tpase_001224
tpase_004619	tpase_006543
tpase_004619	tpase_002838
tpase_004619	tpase_002670
tpase_004619	tpase_002994
tpase_004619	tpase_006128
tpase_004619	tpase_004167
tpase_004619	tpase_001749
tpase_004619	tpase_006452
tpase_004619	tpase_003286
tpase_004619	tpase_000263
tpase_004619	tpase_006365
tpase_004619	tpase_006104
tpase_004619	tpase_001966
tpase_004619	tpase_004305
tpase_004619	tpase_006631
tpase_004619	tpase_001994
tpase_004619	tpase_001459
tpase_004619	tpase_003929
tpase_004619	tpase_005871
tpase_004619	tpase_006640
tpase_004619	tpase_005115
tpase_004619	tpase_000468
tpase_004619	tpase_006235
tpase_004619	tpase_006296
tpase_004619	tpase_005162
tpase_004619	tpase_005827
tpase_005336	tpase_006054
tpase_005336	tpase_005697
tpase_005336	tpase_001558
tpase_005336	tpase_005772
tpase_005336	tpase_005592
tpase_005336	tpase_000162
tpase_005336	tpase_005773
tpase_005336	tpase_001490
tpase_005336	tpase_006055
tpase_005336	tpase_001567
tpase_005336	tpase_004730
tpase_005336	tpase_004228
tpase_005336	tpase_007072
tpase_005336	tpase_005849
tpase_005336	tpase_001758
tpase_005336	tpase_005771
tpase_005336	tpase_004603
tpase_005336	tpase_004728
tpase_005336	tpase_005613
tpase_005336	tpase_001505
tpase_005336	tpase_003118
tpase_005336	tpase_005934
tpase_005336	tpase_002677
tpase_005336	tpase_004513
tpase_005336	tpase_004434
tpase_005336	tpase_001755
tpase_005336	tpase_004139
tpase_005336	tpase_002193
tpase_005336	tpase_002152
tpase_005336	tpase_002643
tpase_005336	tpase_000220
tpase_005336	tpase_005336
tpase_005336	tpase_006627
tpase_005336	tpase_001728
tpase_005336	tpase_003171
tpase_005336	tpase_004188
tpase_005336	tpase_006053
tpase_005336	tpase_003290
tpase_005336	tpase_001548
tpase_004817	tpase_004048
tpase_004817	tpase_004673
tpase_004817	tpase_004684
tpase_004817	tpase_006150
tpase_004817	tpase_001691
tpase_004817	tpase_002646
tpase_004817	tpase_006405
tpase_004817	tpase_000620
tpase_004817	tpase_001916
tpase_004817	tpase_003463
tpase_004817	tpase_003627
tpase_004817	tpase_002154
tpase_004817	tpase_005846
tpase_004817	tpase_006448
tpase_004817	tpase_000921
tpase_004817	tpase_000957
tpase_004817	tpase_001915
tpase_004817	tpase_000912
tpase_004817	tpase_000900
tpase_004817	tpase_003446
tpase_004817	tpase_002148
tpase_004817	tpase_004775
tpase_004817	tpase_003404
tpase_004817	tpase_001544
tpase_004817	tpase_002953
tpase_004817	tpase_002756
tpase_004817	tpase_006389
tpase_004817	tpase_004686
tpase_004817	tpase_005616
tpase_004817	tpase_003583
tpase_004817	tpase_003563
tpase_004817	tpase_004448
tpase_004817	tpase_005296
tpase_004817	tpase_000814
tpase_004817	tpase_001163
tpase_004817	tpase_000937
tpase_004817	tpase_006942
tpase_004817	tpase_003465
tpase_004817	tpase_003648
tpase_004817	tpase_003561
tpase_004817	tpase_002755
tpase_004817	tpase_000914
tpase_004817	tpase_003637
tpase_004817	tpase_003585
tpase_004817	tpase_006447
tpase_004817	tpase_001485
tpase_004817	tpase_001033
tpase_004817	tpase_001914
tpase_004817	tpase_004040
tpase_004817	tpase_001511
tpase_004817	tpase_001424
tpase_004817	tpase_004945
tpase_004817	tpase_004833
tpase_004817	tpase_000935
tpase_004817	tpase_005288
tpase_004817	tpase_003566
tpase_004817	tpase_001161
tpase_004817	tpase_003327
tpase_004817	tpase_003500
tpase_004817	tpase_002645
tpase_004817	tpase_002955
tpase_004817	tpase_002056
tpase_004817	tpase_001129
tpase_004817	tpase_004674
tpase_004817	tpase_001397
tpase_004817	tpase_004781
tpase_004817	tpase_003499
tpase_004817	tpase_004944
tpase_004817	tpase_004687
tpase_004817	tpase_000223
tpase_004817	tpase_006495
tpase_004817	tpase_003181
tpase_004817	tpase_001162
tpase_004817	tpase_001402
tpase_004817	tpase_004463
tpase_004817	tpase_003565
tpase_004817	tpase_006497
tpase_004817	tpase_004464
tpase_004817	tpase_003825
tpase_004817	tpase_006221
tpase_004817	tpase_005744
tpase_004817	tpase_004049
tpase_004817	tpase_003826
tpase_004817	tpase_000815
tpase_004817	tpase_006312
tpase_004817	tpase_004834
tpase_004817	tpase_001160
tpase_004817	tpase_004047
tpase_004817	tpase_001125
tpase_004817	tpase_004216
tpase_004817	tpase_004318
tpase_004817	tpase_006313
tpase_004817	tpase_007001
tpase_004817	tpase_004777
tpase_004817	tpase_004121
tpase_004817	tpase_000934
tpase_004817	tpase_004288
tpase_004817	tpase_004685
tpase_004817	tpase_005836
tpase_004817	tpase_003614
tpase_004817	tpase_004776
tpase_004817	tpase_003089
tpase_004817	tpase_003602
tpase_004817	tpase_004039
tpase_004817	tpase_001403
tpase_004817	tpase_001487
tpase_004817	tpase_000920
tpase_004817	tpase_006321
tpase_004817	tpase_005615
tpase_004817	tpase_000658
tpase_004817	tpase_003584
tpase_004817	tpase_000567
tpase_004817	tpase_005622
tpase_004817	tpase_003564
tpase_004817	tpase_003189
tpase_004817	tpase_002134
tpase_004817	tpase_003636
tpase_004817	tpase_001545
tpase_004817	tpase_004123
tpase_004817	tpase_001128
tpase_004817	tpase_002647
tpase_004817	tpase_004783
tpase_004817	tpase_005291
tpase_004817	tpase_004319
tpase_004817	tpase_003184
tpase_004817	tpase_000913
tpase_004817	tpase_003445
tpase_004817	tpase_002985
tpase_004817	tpase_004317
tpase_004817	tpase_004678
tpase_004817	tpase_006223
tpase_004817	tpase_006391
tpase_004817	tpase_002863
tpase_004817	tpase_002954
tpase_004817	tpase_003578
tpase_004817	tpase_003183
tpase_004817	tpase_005837
tpase_004817	tpase_002074
tpase_004817	tpase_004289
tpase_004817	tpase_005742
tpase_004817	tpase_006222
tpase_004817	tpase_002688
tpase_004817	tpase_006549
tpase_004817	tpase_003824
tpase_004817	tpase_001512
tpase_004817	tpase_006999
tpase_004817	tpase_000660
tpase_004817	tpase_002147
tpase_004817	tpase_003182
tpase_004817	tpase_001130
tpase_004817	tpase_003501
tpase_004817	tpase_007002
tpase_004817	tpase_006311
tpase_004817	tpase_002871
tpase_004817	tpase_006876
tpase_004817	tpase_000569
tpase_004817	tpase_006606
tpase_004817	tpase_006496
tpase_004817	tpase_004782
tpase_004817	tpase_006406
tpase_004817	tpase_004817
tpase_004817	tpase_000933
tpase_004817	tpase_001294
tpase_004817	tpase_002146
tpase_004817	tpase_004780
tpase_004817	tpase_003517
tpase_004817	tpase_004290
tpase_004817	tpase_006691
tpase_004817	tpase_004688
tpase_004817	tpase_004778
tpase_004817	tpase_004046
tpase_004817	tpase_007003
tpase_004817	tpase_006998
tpase_004817	tpase_004835
tpase_004817	tpase_004299
tpase_004817	tpase_001692
tpase_004817	tpase_001693
tpase_004817	tpase_000860
tpase_004817	tpase_002123
tpase_004817	tpase_001543
tpase_004817	tpase_006941
tpase_004817	tpase_000932
tpase_004817	tpase_004689
tpase_004817	tpase_004201
tpase_004817	tpase_003444
tpase_004817	tpase_000922
tpase_004817	tpase_003571
tpase_004817	tpase_003121
tpase_004817	tpase_000943
tpase_004817	tpase_001393
tpase_004817	tpase_006323
tpase_004817	tpase_003088
tpase_004817	tpase_000566
tpase_004817	tpase_005624
tpase_004817	tpase_002132
tpase_004817	tpase_004203
tpase_004817	tpase_000816
tpase_004817	tpase_003464
tpase_004817	tpase_003615
tpase_004817	tpase_004122
tpase_004817	tpase_004449
tpase_004817	tpase_002754
tpase_004817	tpase_005743
tpase_004817	tpase_001164
tpase_004817	tpase_003187
tpase_004817	tpase_005623
tpase_004817	tpase_003122
tpase_004817	tpase_005614
tpase_004817	tpase_004298
tpase_004817	tpase_006322
tpase_004817	tpase_006435
tpase_004817	tpase_002151
tpase_004817	tpase_000941
tpase_004817	tpase_003090
tpase_004817	tpase_001127
tpase_004817	tpase_004202
tpase_004817	tpase_007000
tpase_004817	tpase_006329
tpase_004817	tpase_007084
tpase_004817	tpase_001159
tpase_004817	tpase_006404
tpase_004817	tpase_003185
tpase_004817	tpase_003186
tpase_004817	tpase_004462
tpase_004817	tpase_004779
tpase_004817	tpase_004447
tpase_004817	tpase_004217
tpase_004817	tpase_001404
tpase_004817	tpase_004218
tpase_004817	tpase_004943
tpase_004817	tpase_000936
tpase_004817	tpase_004042
tpase_004817	tpase_005300
tpase_004817	tpase_006786
tpase_004817	tpase_000659
tpase_004817	tpase_006431
tpase_004817	tpase_002191
tpase_004817	tpase_006605
tpase_004817	tpase_003188
tpase_004817	tpase_005151
tpase_004817	tpase_002689
tpase_004817	tpase_006948
tpase_004817	tpase_006943
tpase_004817	tpase_001126
tpase_004817	tpase_006667
tpase_004817	tpase_006316
tpase_004817	tpase_003616
tpase_004817	tpase_004300
tpase_004817	tpase_006830
tpase_004817	tpase_000861
tpase_004817	tpase_006784
tpase_004817	tpase_004672
tpase_004817	tpase_006604
tpase_004817	tpase_006390
tpase_004817	tpase_001510
tpase_004817	tpase_000862
tpase_004817	tpase_003120
tpase_004817	tpase_002687
tpase_004817	tpase_005281
tpase_004817	tpase_000942
tpase_004817	tpase_003638
tpase_004817	tpase_001488
tpase_004817	tpase_005020
tpase_004817	tpase_004774
tpase_004817	tpase_006446
tpase_004817	tpase_006689
tpase_004817	tpase_000901
tpase_004817	tpase_003562
tpase_004817	tpase_001086
tpase_004817	tpase_006690
tpase_002120	tpase_002547
tpase_002120	tpase_002902
tpase_002120	tpase_005642
tpase_002120	tpase_003096
tpase_002120	tpase_002358
tpase_002120	tpase_005844
tpase_002120	tpase_001465
tpase_002120	tpase_000766
tpase_002120	tpase_002821
tpase_002120	tpase_000607
tpase_002120	tpase_000592
tpase_002120	tpase_001711
tpase_002120	tpase_001644
tpase_002120	tpase_005948
tpase_002120	tpase_002471
tpase_002120	tpase_001827
tpase_002120	tpase_006847
tpase_002120	tpase_006436
tpase_002120	tpase_006804
tpase_002120	tpase_001909
tpase_002120	tpase_000589
tpase_002120	tpase_006200
tpase_002120	tpase_001071
tpase_002120	tpase_001113
tpase_002120	tpase_001158
tpase_002120	tpase_002844
tpase_002120	tpase_005840
tpase_002120	tpase_001192
tpase_002120	tpase_000787
tpase_002120	tpase_001455
tpase_002120	tpase_001265
tpase_002120	tpase_002120
tpase_002120	tpase_000451
tpase_002120	tpase_001231
tpase_002120	tpase_003737
tpase_002120	tpase_000765
tpase_002120	tpase_001987
tpase_002120	tpase_001470
tpase_002120	tpase_003730
tpase_002120	tpase_005427
tpase_002120	tpase_005349
tpase_002120	tpase_002507
tpase_002120	tpase_005073
tpase_002120	tpase_005411
tpase_002120	tpase_005390
tpase_002120	tpase_005988
tpase_002120	tpase_005570
tpase_002120	tpase_006642
tpase_002120	tpase_001519
tpase_002120	tpase_002042
tpase_002120	tpase_005799
tpase_002120	tpase_002941
tpase_002120	tpase_005452
tpase_002120	tpase_002877
tpase_002120	tpase_006086
tpase_002120	tpase_001473
tpase_002120	tpase_005759
tpase_002120	tpase_007042
tpase_002120	tpase_001986
tpase_002120	tpase_006826
tpase_002120	tpase_005435
tpase_002120	tpase_000823
tpase_002120	tpase_001515
tpase_002120	tpase_000590
tpase_002120	tpase_002113
tpase_002120	tpase_001235
tpase_002120	tpase_002881
tpase_002120	tpase_001121
tpase_002120	tpase_006291
tpase_002120	tpase_006827
tpase_002120	tpase_002093
tpase_002120	tpase_000582
tpase_002120	tpase_001518
tpase_002120	tpase_006433
tpase_002120	tpase_003753
tpase_002120	tpase_002160
tpase_002120	tpase_001633
tpase_002120	tpase_000820
tpase_002120	tpase_005730
tpase_002120	tpase_000450
tpase_002120	tpase_006934
tpase_002120	tpase_001757
tpase_002120	tpase_004763
tpase_002120	tpase_000608
tpase_002120	tpase_005542
tpase_002120	tpase_005353
tpase_002120	tpase_002873
tpase_002120	tpase_002901
tpase_002120	tpase_005591
tpase_002120	tpase_005001
tpase_002120	tpase_000591
tpase_002120	tpase_004451
tpase_002120	tpase_000609
tpase_002120	tpase_000786
tpase_002120	tpase_006915
tpase_002120	tpase_005820
tpase_002120	tpase_003701
tpase_002120	tpase_005738
tpase_002120	tpase_006960
tpase_002120	tpase_005048
tpase_002120	tpase_002339
tpase_002120	tpase_002743
tpase_002120	tpase_005618
tpase_002120	tpase_005391
tpase_002120	tpase_005883
tpase_002120	tpase_005392
tpase_002120	tpase_002843
tpase_002120	tpase_001864
tpase_002120	tpase_005677
tpase_002120	tpase_006177
tpase_002120	tpase_006031
tpase_002120	tpase_005126
tpase_002120	tpase_006738
tpase_002120	tpase_000618
tpase_002120	tpase_006219
tpase_002120	tpase_000449
tpase_002120	tpase_005643
tpase_002120	tpase_005396
tpase_002120	tpase_006192
tpase_002120	tpase_002526
tpase_002120	tpase_001052
tpase_002120	tpase_004967
tpase_002120	tpase_005532
tpase_002120	tpase_006959
tpase_002120	tpase_002904
tpase_002120	tpase_005897
tpase_002120	tpase_003752
tpase_002120	tpase_002099
tpase_002120	tpase_005293
tpase_002120	tpase_003882
tpase_002120	tpase_000588
tpase_002120	tpase_000792
tpase_002120	tpase_005577
tpase_002120	tpase_001415
tpase_002120	tpase_005546
tpase_002120	tpase_002972
tpase_002120	tpase_004960
tpase_002120	tpase_006841
tpase_002120	tpase_002041
tpase_002120	tpase_003040
tpase_002120	tpase_006836
tpase_002120	tpase_001008
tpase_002120	tpase_002653
tpase_002120	tpase_002331
tpase_002120	tpase_005058
tpase_002120	tpase_005628
tpase_002120	tpase_005732
tpase_002120	tpase_001025
tpase_002120	tpase_005676
tpase_004045	tpase_002097
tpase_004045	tpase_001753
tpase_004045	tpase_004282
tpase_004045	tpase_006007
tpase_004045	tpase_004013
tpase_004045	tpase_002461
tpase_004045	tpase_002091
tpase_004045	tpase_000930
tpase_004045	tpase_004424
tpase_004045	tpase_005806
tpase_004045	tpase_002462
tpase_004045	tpase_001906
tpase_004045	tpase_004053
tpase_004045	tpase_004426
tpase_004045	tpase_002188
tpase_004045	tpase_005329
tpase_004045	tpase_005750
tpase_004045	tpase_004588
tpase_004045	tpase_000923
tpase_004045	tpase_005530
tpase_004045	tpase_005386
tpase_004045	tpase_004043
tpase_004045	tpase_000023
tpase_004045	tpase_004427
tpase_004045	tpase_000931
tpase_004045	tpase_004044
tpase_004045	tpase_001227
tpase_004045	tpase_002460
tpase_004045	tpase_001296
tpase_004045	tpase_001873
tpase_004045	tpase_001297
tpase_004045	tpase_005328
tpase_004045	tpase_002090
tpase_004045	tpase_005397
tpase_004045	tpase_001504
tpase_004045	tpase_005518
tpase_004045	tpase_005359
tpase_004045	tpase_004590
tpase_004045	tpase_002213
tpase_004045	tpase_005502
tpase_004045	tpase_001533
tpase_004045	tpase_005410
tpase_004045	tpase_001271
tpase_004045	tpase_004568
tpase_004045	tpase_005811
tpase_004045	tpase_004589
tpase_004045	tpase_002089
tpase_004045	tpase_000925
tpase_004045	tpase_004425
tpase_004045	tpase_006724
tpase_004045	tpase_004459
tpase_004045	tpase_006009
tpase_004045	tpase_000924
tpase_004045	tpase_000946
tpase_004045	tpase_001766
tpase_004045	tpase_000616
tpase_004045	tpase_005942
tpase_004045	tpase_006008
tpase_004045	tpase_004571
tpase_004045	tpase_000945
tpase_004045	tpase_005327
tpase_004045	tpase_001446
tpase_004045	tpase_004055
tpase_004045	tpase_001295
tpase_004045	tpase_000944
tpase_004045	tpase_004054
tpase_004045	tpase_004045
tpase_004045	tpase_004012
tpase_004045	tpase_005358
tpase_004045	tpase_005357
tpase_004045	tpase_006887
tpase_001313	tpase_004147
tpase_001313	tpase_000130
tpase_001313	tpase_000185
tpase_001313	tpase_005663
tpase_001313	tpase_005033
tpase_001313	tpase_002364
tpase_001313	tpase_003135
tpase_001313	tpase_001529
tpase_001313	tpase_000033
tpase_001313	tpase_006534
tpase_001313	tpase_006281
tpase_001313	tpase_005345
tpase_001313	tpase_006022
tpase_001313	tpase_000581
tpase_001313	tpase_003032
tpase_001313	tpase_002930
tpase_001313	tpase_006842
tpase_001313	tpase_003396
tpase_001313	tpase_000859
tpase_001313	tpase_006047
tpase_001313	tpase_003033
tpase_001313	tpase_006060
tpase_001313	tpase_004074
tpase_001313	tpase_002106
tpase_001313	tpase_005485
tpase_001313	tpase_001840
tpase_001313	tpase_006661
tpase_001313	tpase_002552
tpase_001313	tpase_000259
tpase_001313	tpase_005211
tpase_001313	tpase_000507
tpase_001313	tpase_002553
tpase_001313	tpase_003808
tpase_001313	tpase_000030
tpase_001313	tpase_001313
tpase_001313	tpase_003988
tpase_001313	tpase_006675
tpase_001313	tpase_000317
tpase_001313	tpase_003986
tpase_001313	tpase_000587
tpase_001313	tpase_000175
tpase_001313	tpase_006508
tpase_001313	tpase_001018
tpase_001313	tpase_004062
tpase_001313	tpase_003920
tpase_001313	tpase_003020
tpase_001313	tpase_005196
tpase_001313	tpase_006048
tpase_001313	tpase_001323
tpase_001313	tpase_003412
tpase_001313	tpase_003994
tpase_001313	tpase_000038
tpase_001313	tpase_000858
tpase_001313	tpase_000460
tpase_001313	tpase_006038
tpase_001313	tpase_001191
tpase_001313	tpase_003873
tpase_001313	tpase_006204
tpase_001313	tpase_003375
tpase_001313	tpase_005862
tpase_001313	tpase_003395
tpase_001313	tpase_005970
tpase_001313	tpase_003926
tpase_001313	tpase_006069
tpase_001313	tpase_005469
tpase_001313	tpase_006940
tpase_001313	tpase_002055
tpase_001313	tpase_003858
tpase_001313	tpase_003989
tpase_001313	tpase_000857
tpase_001313	tpase_003958
tpase_001313	tpase_003987
tpase_001313	tpase_005198
tpase_001313	tpase_000757
tpase_001313	tpase_006116
tpase_001313	tpase_004399
tpase_001313	tpase_005280
tpase_001313	tpase_001087
tpase_001313	tpase_005455
tpase_001313	tpase_003376
tpase_001313	tpase_001035
tpase_001313	tpase_004608
tpase_001313	tpase_000051
tpase_001313	tpase_000066
tpase_001313	tpase_003792
tpase_001313	tpase_004225
tpase_001313	tpase_000222
tpase_001313	tpase_000118
tpase_001313	tpase_006753
tpase_001313	tpase_004142
tpase_001313	tpase_007103
tpase_001313	tpase_006046
tpase_001313	tpase_003157
tpase_001313	tpase_000458
tpase_001313	tpase_005473
tpase_001313	tpase_001246
tpase_001313	tpase_005538
tpase_001313	tpase_005181
tpase_001313	tpase_000330
tpase_001313	tpase_000049
tpase_001313	tpase_002370
tpase_001313	tpase_005819
tpase_001313	tpase_005394
tpase_001313	tpase_005472
tpase_001313	tpase_000050
tpase_001313	tpase_005012
tpase_001313	tpase_006974
tpase_001313	tpase_003896
tpase_001313	tpase_001843
tpase_001313	tpase_000070
tpase_001313	tpase_006070
tpase_001313	tpase_006814
tpase_001313	tpase_000301
tpase_001313	tpase_000022
tpase_001313	tpase_003839
tpase_001313	tpase_002434
tpase_001313	tpase_001334
tpase_001313	tpase_000887
tpase_001313	tpase_006547
tpase_001313	tpase_002938
tpase_001313	tpase_006399
tpase_001313	tpase_005486
tpase_001313	tpase_004576
tpase_001313	tpase_003413
tpase_005755	tpase_001153
tpase_005755	tpase_002238
tpase_005755	tpase_001154
tpase_005755	tpase_002581
tpase_005755	tpase_002236
tpase_005755	tpase_002580
tpase_005755	tpase_005754
tpase_005755	tpase_003194
tpase_005755	tpase_000790
tpase_005755	tpase_001152
tpase_005755	tpase_001157
tpase_005755	tpase_005720
tpase_005755	tpase_003195
tpase_005755	tpase_000169
tpase_005755	tpase_006615
tpase_005755	tpase_003129
tpase_005755	tpase_000594
tpase_005755	tpase_000512
tpase_005755	tpase_004712
tpase_005755	tpase_006057
tpase_005755	tpase_003114
tpase_005755	tpase_005755
tpase_005755	tpase_002241
tpase_005755	tpase_005719
tpase_005755	tpase_000260
tpase_005755	tpase_000791
tpase_005755	tpase_002582
tpase_005755	tpase_002240
tpase_005755	tpase_000173
tpase_005755	tpase_003131
tpase_005755	tpase_003197
tpase_005755	tpase_001155
tpase_005755	tpase_001190
tpase_005755	tpase_000845
tpase_005755	tpase_004709
tpase_005755	tpase_006599
tpase_005755	tpase_002246
tpase_005755	tpase_001156
tpase_005755	tpase_005718
tpase_005755	tpase_000171
tpase_005755	tpase_003130
tpase_005755	tpase_000054
tpase_005755	tpase_006616
tpase_005755	tpase_000170
tpase_005755	tpase_006036
tpase_005755	tpase_000844
tpase_005755	tpase_001220
tpase_005755	tpase_004852
tpase_005755	tpase_000172
tpase_005755	tpase_006612
tpase_005755	tpase_004063
tpase_005755	tpase_006613
tpase_005755	tpase_003196
tpase_005755	tpase_001219
tpase_005755	tpase_001189
tpase_005755	tpase_002239
tpase_005755	tpase_006459
tpase_005755	tpase_003786
tpase_005755	tpase_000843
tpase_005755	tpase_001188
tpase_005755	tpase_004711
tpase_005755	tpase_005753
tpase_005755	tpase_000789
tpase_005755	tpase_006191
tpase_005755	tpase_003109
tpase_005755	tpase_006614
tpase_005755	tpase_006398
tpase_005755	tpase_004947
tpase_005755	tpase_004109
tpase_005755	tpase_000166
tpase_005755	tpase_002698
tpase_005755	tpase_002237
tpase_005755	tpase_000521
tpase_005755	tpase_000174
tpase_005755	tpase_006618
tpase_005755	tpase_004710
tpase_005755	tpase_005780
tpase_005755	tpase_003787
tpase_004403	tpase_004403
tpase_004403	tpase_004014
tpase_006701	tpase_004680
tpase_006701	tpase_002890
tpase_006701	tpase_005995
tpase_006701	tpase_004701
tpase_006701	tpase_000008
tpase_006701	tpase_005212
tpase_006701	tpase_001975
tpase_006701	tpase_003393
tpase_006701	tpase_003328
tpase_006701	tpase_002316
tpase_006701	tpase_000987
tpase_006701	tpase_005961
tpase_006701	tpase_000435
tpase_006701	tpase_004379
tpase_006701	tpase_002347
tpase_006701	tpase_004593
tpase_006701	tpase_003326
tpase_006701	tpase_003541
tpase_006701	tpase_002235
tpase_006701	tpase_000444
tpase_006701	tpase_000826
tpase_006701	tpase_002044
tpase_006701	tpase_006349
tpase_006701	tpase_003507
tpase_006701	tpase_000434
tpase_006701	tpase_001969
tpase_006701	tpase_000149
tpase_006701	tpase_005447
tpase_006701	tpase_005831
tpase_006701	tpase_003524
tpase_006701	tpase_000437
tpase_006701	tpase_000443
tpase_006701	tpase_006588
tpase_006701	tpase_003533
tpase_006701	tpase_005999
tpase_006701	tpase_000436
tpase_006701	tpase_006679
tpase_006701	tpase_003012
tpase_006701	tpase_002295
tpase_006701	tpase_005216
tpase_006701	tpase_002374
tpase_006701	tpase_004840
tpase_006701	tpase_003013
tpase_006701	tpase_005993
tpase_006701	tpase_003011
tpase_006701	tpase_003864
tpase_006701	tpase_000553
tpase_006701	tpase_006000
tpase_006701	tpase_004841
tpase_006701	tpase_003442
tpase_006701	tpase_007107
tpase_006701	tpase_003508
tpase_006701	tpase_006428
tpase_006701	tpase_005823
tpase_006701	tpase_004604
tpase_006701	tpase_002819
tpase_006701	tpase_000442
tpase_006701	tpase_003529
tpase_006701	tpase_000240
tpase_006701	tpase_003325
tpase_006701	tpase_005684
tpase_006701	tpase_005384
tpase_006701	tpase_003485
tpase_006701	tpase_000441
tpase_006701	tpase_002681
tpase_006701	tpase_003422
tpase_006701	tpase_005997
tpase_006701	tpase_007066
tpase_006701	tpase_003419
tpase_006701	tpase_006004
tpase_006701	tpase_000299
tpase_006701	tpase_002080
tpase_006701	tpase_000104
tpase_006701	tpase_000291
tpase_006701	tpase_006766
tpase_006701	tpase_004292
tpase_006701	tpase_004481
tpase_006701	tpase_004470
tpase_006701	tpase_004683
tpase_006701	tpase_003606
tpase_006701	tpase_006002
tpase_006701	tpase_002683
tpase_006701	tpase_006506
tpase_006701	tpase_004704
tpase_006701	tpase_006522
tpase_006701	tpase_005830
tpase_006701	tpase_006005
tpase_006701	tpase_004487
tpase_006701	tpase_000637
tpase_006701	tpase_004703
tpase_006701	tpase_004483
tpase_006701	tpase_002322
tpase_006701	tpase_000396
tpase_006701	tpase_005994
tpase_006701	tpase_003454
tpase_006701	tpase_004884
tpase_006701	tpase_005355
tpase_006701	tpase_004501
tpase_006701	tpase_002432
tpase_006701	tpase_006628
tpase_006701	tpase_000891
tpase_006701	tpase_004836
tpase_006701	tpase_002045
tpase_006701	tpase_006701
tpase_006701	tpase_005251
tpase_006701	tpase_002458
tpase_006701	tpase_005998
tpase_006701	tpase_000140
tpase_006701	tpase_000010
tpase_006701	tpase_003057
tpase_006701	tpase_003916
tpase_006701	tpase_006071
tpase_006701	tpase_003340
tpase_006701	tpase_004682
tpase_006701	tpase_006262
tpase_006701	tpase_004681
tpase_006701	tpase_005213
tpase_006701	tpase_003915
tpase_006701	tpase_006003
tpase_006701	tpase_003420
tpase_006701	tpase_003418
tpase_006701	tpase_004480
tpase_006701	tpase_001264
tpase_006701	tpase_005821
tpase_006701	tpase_000009
tpase_006701	tpase_004471
tpase_006701	tpase_000105
tpase_006701	tpase_000501
tpase_006701	tpase_005969
tpase_006701	tpase_000502
tpase_006701	tpase_002081
tpase_006701	tpase_002373
tpase_006701	tpase_000106
tpase_006701	tpase_004948
tpase_006701	tpase_006937
tpase_006701	tpase_000439
tpase_006701	tpase_004771
tpase_006701	tpase_001860
tpase_006701	tpase_005304
tpase_006701	tpase_003430
tpase_006701	tpase_000304
tpase_006701	tpase_000503
tpase_006701	tpase_006049
tpase_006701	tpase_000241
tpase_006701	tpase_004675
tpase_006701	tpase_004702
tpase_006701	tpase_006771
tpase_006701	tpase_004482
tpase_006701	tpase_001756
tpase_006701	tpase_005822
tpase_006701	tpase_000440
tpase_000302	tpase_000833
tpase_000302	tpase_003156
tpase_000302	tpase_005952
tpase_000302	tpase_002215
tpase_000302	tpase_002221
tpase_000302	tpase_005063
tpase_000302	tpase_004273
tpase_000302	tpase_003921
tpase_000302	tpase_001497
tpase_000302	tpase_001237
tpase_000302	tpase_005943
tpase_000302	tpase_005539
tpase_000302	tpase_005167
tpase_000302	tpase_004584
tpase_000302	tpase_000224
tpase_000302	tpase_006305
tpase_000302	tpase_001810
tpase_000302	tpase_002825
tpase_000302	tpase_001466
tpase_000302	tpase_000493
tpase_000302	tpase_004031
tpase_000302	tpase_000570
tpase_000302	tpase_001856
tpase_000302	tpase_004654
tpase_000302	tpase_003664
tpase_000302	tpase_004024
tpase_000302	tpase_003937
tpase_000302	tpase_001236
tpase_000302	tpase_002368
tpase_000302	tpase_001863
tpase_000302	tpase_004919
tpase_000302	tpase_005540
tpase_000302	tpase_000708
tpase_000302	tpase_001612
tpase_000302	tpase_007115
tpase_000302	tpase_000535
tpase_000302	tpase_006813
tpase_000302	tpase_001348
tpase_000302	tpase_001347
tpase_000302	tpase_002387
tpase_000302	tpase_001034
tpase_000302	tpase_001662
tpase_000302	tpase_002115
tpase_000302	tpase_004614
tpase_000302	tpase_005059
tpase_000302	tpase_005879
tpase_000302	tpase_001777
tpase_000302	tpase_005874
tpase_000302	tpase_004959
tpase_000302	tpase_001710
tpase_000302	tpase_006871
tpase_000302	tpase_002149
tpase_000302	tpase_005936
tpase_000302	tpase_000398
tpase_000302	tpase_003767
tpase_000302	tpase_006141
tpase_000302	tpase_001303
tpase_000302	tpase_001063
tpase_000302	tpase_003684
tpase_000302	tpase_005466
tpase_000302	tpase_001532
tpase_000302	tpase_000705
tpase_000302	tpase_001517
tpase_000302	tpase_002184
tpase_000302	tpase_005509
tpase_000302	tpase_005419
tpase_000302	tpase_007062
tpase_000302	tpase_006228
tpase_000302	tpase_003043
tpase_000302	tpase_001346
tpase_000302	tpase_002297
tpase_000302	tpase_003302
tpase_000302	tpase_003234
tpase_000302	tpase_000302
tpase_000302	tpase_001715
tpase_000302	tpase_002225
tpase_000302	tpase_002893
tpase_000302	tpase_000431
tpase_000302	tpase_003279
tpase_000302	tpase_005465
tpase_000302	tpase_005050
tpase_000302	tpase_004030
tpase_000302	tpase_005541
tpase_000302	tpase_006288
tpase_000302	tpase_002122
tpase_000302	tpase_002888
tpase_000302	tpase_000071
tpase_000302	tpase_006146
tpase_000302	tpase_005403
tpase_000302	tpase_006441
tpase_000302	tpase_002128
tpase_000302	tpase_002525
tpase_000302	tpase_002291
tpase_000302	tpase_001462
tpase_000302	tpase_000002
tpase_000302	tpase_006476
tpase_000302	tpase_006153
tpase_000302	tpase_005731
tpase_000302	tpase_001632
tpase_000302	tpase_002198
tpase_000302	tpase_000598
tpase_000302	tpase_000236
tpase_000302	tpase_005428
tpase_004411	tpase_004410
tpase_004411	tpase_004409
tpase_004411	tpase_004411
tpase_000283	tpase_007086
tpase_000283	tpase_003235
tpase_000283	tpase_006955
tpase_000283	tpase_001278
tpase_000283	tpase_001387
tpase_000283	tpase_001388
tpase_000283	tpase_001842
tpase_000283	tpase_003236
tpase_000283	tpase_002105
tpase_000283	tpase_002356
tpase_000283	tpase_006213
tpase_000283	tpase_004017
tpase_000283	tpase_005978
tpase_000283	tpase_000706
tpase_000283	tpase_003663
tpase_000283	tpase_002117
tpase_000283	tpase_003766
tpase_000283	tpase_006306
tpase_000283	tpase_006953
tpase_000283	tpase_002111
tpase_000283	tpase_001852
tpase_000283	tpase_006843
tpase_000283	tpase_002887
tpase_000283	tpase_006702
tpase_000283	tpase_003702
tpase_000283	tpase_006253
tpase_000283	tpase_000005
tpase_000283	tpase_006237
tpase_000283	tpase_003300
tpase_000283	tpase_001277
tpase_000283	tpase_000813
tpase_000283	tpase_002197
tpase_000283	tpase_004158
tpase_000283	tpase_005035
tpase_000283	tpase_001298
tpase_000283	tpase_001386
tpase_000283	tpase_005931
tpase_000283	tpase_001036
tpase_000283	tpase_006695
tpase_000283	tpase_005141
tpase_000283	tpase_006723
tpase_000283	tpase_002949
tpase_000283	tpase_000283
tpase_000283	tpase_006825
tpase_000283	tpase_001017
tpase_000283	tpase_002808
tpase_000735	tpase_002125
tpase_000735	tpase_000788
tpase_000735	tpase_003816
tpase_000735	tpase_000039
tpase_000735	tpase_005641
tpase_000735	tpase_005749
tpase_000735	tpase_003191
tpase_000735	tpase_003283
tpase_000735	tpase_004199
tpase_000735	tpase_004909
tpase_000735	tpase_000143
tpase_000735	tpase_000508
tpase_000735	tpase_006977
tpase_000735	tpase_006660
tpase_000735	tpase_001588
tpase_000735	tpase_004537
tpase_000735	tpase_003001
tpase_000735	tpase_006782
tpase_000735	tpase_000186
tpase_000735	tpase_002728
tpase_000735	tpase_001069
tpase_000735	tpase_002962
tpase_000735	tpase_006304
tpase_000735	tpase_000257
tpase_000735	tpase_005813
tpase_000735	tpase_000629
tpase_000735	tpase_003838
tpase_000735	tpase_000144
tpase_000735	tpase_000057
tpase_000735	tpase_005480
tpase_000735	tpase_002527
tpase_000735	tpase_004954
tpase_000735	tpase_004739
tpase_000735	tpase_004172
tpase_000735	tpase_000472
tpase_000735	tpase_001260
tpase_000735	tpase_001138
tpase_000735	tpase_002298
tpase_000735	tpase_001024
tpase_000735	tpase_001841
tpase_000735	tpase_000202
tpase_000735	tpase_004907
tpase_000735	tpase_004595
tpase_000735	tpase_002435
tpase_000735	tpase_001687
tpase_000735	tpase_002453
tpase_000735	tpase_000161
tpase_000735	tpase_004390
tpase_000735	tpase_002159
tpase_000735	tpase_000277
tpase_000735	tpase_004198
tpase_000735	tpase_006333
tpase_000735	tpase_002889
tpase_000735	tpase_002968
tpase_000735	tpase_001016
tpase_000735	tpase_006015
tpase_000735	tpase_002178
tpase_000735	tpase_003817
tpase_000735	tpase_000281
tpase_000735	tpase_006676
tpase_000735	tpase_001233
tpase_000735	tpase_002169
tpase_000735	tpase_005044
tpase_000735	tpase_000735
tpase_000735	tpase_006118
tpase_000735	tpase_004621
tpase_000735	tpase_000077
tpase_000735	tpase_000837
tpase_000735	tpase_005346
tpase_000735	tpase_000489
tpase_000735	tpase_001775
tpase_000735	tpase_000258
tpase_000735	tpase_005848
tpase_000735	tpase_006088
tpase_000735	tpase_002294
tpase_000735	tpase_000032
tpase_000735	tpase_004665
tpase_000735	tpase_005511
tpase_000735	tpase_006169
tpase_000735	tpase_004392
tpase_000735	tpase_005456
tpase_000735	tpase_005852
tpase_000735	tpase_000052
tpase_000735	tpase_004908
tpase_000735	tpase_004974
tpase_000735	tpase_004160
tpase_000735	tpase_001317
tpase_000735	tpase_004527
tpase_000735	tpase_005173
tpase_000735	tpase_002554
tpase_000735	tpase_003686
tpase_000735	tpase_001450
tpase_000735	tpase_000206
tpase_000735	tpase_002703
tpase_000735	tpase_002518
tpase_000735	tpase_003818
tpase_000735	tpase_002870
tpase_000735	tpase_006799
tpase_000735	tpase_001643
tpase_000735	tpase_003054
tpase_000735	tpase_004905
tpase_000735	tpase_004982
tpase_000735	tpase_003914
tpase_000735	tpase_001489
tpase_000735	tpase_001005
tpase_000735	tpase_000812
tpase_000735	tpase_000575
tpase_000735	tpase_006834
tpase_000735	tpase_005944
tpase_000735	tpase_006379
tpase_000735	tpase_000448
tpase_000735	tpase_007009
tpase_000735	tpase_000969
tpase_000735	tpase_003021
tpase_000735	tpase_002439
tpase_000735	tpase_000095
tpase_000735	tpase_004761
tpase_000735	tpase_004408
tpase_000735	tpase_000295
tpase_000735	tpase_004297
tpase_000735	tpase_005856
tpase_000735	tpase_002155
tpase_000735	tpase_006453
tpase_000735	tpase_003053
tpase_000735	tpase_000235
tpase_000735	tpase_002983
tpase_000735	tpase_004340
tpase_000735	tpase_003253
tpase_000735	tpase_001844
tpase_000735	tpase_006772
tpase_000735	tpase_002072
tpase_000735	tpase_006345
tpase_000735	tpase_001774
tpase_000735	tpase_004396
tpase_000735	tpase_002018
tpase_000735	tpase_002332
tpase_000735	tpase_005019
tpase_000735	tpase_001049
tpase_000735	tpase_007043
tpase_000735	tpase_006134
tpase_000735	tpase_002555
tpase_000735	tpase_002673
tpase_000735	tpase_001516
tpase_000735	tpase_006976
tpase_000735	tpase_002702
tpase_000735	tpase_004207
tpase_000735	tpase_004906
tpase_000735	tpase_000122
tpase_000735	tpase_002598
tpase_000735	tpase_000825
tpase_000735	tpase_001349
tpase_000735	tpase_002187
tpase_000735	tpase_006346
tpase_000735	tpase_004664
tpase_000735	tpase_001944
tpase_000735	tpase_003751
tpase_000735	tpase_005078
tpase_000735	tpase_000445
tpase_000735	tpase_000555
tpase_000735	tpase_002451
tpase_000735	tpase_000088
tpase_000735	tpase_000586
tpase_000735	tpase_005818
tpase_000735	tpase_006302
tpase_000735	tpase_002150
tpase_000735	tpase_006783
tpase_000735	tpase_005979
tpase_000735	tpase_003865
tpase_000735	tpase_004096
tpase_000735	tpase_004792
tpase_000735	tpase_003691
tpase_000735	tpase_000438
tpase_000735	tpase_000203
tpase_000735	tpase_005882
tpase_000735	tpase_002173
tpase_000735	tpase_002809
tpase_000735	tpase_000293
tpase_000735	tpase_000075
tpase_000735	tpase_005784
tpase_000735	tpase_003394
tpase_000735	tpase_005155
tpase_000735	tpase_004397
tpase_000735	tpase_005172
tpase_000735	tpase_002324
tpase_000735	tpase_006062
tpase_000735	tpase_000282
tpase_000735	tpase_001137
tpase_000735	tpase_004274
tpase_000735	tpase_000207
tpase_000584	tpase_002705
tpase_000584	tpase_000584
tpase_000584	tpase_002765
tpase_000584	tpase_002721
tpase_000584	tpase_000579
tpase_000584	tpase_001682
tpase_002517	tpase_000509
tpase_002517	tpase_004268
tpase_002517	tpase_004291
tpase_002517	tpase_001451
tpase_002517	tpase_004474
tpase_002517	tpase_004215
tpase_002517	tpase_000910
tpase_002517	tpase_001695
tpase_002517	tpase_001509
tpase_002517	tpase_002517
tpase_002517	tpase_003056
tpase_002517	tpase_005960
tpase_002517	tpase_002869
tpase_002517	tpase_004293
tpase_002517	tpase_004486
tpase_002517	tpase_000511
tpase_002517	tpase_001550
tpase_002517	tpase_000965
tpase_002517	tpase_001124
tpase_002517	tpase_001114
tpase_002517	tpase_003101
tpase_003059	tpase_001428
tpase_003059	tpase_004972
tpase_003059	tpase_001148
tpase_003059	tpase_000764
tpase_003059	tpase_005920
tpase_003059	tpase_006145
tpase_003059	tpase_001476
tpase_003059	tpase_000543
tpase_003059	tpase_003439
tpase_003059	tpase_006180
tpase_003059	tpase_002376
tpase_003059	tpase_003712
tpase_003059	tpase_000125
tpase_003059	tpase_002649
tpase_003059	tpase_005241
tpase_003059	tpase_006743
tpase_003059	tpase_005131
tpase_003059	tpase_005647
tpase_003059	tpase_001491
tpase_003059	tpase_000597
tpase_003059	tpase_002684
tpase_003059	tpase_003201
tpase_003059	tpase_006995
tpase_003059	tpase_005459
tpase_003059	tpase_005482
tpase_003059	tpase_000158
tpase_003059	tpase_003179
tpase_003059	tpase_000499
tpase_003059	tpase_003199
tpase_003059	tpase_005443
tpase_003059	tpase_001445
tpase_003059	tpase_005250
tpase_003059	tpase_002308
tpase_003059	tpase_001813
tpase_003059	tpase_005631
tpase_003059	tpase_005130
tpase_003059	tpase_002002
tpase_003059	tpase_000976
tpase_003059	tpase_003672
tpase_003059	tpase_005635
tpase_003059	tpase_000452
tpase_003059	tpase_002699
tpase_003059	tpase_005464
tpase_003059	tpase_004008
tpase_003059	tpase_005439
tpase_003059	tpase_004190
tpase_003059	tpase_006033
tpase_003059	tpase_005099
tpase_003059	tpase_004510
tpase_003059	tpase_006617
tpase_003059	tpase_001425
tpase_003059	tpase_001996
tpase_003059	tpase_003204
tpase_003059	tpase_006101
tpase_003059	tpase_004320
tpase_003059	tpase_004276
tpase_003059	tpase_004524
tpase_003059	tpase_005678
tpase_003059	tpase_005101
tpase_003059	tpase_005723
tpase_003059	tpase_005728
tpase_003059	tpase_000217
tpase_003059	tpase_005853
tpase_003059	tpase_000308
tpase_003059	tpase_004191
tpase_003059	tpase_003437
tpase_003059	tpase_005350
tpase_003059	tpase_005729
tpase_003059	tpase_002137
tpase_003059	tpase_002207
tpase_003059	tpase_002208
tpase_003059	tpase_006034
tpase_003059	tpase_007046
tpase_003059	tpase_000808
tpase_003059	tpase_004178
tpase_003059	tpase_005724
tpase_003059	tpase_000254
tpase_003059	tpase_000311
tpase_003059	tpase_005658
tpase_003059	tpase_002377
tpase_003059	tpase_000127
tpase_003059	tpase_006735
tpase_003059	tpase_000017
tpase_003059	tpase_005632
tpase_003059	tpase_007044
tpase_003059	tpase_005654
tpase_003059	tpase_004534
tpase_003059	tpase_003203
tpase_003059	tpase_005583
tpase_003059	tpase_005788
tpase_003059	tpase_005441
tpase_003059	tpase_004531
tpase_003059	tpase_006996
tpase_003059	tpase_004596
tpase_003059	tpase_005854
tpase_003059	tpase_005734
tpase_003059	tpase_004450
tpase_003059	tpase_002350
tpase_003059	tpase_000160
tpase_003059	tpase_002252
tpase_003059	tpase_006745
tpase_003059	tpase_006731
tpase_003059	tpase_006899
tpase_003059	tpase_004458
tpase_003059	tpase_005458
tpase_003059	tpase_005109
tpase_003059	tpase_000219
tpase_003059	tpase_001430
tpase_003059	tpase_002543
tpase_003059	tpase_000018
tpase_003059	tpase_004511
tpase_003059	tpase_003058
tpase_003059	tpase_002542
tpase_003059	tpase_001998
tpase_003059	tpase_006562
tpase_003059	tpase_001429
tpase_003059	tpase_000500
tpase_003059	tpase_001360
tpase_003059	tpase_004666
tpase_003059	tpase_001151
tpase_003059	tpase_004192
tpase_003059	tpase_004104
tpase_003059	tpase_000229
tpase_003059	tpase_005602
tpase_003059	tpase_002232
tpase_003059	tpase_004512
tpase_003059	tpase_005351
tpase_003059	tpase_004507
tpase_003059	tpase_006732
tpase_003059	tpase_001997
tpase_003059	tpase_006563
tpase_003059	tpase_001553
tpase_003059	tpase_001551
tpase_003059	tpase_004105
tpase_003059	tpase_002394
tpase_003059	tpase_002145
tpase_003059	tpase_002130
tpase_003059	tpase_003447
tpase_003059	tpase_000807
tpase_003059	tpase_001443
tpase_003059	tpase_005582
tpase_003059	tpase_000306
tpase_003059	tpase_004505
tpase_003059	tpase_001492
tpase_003059	tpase_000542
tpase_003059	tpase_004277
tpase_003059	tpase_001972
tpase_003059	tpase_002306
tpase_003059	tpase_002131
tpase_003059	tpase_005092
tpase_003059	tpase_005499
tpase_003059	tpase_005855
tpase_003059	tpase_000977
tpase_003059	tpase_002204
tpase_003059	tpase_000315
tpase_003059	tpase_002686
tpase_003059	tpase_002650
tpase_003059	tpase_004508
tpase_003059	tpase_004750
tpase_003059	tpase_001530
tpase_003059	tpase_006521
tpase_003059	tpase_002987
tpase_003059	tpase_005248
tpase_003059	tpase_000545
tpase_003059	tpase_004536
tpase_003059	tpase_005440
tpase_003059	tpase_000666
tpase_003059	tpase_002249
tpase_003059	tpase_006734
tpase_003059	tpase_005580
tpase_003059	tpase_000907
tpase_003059	tpase_002250
tpase_003059	tpase_005656
tpase_003059	tpase_001448
tpase_003059	tpase_006035
tpase_003059	tpase_004220
tpase_003059	tpase_000453
tpase_003059	tpase_000020
tpase_003059	tpase_000966
tpase_003059	tpase_006347
tpase_003059	tpase_005653
tpase_003059	tpase_001742
tpase_003059	tpase_002648
tpase_003059	tpase_004106
tpase_003059	tpase_006686
tpase_003059	tpase_002395
tpase_003059	tpase_004219
tpase_003059	tpase_000517
tpase_003059	tpase_001478
tpase_003059	tpase_001362
tpase_003059	tpase_002209
tpase_003059	tpase_005636
tpase_003059	tpase_006688
tpase_003059	tpase_004526
tpase_003059	tpase_002143
tpase_003059	tpase_005040
tpase_003059	tpase_006407
tpase_003059	tpase_000159
tpase_003059	tpase_000541
tpase_003059	tpase_002685
tpase_003059	tpase_003821
tpase_003059	tpase_007045
tpase_003059	tpase_002004
tpase_003059	tpase_003995
tpase_003059	tpase_005445
tpase_003059	tpase_003059
tpase_003059	tpase_002248
tpase_003059	tpase_001743
tpase_003059	tpase_004668
tpase_003059	tpase_003091
tpase_003059	tpase_004583
tpase_003059	tpase_003180
tpase_003059	tpase_002231
tpase_003059	tpase_005727
tpase_003059	tpase_000307
tpase_003059	tpase_005444
tpase_003059	tpase_000596
tpase_003059	tpase_003202
tpase_003059	tpase_005798
tpase_003059	tpase_001449
tpase_003059	tpase_000256
tpase_003059	tpase_000615
tpase_003059	tpase_004304
tpase_003059	tpase_002393
tpase_003059	tpase_005497
tpase_003059	tpase_003714
tpase_003059	tpase_004532
tpase_003059	tpase_005481
tpase_003059	tpase_004535
tpase_003059	tpase_002986
tpase_003059	tpase_005095
tpase_003059	tpase_000959
tpase_003059	tpase_003713
tpase_003059	tpase_004718
tpase_003059	tpase_004179
tpase_003059	tpase_005877
tpase_003059	tpase_000978
tpase_003059	tpase_005100
tpase_003059	tpase_003822
tpase_003059	tpase_006744
tpase_003059	tpase_000131
tpase_003059	tpase_004284
tpase_003059	tpase_002757
tpase_003059	tpase_003200
tpase_003059	tpase_003198
tpase_003059	tpase_004302
tpase_003059	tpase_001514
tpase_003059	tpase_004275
tpase_003059	tpase_005634
tpase_003059	tpase_005748
tpase_003059	tpase_004177
tpase_003059	tpase_005093
tpase_003059	tpase_003931
tpase_003059	tpase_003438
tpase_003059	tpase_005107
tpase_003059	tpase_004973
tpase_003059	tpase_007081
tpase_003059	tpase_005108
tpase_003059	tpase_001493
tpase_003059	tpase_005581
tpase_003059	tpase_001971
tpase_003059	tpase_005498
tpase_003059	tpase_005087
tpase_003059	tpase_005586
tpase_003059	tpase_005094
tpase_003059	tpase_005311
tpase_003059	tpase_000141
tpase_003059	tpase_000498
tpase_003059	tpase_002138
tpase_003059	tpase_006598
tpase_003059	tpase_005249
tpase_003059	tpase_006898
tpase_003059	tpase_001444
tpase_003059	tpase_005680
tpase_003059	tpase_005878
tpase_003059	tpase_004716
tpase_003059	tpase_005227
tpase_003059	tpase_005841
tpase_003059	tpase_000313
tpase_003059	tpase_004533
tpase_003059	tpase_002112
tpase_003059	tpase_000595
tpase_003059	tpase_000841
tpase_003059	tpase_005086
tpase_003059	tpase_005786
tpase_003059	tpase_005876
tpase_003059	tpase_000614
tpase_003059	tpase_003205
tpase_003059	tpase_003449
tpase_003059	tpase_000218
tpase_003059	tpase_004525
tpase_003059	tpase_002003
tpase_003059	tpase_004285
tpase_003059	tpase_007116
tpase_003059	tpase_006997
tpase_003059	tpase_001116
tpase_003059	tpase_001646
tpase_003059	tpase_000488
tpase_003059	tpase_001475
tpase_003059	tpase_000971
tpase_003059	tpase_005604
tpase_003059	tpase_002892
tpase_003059	tpase_002307
tpase_003059	tpase_004456
tpase_003059	tpase_001186
tpase_003059	tpase_002251
tpase_003059	tpase_001811
tpase_003059	tpase_001150
tpase_003059	tpase_006098
tpase_003059	tpase_005312
tpase_003059	tpase_006181
tpase_003059	tpase_001744
tpase_003059	tpase_005096
tpase_003059	tpase_004223
tpase_003059	tpase_005648
tpase_003059	tpase_000613
tpase_003059	tpase_003166
tpase_003059	tpase_006308
tpase_003059	tpase_001552
tpase_003059	tpase_001361
tpase_003059	tpase_005814
tpase_003059	tpase_002032
tpase_003059	tpase_003930
tpase_003059	tpase_006143
tpase_003059	tpase_005797
tpase_003059	tpase_000310
tpase_003059	tpase_002202
tpase_003059	tpase_005796
tpase_003059	tpase_000809
tpase_003059	tpase_000309
tpase_003059	tpase_000712
tpase_003059	tpase_001115
tpase_003059	tpase_003773
tpase_003059	tpase_004136
tpase_003059	tpase_001141
tpase_003059	tpase_006512
tpase_003059	tpase_005457
tpase_003059	tpase_005543
tpase_003059	tpase_000798
tpase_003059	tpase_004222
tpase_003059	tpase_000486
tpase_003059	tpase_003132
tpase_003059	tpase_003206
tpase_003059	tpase_005785
tpase_003059	tpase_001648
tpase_003059	tpase_005630
tpase_003059	tpase_004667
tpase_003059	tpase_005352
tpase_003059	tpase_004303
tpase_003059	tpase_001970
tpase_003059	tpase_002254
tpase_003059	tpase_000763
tpase_003059	tpase_004322
tpase_003059	tpase_004605
tpase_003059	tpase_000762
tpase_003059	tpase_001112
tpase_003059	tpase_000126
tpase_003059	tpase_002136
tpase_003059	tpase_002129
tpase_003059	tpase_004224
tpase_003059	tpase_006733
tpase_003059	tpase_001117
tpase_003059	tpase_001447
tpase_003059	tpase_004717
tpase_003059	tpase_001142
tpase_003059	tpase_002144
tpase_003059	tpase_001185
tpase_003059	tpase_002034
tpase_003059	tpase_006310
tpase_003059	tpase_005603
tpase_003059	tpase_002230
tpase_003059	tpase_003823
tpase_003059	tpase_002203
tpase_003059	tpase_004321
tpase_003059	tpase_001140
tpase_003059	tpase_004004
tpase_003059	tpase_003932
tpase_003059	tpase_001494
tpase_003059	tpase_005584
tpase_003059	tpase_004221
tpase_003059	tpase_001495
tpase_003059	tpase_005462
tpase_003059	tpase_002541
tpase_003059	tpase_005725
tpase_003059	tpase_004404
tpase_003059	tpase_004509
tpase_003059	tpase_005085
tpase_003059	tpase_006421
tpase_003059	tpase_005442
tpase_003059	tpase_005585
tpase_003059	tpase_005790
tpase_003059	tpase_001187
tpase_003059	tpase_000228
tpase_003059	tpase_005986
tpase_003059	tpase_005987
tpase_003059	tpase_000314
tpase_003059	tpase_005649
tpase_003059	tpase_006179
tpase_003059	tpase_006730
tpase_003059	tpase_004457
tpase_003059	tpase_005512
tpase_003059	tpase_003123
tpase_003059	tpase_005310
tpase_003059	tpase_000544
tpase_003059	tpase_004971
tpase_003059	tpase_005787
tpase_003059	tpase_005132
tpase_003059	tpase_001149
tpase_003059	tpase_004316
tpase_003059	tpase_001812
tpase_003059	tpase_006897
tpase_003059	tpase_004226
tpase_003059	tpase_006309
tpase_003059	tpase_005097
tpase_003059	tpase_002988
tpase_003059	tpase_005463
tpase_003059	tpase_006561
tpase_003059	tpase_006687
tpase_003059	tpase_000019
tpase_003059	tpase_005657
tpase_003059	tpase_001647
tpase_003059	tpase_006144
tpase_003059	tpase_001427
tpase_003059	tpase_003935
tpase_003059	tpase_005789
tpase_003059	tpase_004213
tpase_003059	tpase_002253
tpase_003059	tpase_005655
tpase_003059	tpase_000454
tpase_003059	tpase_001426
tpase_003059	tpase_002033
tpase_003059	tpase_006504
tpase_003059	tpase_004283
tpase_003059	tpase_000487
tpase_003059	tpase_005483
tpase_003059	tpase_003448
tpase_003059	tpase_005703
tpase_003059	tpase_001118
tpase_003059	tpase_005679
tpase_003059	tpase_000255
tpase_003059	tpase_001477
tpase_006988	tpase_002498
tpase_006988	tpase_002171
tpase_006988	tpase_006988
tpase_006988	tpase_004788
tpase_006988	tpase_004472
tpase_006988	tpase_005670
tpase_006988	tpase_001122
tpase_006988	tpase_006371
tpase_006988	tpase_000321
tpase_006988	tpase_003749
tpase_006988	tpase_002916
tpase_006988	tpase_003539
tpase_006988	tpase_004946
tpase_006988	tpase_006283
tpase_006988	tpase_004488
tpase_006988	tpase_002124
tpase_006988	tpase_000003
tpase_006988	tpase_006577
tpase_006988	tpase_000004
tpase_006988	tpase_006575
tpase_006988	tpase_006113
tpase_006988	tpase_000520
tpase_006988	tpase_006571
tpase_006988	tpase_002510
tpase_006988	tpase_003538
tpase_006988	tpase_003092
tpase_006988	tpase_002862
tpase_006988	tpase_001874
tpase_006988	tpase_002186
tpase_006988	tpase_005752
tpase_006988	tpase_004615
tpase_006988	tpase_003655
tpase_006988	tpase_001139
tpase_006988	tpase_003656
tpase_006988	tpase_003772
tpase_006988	tpase_004726
tpase_006988	tpase_006252
tpase_006988	tpase_006576
tpase_006988	tpase_003540
tpase_006988	tpase_003240
tpase_006988	tpase_007004
tpase_006988	tpase_001672
tpase_006988	tpase_004727
tpase_006988	tpase_002233
tpase_006988	tpase_000562
tpase_006988	tpase_004281
tpase_006988	tpase_004064
tpase_006988	tpase_005573
tpase_006988	tpase_002309
tpase_000227	tpase_002437
tpase_000227	tpase_006725
tpase_000227	tpase_005322
tpase_000227	tpase_002196
tpase_000227	tpase_006029
tpase_000227	tpase_000227
tpase_000227	tpase_004987
tpase_000227	tpase_005258
tpase_000227	tpase_000534
tpase_000227	tpase_001213
tpase_000227	tpase_001887
tpase_000227	tpase_006896
tpase_000227	tpase_002539
tpase_000227	tpase_001685
tpase_000227	tpase_005595
tpase_000227	tpase_000305
tpase_000227	tpase_005873
tpase_000227	tpase_005025
tpase_000227	tpase_004506
tpase_000227	tpase_005881
tpase_000227	tpase_001977
tpase_000227	tpase_002343
tpase_000227	tpase_007070
tpase_000227	tpase_004173
tpase_000227	tpase_005041
tpase_000227	tpase_004455
tpase_000227	tpase_002730
tpase_000227	tpase_006478
tpase_000227	tpase_005669
tpase_000227	tpase_005398
tpase_000227	tpase_004484
tpase_000227	tpase_000177
tpase_000227	tpase_005017
tpase_000227	tpase_004999
tpase_000227	tpase_005861
tpase_000227	tpase_004189
tpase_000227	tpase_003910
tpase_000227	tpase_001976
tpase_000227	tpase_002185
tpase_000227	tpase_000201
tpase_000227	tpase_000743
tpase_000227	tpase_002957
tpase_000227	tpase_006773
tpase_000227	tpase_003015
tpase_000227	tpase_002299
tpase_000227	tpase_002234
tpase_000227	tpase_005949
tpase_000227	tpase_002354
tpase_000227	tpase_003715
tpase_000227	tpase_006954
tpase_000227	tpase_000079
tpase_000227	tpase_005072
tpase_000227	tpase_000973
tpase_000227	tpase_002417
tpase_000227	tpase_005629
tpase_000227	tpase_006294
tpase_000227	tpase_003462
tpase_000227	tpase_003231
tpase_000227	tpase_003133
tpase_000227	tpase_005182
tpase_000227	tpase_006712
tpase_000227	tpase_005547
tpase_000227	tpase_002321
tpase_000227	tpase_005494
tpase_000227	tpase_007063
tpase_000227	tpase_001859
tpase_000227	tpase_002497
tpase_000227	tpase_001496
tpase_000227	tpase_004950
tpase_000227	tpase_000085
tpase_000227	tpase_001259
tpase_000227	tpase_006710
tpase_000227	tpase_005308
tpase_000227	tpase_000285
tpase_000227	tpase_003275
tpase_000227	tpase_004953
tpase_000227	tpase_003210
tpase_000227	tpase_003732
tpase_000227	tpase_005284
tpase_000227	tpase_005425
tpase_000227	tpase_004928
tpase_000227	tpase_001506
tpase_000227	tpase_005707
tpase_000227	tpase_003763
tpase_000227	tpase_005471
tpase_000227	tpase_000389
tpase_000227	tpase_006881
tpase_000227	tpase_001910
tpase_000227	tpase_002317
tpase_000227	tpase_001991
tpase_000227	tpase_004414
tpase_000227	tpase_002454
tpase_000227	tpase_004784
tpase_000227	tpase_000585
tpase_000227	tpase_002195
tpase_000227	tpase_005285
tpase_000227	tpase_002724
tpase_000227	tpase_004164
tpase_000227	tpase_001861
tpase_000227	tpase_001499
tpase_000227	tpase_001896
tpase_000227	tpase_000883
tpase_000227	tpase_001930
tpase_000227	tpase_005558
tpase_000227	tpase_005065
tpase_000227	tpase_001992
tpase_000227	tpase_001731
tpase_000227	tpase_005453
tpase_000227	tpase_004955
tpase_000227	tpase_007064
tpase_000227	tpase_001858
tpase_000227	tpase_003793
tpase_000227	tpase_004002
tpase_000227	tpase_006643
tpase_000227	tpase_006727
tpase_000227	tpase_004295
tpase_000227	tpase_001853
tpase_000227	tpase_002098
tpase_000227	tpase_005168
tpase_000227	tpase_005064
tpase_000227	tpase_004478
tpase_000227	tpase_006650
tpase_000227	tpase_006875
tpase_000227	tpase_001287
tpase_000227	tpase_002412
tpase_000227	tpase_002200
tpase_000227	tpase_001471
tpase_000227	tpase_005496
tpase_000227	tpase_004737
tpase_000227	tpase_005513
tpase_000227	tpase_007087
tpase_000227	tpase_005395
tpase_000227	tpase_007090
tpase_000227	tpase_005817
tpase_000227	tpase_002895
tpase_000227	tpase_001718
tpase_000227	tpase_001457
tpase_000227	tpase_000123
tpase_000227	tpase_003083
tpase_000227	tpase_000080
tpase_000227	tpase_004738
tpase_000227	tpase_005935
tpase_000227	tpase_003075
tpase_000227	tpase_005484
tpase_000227	tpase_001717
tpase_000227	tpase_005057
tpase_000227	tpase_006157
tpase_000227	tpase_002355
tpase_000227	tpase_005470
tpase_000227	tpase_005399
tpase_000227	tpase_002007
tpase_000227	tpase_001591
tpase_000227	tpase_003905
tpase_000227	tpase_000284
tpase_000227	tpase_003223
tpase_000227	tpase_001407
tpase_000227	tpase_001486
tpase_000227	tpase_005901
tpase_000227	tpase_004489
tpase_000227	tpase_002424
tpase_000227	tpase_001676
tpase_000227	tpase_001739
tpase_000227	tpase_000785
tpase_000227	tpase_006527
tpase_000227	tpase_000015
tpase_000227	tpase_003177
tpase_000227	tpase_005069
tpase_000227	tpase_004310
tpase_000227	tpase_001389
tpase_000227	tpase_006240
tpase_000227	tpase_006042
tpase_000227	tpase_001218
tpase_000227	tpase_005323
tpase_000227	tpase_001727
tpase_000227	tpase_005426
tpase_000227	tpase_002054
tpase_000227	tpase_000747
tpase_000227	tpase_005544
tpase_000227	tpase_004795
tpase_000227	tpase_002021
tpase_000227	tpase_006609
tpase_000227	tpase_001978
tpase_000227	tpase_005598
tpase_000227	tpase_005286
tpase_000227	tpase_000617
tpase_000227	tpase_005071
tpase_000227	tpase_004150
tpase_000227	tpase_004952
tpase_000227	tpase_003172
tpase_000227	tpase_006657
tpase_000227	tpase_004490
tpase_000227	tpase_005450
tpase_000227	tpase_002967
tpase_000227	tpase_002190
tpase_000227	tpase_002940
tpase_000227	tpase_006546
tpase_000227	tpase_006718
tpase_000227	tpase_000021
tpase_000227	tpase_001274
tpase_000227	tpase_001936
tpase_000227	tpase_005393
tpase_000227	tpase_006535
tpase_000227	tpase_003276
tpase_000227	tpase_005487
tpase_000227	tpase_001258
tpase_000227	tpase_005023
tpase_000227	tpase_005609
tpase_000227	tpase_001931
tpase_000227	tpase_004578
tpase_000227	tpase_000091
tpase_000227	tpase_006352
tpase_000227	tpase_001886
tpase_000227	tpase_004309
tpase_000227	tpase_001481
tpase_000227	tpase_006965
tpase_000227	tpase_003076
tpase_000227	tpase_005705
tpase_000227	tpase_005461
tpase_000227	tpase_006774
tpase_000227	tpase_004453
tpase_000227	tpase_002020
tpase_000227	tpase_002192
tpase_000227	tpase_005519
tpase_000227	tpase_004764
tpase_000227	tpase_001598
tpase_000227	tpase_001716
tpase_000227	tpase_004997
tpase_000227	tpase_005468
tpase_000227	tpase_004016
tpase_000227	tpase_004929
tpase_000227	tpase_003209
tpase_000227	tpase_001461
tpase_000227	tpase_002005
tpase_000227	tpase_006531
tpase_000227	tpase_001699
tpase_000227	tpase_002194
tpase_000227	tpase_004015
tpase_000227	tpase_005967
tpase_000227	tpase_002411
tpase_000227	tpase_001599
tpase_000227	tpase_005224
tpase_000227	tpase_002222
tpase_000227	tpase_005633
tpase_000227	tpase_005534
tpase_000227	tpase_006656
tpase_000227	tpase_005143
tpase_000227	tpase_000525
tpase_000227	tpase_002025
tpase_000227	tpase_000084
tpase_000227	tpase_006775
tpase_000227	tpase_000200
tpase_000227	tpase_005966
tpase_000227	tpase_001983
tpase_000227	tpase_005448
tpase_000227	tpase_001696
tpase_000227	tpase_007102
tpase_000227	tpase_005545
tpase_000227	tpase_001919
tpase_000227	tpase_001678
tpase_000227	tpase_005957
tpase_000227	tpase_002006
tpase_000227	tpase_001299
tpase_000227	tpase_005049
tpase_000227	tpase_005070
tpase_000227	tpase_002975
tpase_000227	tpase_003881
tpase_000227	tpase_004236
tpase_000227	tpase_004930
tpase_000227	tpase_000539
tpase_000227	tpase_005801
tpase_000227	tpase_004018
tpase_000227	tpase_002314
tpase_000227	tpase_005889
tpase_000227	tpase_005965
tpase_000227	tpase_003062
tpase_000227	tpase_000583
tpase_000227	tpase_005664
tpase_000227	tpase_005022
tpase_000227	tpase_005460
tpase_000227	tpase_005228
tpase_002408	tpase_003801
tpase_002408	tpase_002744
tpase_002408	tpase_002139
tpase_002408	tpase_006966
tpase_002408	tpase_002797
tpase_002408	tpase_002745
tpase_002408	tpase_003526
tpase_002408	tpase_001498
tpase_002408	tpase_004107
tpase_002408	tpase_003802
tpase_002408	tpase_002408
tpase_002408	tpase_002764
tpase_002408	tpase_006430
tpase_002408	tpase_002423
tpase_002408	tpase_003269
tpase_002408	tpase_004545
tpase_006273	tpase_004384
tpase_006273	tpase_000046
tpase_006273	tpase_001328
tpase_006273	tpase_001665
tpase_006273	tpase_002488
tpase_006273	tpase_004996
tpase_006273	tpase_006239
tpase_006273	tpase_004962
tpase_006273	tpase_005252
tpase_006273	tpase_002218
tpase_006273	tpase_000048
tpase_006273	tpase_002313
tpase_006273	tpase_005593
tpase_006273	tpase_002616
tpase_006273	tpase_005510
tpase_006273	tpase_005644
tpase_006273	tpase_003798
tpase_006273	tpase_006072
tpase_006273	tpase_000150
tpase_006273	tpase_001740
tpase_006273	tpase_002116
tpase_006273	tpase_001019
tpase_006273	tpase_001561
tpase_006273	tpase_001741
tpase_006273	tpase_002926
tpase_006273	tpase_005042
tpase_006273	tpase_005036
tpase_006273	tpase_006013
tpase_006273	tpase_001628
tpase_006273	tpase_003750
tpase_006273	tpase_001560
tpase_006273	tpase_006327
tpase_006273	tpase_003745
tpase_006273	tpase_000237
tpase_006273	tpase_005548
tpase_006273	tpase_005405
tpase_006273	tpase_001645
tpase_006273	tpase_006282
tpase_006273	tpase_000526
tpase_006273	tpase_002894
tpase_006273	tpase_005021
tpase_006273	tpase_005981
tpase_006273	tpase_004383
tpase_006273	tpase_005815
tpase_006273	tpase_005123
tpase_006273	tpase_005000
tpase_006273	tpase_006916
tpase_006273	tpase_000506
tpase_006273	tpase_005607
tpase_006273	tpase_006434
tpase_006273	tpase_006275
tpase_006273	tpase_005980
tpase_006273	tpase_006087
tpase_006273	tpase_005383
tpase_006273	tpase_007091
tpase_006273	tpase_001406
tpase_006273	tpase_006199
tpase_006273	tpase_004454
tpase_006273	tpase_006217
tpase_006273	tpase_004613
tpase_006273	tpase_002927
tpase_006273	tpase_002903
tpase_006273	tpase_006111
tpase_006273	tpase_006372
tpase_006273	tpase_005495
tpase_006273	tpase_004961
tpase_006273	tpase_000504
tpase_006273	tpase_001562
tpase_006273	tpase_007068
tpase_006273	tpase_004296
tpase_006273	tpase_003414
tpase_006273	tpase_001664
tpase_006273	tpase_005956
tpase_006273	tpase_005404
tpase_006273	tpase_002162
tpase_006273	tpase_004432
tpase_006273	tpase_006273
tpase_006273	tpase_004599
tpase_006273	tpase_005024
tpase_006273	tpase_001663
tpase_006273	tpase_005388
tpase_006273	tpase_004108
tpase_006273	tpase_005009
tpase_006273	tpase_000619
tpase_006273	tpase_003724
tpase_006273	tpase_001431
tpase_006273	tpase_006366
tpase_006273	tpase_000176
tpase_006273	tpase_004431
tpase_006273	tpase_006182
tpase_006273	tpase_004301
tpase_006273	tpase_007096
tpase_006273	tpase_001725
tpase_006273	tpase_000298
tpase_006273	tpase_006913
tpase_006273	tpase_005599
tpase_006273	tpase_002824
tpase_006273	tpase_005645
tpase_006273	tpase_005175
tpase_006273	tpase_002141
tpase_006273	tpase_004998
tpase_006273	tpase_005283
tpase_006273	tpase_000538
tpase_006273	tpase_005606
tpase_006273	tpase_005412
tpase_006273	tpase_005272
tpase_006273	tpase_006339
tpase_006273	tpase_006401
tpase_006273	tpase_001060
tpase_006273	tpase_006224
tpase_006273	tpase_005026
tpase_006273	tpase_004206
tpase_006273	tpase_002899
tpase_006273	tpase_002362
tpase_006273	tpase_004385
tpase_006273	tpase_002103
tpase_006273	tpase_001726
tpase_006273	tpase_005180
tpase_006273	tpase_006334
tpase_006273	tpase_005174
tpase_006273	tpase_004469
tpase_006273	tpase_001752
tpase_006273	tpase_005745
tpase_006273	tpase_002511
tpase_006273	tpase_001343
tpase_006273	tpase_006117
tpase_006273	tpase_006360
tpase_006273	tpase_001546
tpase_006273	tpase_006356
tpase_006273	tpase_006114
tpase_006273	tpase_002201
tpase_006273	tpase_002135
tpase_006273	tpase_001563
tpase_006273	tpase_003411
tpase_003889	tpase_001292
tpase_003889	tpase_006362
tpase_003889	tpase_006425
tpase_003889	tpase_001083
tpase_003889	tpase_000968
tpase_003889	tpase_001325
tpase_003889	tpase_006075
tpase_003889	tpase_004927
tpase_003889	tpase_004592
tpase_003889	tpase_001432
tpase_003889	tpase_001123
tpase_003889	tpase_000627
tpase_003889	tpase_006422
tpase_003889	tpase_002267
tpase_003889	tpase_005802
tpase_003889	tpase_005347
tpase_003889	tpase_005103
tpase_003889	tpase_006325
tpase_003889	tpase_004918
tpase_003889	tpase_004259
tpase_003889	tpase_001098
tpase_003889	tpase_005991
tpase_003889	tpase_002777
tpase_003889	tpase_003889
tpase_003889	tpase_003048
tpase_003889	tpase_002035
tpase_003889	tpase_001146
tpase_003889	tpase_002022
tpase_003889	tpase_006880
tpase_003889	tpase_001081
tpase_003889	tpase_000824
tpase_003889	tpase_003854
tpase_003889	tpase_006868
tpase_003889	tpase_005665
tpase_003889	tpase_001290
tpase_003889	tpase_002864
tpase_003889	tpase_000832
tpase_003889	tpase_002939
tpase_003889	tpase_006865
tpase_003889	tpase_004587
tpase_003889	tpase_000758
tpase_003889	tpase_002057
tpase_003889	tpase_005010
tpase_003889	tpase_006432
tpase_003889	tpase_002942
tpase_003889	tpase_006920
tpase_003889	tpase_005348
tpase_003889	tpase_005971
tpase_003889	tpase_006303
tpase_003889	tpase_004242
tpase_003889	tpase_003552
tpase_003889	tpase_005242
tpase_003889	tpase_005102
tpase_003889	tpase_000756
tpase_003889	tpase_006709
tpase_003889	tpase_005637
tpase_003889	tpase_006664
tpase_003889	tpase_000216
tpase_003889	tpase_000754
tpase_003889	tpase_003669
tpase_003889	tpase_003983
tpase_003889	tpase_001082
tpase_003889	tpase_002477
tpase_003889	tpase_005767
tpase_003889	tpase_002039
tpase_003889	tpase_003066
tpase_003889	tpase_001895
tpase_003889	tpase_006805
tpase_003889	tpase_006823
tpase_003889	tpase_005557
tpase_003889	tpase_006973
tpase_003889	tpase_001442
tpase_003889	tpase_004812
tpase_003889	tpase_003065
tpase_003889	tpase_006189
tpase_003889	tpase_006666
tpase_003889	tpase_006427
tpase_003889	tpase_003653
tpase_003889	tpase_002540
tpase_003889	tpase_006264
tpase_003889	tpase_004904
tpase_003889	tpase_005990
tpase_003889	tpase_001291
tpase_003889	tpase_001390
tpase_003889	tpase_001730
tpase_003889	tpase_001587
tpase_003889	tpase_006272
tpase_003889	tpase_003890
tpase_003889	tpase_006848
tpase_003889	tpase_000746
tpase_003889	tpase_005333
tpase_003889	tpase_005587
tpase_003889	tpase_005601
tpase_003889	tpase_001321
tpase_003889	tpase_003136
tpase_003889	tpase_000811
tpase_003889	tpase_005982
tpase_003889	tpase_001272
tpase_003889	tpase_005332
tpase_003889	tpase_005263
tpase_003889	tpase_000827
tpase_003889	tpase_004243
tpase_003889	tpase_003677
tpase_003889	tpase_005354
tpase_003889	tpase_005118
tpase_003889	tpase_006835
tpase_003889	tpase_006824
tpase_003889	tpase_001293
tpase_003889	tpase_005244
tpase_003889	tpase_001326
tpase_003889	tpase_005976
tpase_003889	tpase_006409
tpase_003889	tpase_001364
tpase_003889	tpase_001056
tpase_003889	tpase_000628
tpase_003889	tpase_001327
tpase_003889	tpase_003906
tpase_003889	tpase_005851
tpase_003889	tpase_000329
tpase_003889	tpase_004632
tpase_003889	tpase_005110
tpase_003942	tpase_003820
tpase_003942	tpase_001042
tpase_003942	tpase_006833
tpase_003942	tpase_003640
tpase_003942	tpase_003940
tpase_003942	tpase_006990
tpase_003942	tpase_003942
tpase_003942	tpase_005301
tpase_003942	tpase_003943
tpase_003942	tpase_005674
tpase_003942	tpase_001500
tpase_003942	tpase_006818
tpase_003942	tpase_001566
tpase_003942	tpase_005438
tpase_003942	tpase_006648
tpase_003942	tpase_003305
tpase_003942	tpase_004070
tpase_003942	tpase_005376
tpase_003942	tpase_000527
tpase_003942	tpase_003939
tpase_003942	tpase_003941
tpase_003942	tpase_001984
tpase_003942	tpase_006449
tpase_003942	tpase_002826
tpase_003942	tpase_006423
tpase_003942	tpase_003598
tpase_003942	tpase_006817
tpase_003942	tpase_000904
tpase_002600	tpase_006517
tpase_002600	tpase_003245
tpase_002600	tpase_001338
tpase_002600	tpase_001044
tpase_002600	tpase_006879
tpase_002600	tpase_001210
tpase_002600	tpase_006092
tpase_002600	tpase_006515
tpase_002600	tpase_001047
tpase_002600	tpase_006989
tpase_002600	tpase_003246
tpase_002600	tpase_005374
tpase_002600	tpase_003719
tpase_002600	tpase_004629
tpase_002600	tpase_006514
tpase_002600	tpase_006845
tpase_002600	tpase_006093
tpase_002600	tpase_006516
tpase_002600	tpase_003248
tpase_002600	tpase_001363
tpase_002600	tpase_005373
tpase_002600	tpase_006878
tpase_002600	tpase_003247
tpase_002600	tpase_002600
tpase_002600	tpase_006806
tpase_002600	tpase_006846
tpase_002600	tpase_001048
tpase_002600	tpase_001045
tpase_000391	tpase_003333
tpase_000391	tpase_006159
tpase_000391	tpase_003421
tpase_000391	tpase_002301
tpase_000391	tpase_003567
tpase_000391	tpase_003509
tpase_000391	tpase_001938
tpase_000391	tpase_003402
tpase_000391	tpase_006685
tpase_000391	tpase_003532
tpase_000391	tpase_003580
tpase_000391	tpase_003346
tpase_000391	tpase_003458
tpase_000391	tpase_005292
tpase_000391	tpase_003344
tpase_000391	tpase_006533
tpase_000391	tpase_002876
tpase_000391	tpase_003374
tpase_000391	tpase_004693
tpase_000391	tpase_004874
tpase_000391	tpase_003468
tpase_000391	tpase_006975
tpase_000391	tpase_003466
tpase_000391	tpase_003531
tpase_000391	tpase_003431
tpase_000391	tpase_002452
tpase_000391	tpase_004875
tpase_000391	tpase_004308
tpase_000391	tpase_006397
tpase_000391	tpase_004694
tpase_000391	tpase_004413
tpase_000391	tpase_006798
tpase_000391	tpase_003486
tpase_000391	tpase_003516
tpase_000391	tpase_006341
tpase_000391	tpase_006317
tpase_000391	tpase_000580
tpase_000391	tpase_000276
tpase_000391	tpase_005240
tpase_000391	tpase_004439
tpase_000391	tpase_002760
tpase_000391	tpase_006218
tpase_000391	tpase_001382
tpase_000391	tpase_004416
tpase_000391	tpase_004740
tpase_000391	tpase_000797
tpase_000391	tpase_004931
tpase_000391	tpase_006704
tpase_000391	tpase_003898
tpase_000391	tpase_002984
tpase_000391	tpase_006214
tpase_000391	tpase_002973
tpase_000391	tpase_004846
tpase_000391	tpase_000275
tpase_000391	tpase_000392
tpase_000391	tpase_003397
tpase_000391	tpase_000549
tpase_000391	tpase_003478
tpase_000391	tpase_000394
tpase_000391	tpase_003364
tpase_000391	tpase_004695
tpase_000391	tpase_004767
tpase_000391	tpase_003617
tpase_000391	tpase_003489
tpase_000391	tpase_003502
tpase_000391	tpase_003453
tpase_000391	tpase_000667
tpase_000391	tpase_000391
tpase_000391	tpase_003479
tpase_000391	tpase_005371
tpase_000391	tpase_002521
tpase_000391	tpase_006498
tpase_000391	tpase_006600
tpase_000391	tpase_003452
tpase_000391	tpase_002678
tpase_000391	tpase_001385
tpase_000391	tpase_006770
tpase_000391	tpase_004196
tpase_000391	tpase_003467
tpase_000391	tpase_004845
tpase_000391	tpase_002874
tpase_000391	tpase_002333
tpase_000391	tpase_003593
tpase_000391	tpase_004417
tpase_000391	tpase_002753
tpase_000391	tpase_006307
tpase_000391	tpase_006151
tpase_000391	tpase_000393
tpase_000391	tpase_003450
tpase_000391	tpase_002227
tpase_000391	tpase_001057
tpase_000391	tpase_004847
tpase_000391	tpase_003555
tpase_000391	tpase_000952
tpase_000391	tpase_003487
tpase_000391	tpase_001937
tpase_000391	tpase_003345
tpase_000391	tpase_002546
tpase_000391	tpase_000007
tpase_000391	tpase_003451
tpase_000391	tpase_003639
tpase_000391	tpase_003514
tpase_000391	tpase_006263
tpase_000391	tpase_003432
tpase_000391	tpase_003488
tpase_000391	tpase_002707
tpase_000391	tpase_000552
tpase_000391	tpase_003549
tpase_000391	tpase_003320
tpase_000391	tpase_003429
tpase_000391	tpase_006315
tpase_000391	tpase_002574
tpase_000391	tpase_004028
tpase_000391	tpase_004816
tpase_000391	tpase_002727
tpase_000391	tpase_001345
tpase_000391	tpase_002928
tpase_000391	tpase_006195
tpase_000391	tpase_002389
tpase_000391	tpase_006251
tpase_000391	tpase_000550
tpase_000391	tpase_002174
tpase_000391	tpase_003324
tpase_000391	tpase_003521
tpase_000391	tpase_002302
tpase_000391	tpase_002431
tpase_000391	tpase_003111
tpase_000391	tpase_003050
tpase_000391	tpase_002084
tpase_000391	tpase_000665
tpase_000391	tpase_003491
tpase_000391	tpase_000388
tpase_000391	tpase_001472
tpase_000391	tpase_004753
tpase_000391	tpase_006581
tpase_000391	tpase_000221
tpase_000391	tpase_003016
tpase_000391	tpase_002872
tpase_000391	tpase_004129
tpase_000391	tpase_004131
tpase_000391	tpase_000274
tpase_000391	tpase_001623
tpase_000391	tpase_003530
tpase_000391	tpase_004287
tpase_000391	tpase_001961
tpase_000391	tpase_002575
tpase_000391	tpase_004130
tpase_000391	tpase_000395
tpase_000391	tpase_006663
tpase_000391	tpase_005298
tpase_000391	tpase_000133
tpase_005287	tpase_005887
tpase_005287	tpase_005295
tpase_005287	tpase_005888
tpase_005287	tpase_006933
tpase_005287	tpase_002363
tpase_005287	tpase_005287
tpase_005287	tpase_006152
tpase_002320	tpase_006445
tpase_002320	tpase_002564
tpase_002320	tpase_004356
tpase_002320	tpase_004126
tpase_002320	tpase_004358
tpase_002320	tpase_004418
tpase_002320	tpase_006781
tpase_002320	tpase_002947
tpase_002320	tpase_001395
tpase_002320	tpase_001344
tpase_002320	tpase_004027
tpase_002320	tpase_005297
tpase_002320	tpase_004591
tpase_002320	tpase_006205
tpase_002320	tpase_004125
tpase_002320	tpase_004412
tpase_002320	tpase_002320
tpase_002320	tpase_004026
tpase_002320	tpase_001422
tpase_002320	tpase_004032
tpase_002320	tpase_004124
tpase_002320	tpase_004419
tpase_002320	tpase_006832
tpase_001773	tpase_004118
tpase_001773	tpase_001773
tpase_001773	tpase_004565
tpase_001773	tpase_001307
tpase_001773	tpase_003252
tpase_001773	tpase_004566
tpase_001773	tpase_002418
tpase_001773	tpase_005810
tpase_001773	tpase_004810
tpase_001773	tpase_001807
tpase_001773	tpase_003165
tpase_001773	tpase_004620
tpase_001773	tpase_004567
tpase_001773	tpase_004789
tpase_001773	tpase_000327
tpase_001773	tpase_002349
tpase_001773	tpase_002348
tpase_001773	tpase_004000
tpase_001773	tpase_005884
tpase_001773	tpase_002375
tpase_000086	tpase_005299
tpase_000086	tpase_003875
tpase_000086	tpase_000643
tpase_000086	tpase_005437
tpase_000086	tpase_001167
tpase_000086	tpase_005120
tpase_000086	tpase_003268
tpase_000086	tpase_007010
tpase_000086	tpase_006122
tpase_000086	tpase_003933
tpase_000086	tpase_003904
tpase_000086	tpase_003862
tpase_000086	tpase_000086
tpase_000086	tpase_001913
tpase_000086	tpase_000834
tpase_000086	tpase_002315
tpase_000086	tpase_006006
tpase_000086	tpase_000835
tpase_000086	tpase_002545
tpase_000086	tpase_000432
tpase_000086	tpase_000333
tpase_000086	tpase_006300
tpase_000086	tpase_006492
tpase_000086	tpase_006939
tpase_000086	tpase_005880
tpase_000086	tpase_006457
tpase_000086	tpase_003883
tpase_000086	tpase_003125
tpase_000086	tpase_003867
tpase_000086	tpase_003284
tpase_000086	tpase_004873
tpase_000086	tpase_005119
tpase_000086	tpase_005446
tpase_000086	tpase_004714
tpase_000086	tpase_000641
tpase_000086	tpase_000831
tpase_000086	tpase_000995
tpase_000086	tpase_004715
tpase_000086	tpase_006338
tpase_000086	tpase_000642
tpase_000086	tpase_000810
tpase_000086	tpase_003819
tpase_000086	tpase_002318
tpase_000086	tpase_005454
tpase_000086	tpase_005282
tpase_000086	tpase_000821
tpase_000086	tpase_003061
tpase_000086	tpase_003868
tpase_000086	tpase_003863
tpase_000086	tpase_005685
tpase_000086	tpase_007069
tpase_000086	tpase_006102
tpase_000086	tpase_001165
tpase_000086	tpase_000286
tpase_000086	tpase_003900
tpase_000086	tpase_000335
tpase_000086	tpase_000289
tpase_000086	tpase_002414
tpase_002413	tpase_005256
tpase_002413	tpase_001080
tpase_002413	tpase_002551
tpase_002413	tpase_001921
tpase_002413	tpase_002710
tpase_002413	tpase_002413
tpase_002008	tpase_002008
tpase_006052	tpase_004332
tpase_006052	tpase_000684
tpase_006052	tpase_002024
tpase_006052	tpase_003112
tpase_006052	tpase_003113
tpase_006052	tpase_004863
tpase_006052	tpase_002140
tpase_006052	tpase_002346
tpase_006052	tpase_006052
tpase_003992	tpase_007097
tpase_003992	tpase_003985
tpase_003992	tpase_006729
tpase_003992	tpase_002529
tpase_003992	tpase_003687
tpase_003992	tpase_002548
tpase_003992	tpase_004237
tpase_003992	tpase_006482
tpase_003992	tpase_001106
tpase_003992	tpase_001828
tpase_003992	tpase_004227
tpase_003992	tpase_004294
tpase_003992	tpase_002676
tpase_003992	tpase_007098
tpase_003992	tpase_003992
tpase_003992	tpase_006854
tpase_003992	tpase_004330
tpase_003992	tpase_005011
tpase_003992	tpase_001095
tpase_003992	tpase_000745
tpase_003992	tpase_005406
tpase_003992	tpase_003765
tpase_003992	tpase_000294
tpase_003992	tpase_006728
tpase_003992	tpase_004314
tpase_003992	tpase_003895
tpase_003992	tpase_003678
tpase_003992	tpase_005303
tpase_003992	tpase_001145
tpase_003992	tpase_001836
tpase_003992	tpase_003070
tpase_003992	tpase_005490
tpase_003992	tpase_003984
tpase_003992	tpase_002530
tpase_003992	tpase_006742
tpase_003992	tpase_002550
tpase_003992	tpase_002114
tpase_003992	tpase_002172
tpase_003992	tpase_006856
tpase_003992	tpase_005514
tpase_003992	tpase_005875
tpase_003992	tpase_001144
tpase_003992	tpase_001096
tpase_003992	tpase_005038
tpase_003992	tpase_001105
tpase_003992	tpase_005574
tpase_003992	tpase_003178
tpase_003992	tpase_002544
tpase_003992	tpase_000148
tpase_003992	tpase_005039
tpase_003992	tpase_005366
tpase_003992	tpase_001698
tpase_003992	tpase_005955
tpase_003992	tpase_005037
tpase_003992	tpase_000736
tpase_003992	tpase_001577
tpase_003992	tpase_006857
tpase_003992	tpase_005253
tpase_003992	tpase_002559
tpase_003992	tpase_003291
tpase_003992	tpase_006483
tpase_003992	tpase_006855
tpase_003992	tpase_006719
tpase_003992	tpase_004549
tpase_003313	tpase_003228
tpase_003313	tpase_005266
tpase_003313	tpase_000873
tpase_003313	tpase_006655
tpase_003313	tpase_004882
tpase_003313	tpase_004376
tpase_003313	tpase_000872
tpase_003313	tpase_004861
tpase_003313	tpase_004937
tpase_003313	tpase_004371
tpase_003313	tpase_002591
tpase_003313	tpase_004932
tpase_003313	tpase_004515
tpase_003313	tpase_004066
tpase_003313	tpase_004879
tpase_003313	tpase_003848
tpase_003313	tpase_004934
tpase_003313	tpase_003313
tpase_003313	tpase_004514
tpase_003313	tpase_005264
tpase_003313	tpase_003850
tpase_003313	tpase_002593
tpase_003313	tpase_004855
tpase_003313	tpase_004370
tpase_003313	tpase_004878
tpase_003313	tpase_004853
tpase_003313	tpase_004856
tpase_003313	tpase_004036
tpase_003313	tpase_004067
tpase_003313	tpase_004859
tpase_003313	tpase_004880
tpase_003313	tpase_004933
tpase_003313	tpase_004936
tpase_003313	tpase_002595
tpase_003313	tpase_004854
tpase_003313	tpase_002592
tpase_003313	tpase_002589
tpase_003313	tpase_003229
tpase_003313	tpase_004034
tpase_003313	tpase_003314
tpase_003313	tpase_006653
tpase_003313	tpase_002594
tpase_003313	tpase_004065
tpase_003313	tpase_004364
tpase_003313	tpase_004366
tpase_003313	tpase_002597
tpase_003313	tpase_004860
tpase_003313	tpase_004035
tpase_003313	tpase_006654
tpase_003313	tpase_002596
tpase_003313	tpase_004881
tpase_003313	tpase_001394
tpase_003313	tpase_004372
tpase_003313	tpase_004935
tpase_003313	tpase_004516
tpase_003313	tpase_004068
tpase_003313	tpase_003312
tpase_003313	tpase_002590
tpase_003313	tpase_003849
tpase_003313	tpase_004877
tpase_003313	tpase_004377
tpase_003313	tpase_000871
tpase_003313	tpase_004365
tpase_003313	tpase_003227
tpase_003313	tpase_004857
tpase_003313	tpase_004858
tpase_003313	tpase_005265
tpase_003313	tpase_004378
tpase_003634	tpase_003494
tpase_003634	tpase_003577
tpase_003634	tpase_003626
tpase_003634	tpase_003634
tpase_003634	tpase_003641
tpase_003634	tpase_004819
tpase_003634	tpase_004824
tpase_003634	tpase_003520
tpase_003634	tpase_004698
tpase_003634	tpase_003603
tpase_003634	tpase_003604
tpase_003634	tpase_004821
tpase_003634	tpase_004820
tpase_003634	tpase_004822
tpase_003634	tpase_004823
tpase_003634	tpase_003323
tpase_000136	tpase_005694
tpase_000136	tpase_001917
tpase_000136	tpase_000136
tpase_000136	tpase_004903
tpase_000136	tpase_004078
tpase_000136	tpase_001256
tpase_000136	tpase_003888
tpase_000136	tpase_004653
tpase_000136	tpase_004616
tpase_000136	tpase_006624
tpase_000136	tpase_000634
tpase_000136	tpase_006748
tpase_000136	tpase_005704
tpase_000136	tpase_004729
tpase_006501	tpase_006501
tpase_006501	tpase_006158
tpase_006501	tpase_003840
tpase_006501	tpase_003874
tpase_006501	tpase_003789
tpase_004085	tpase_002478
tpase_004085	tpase_004887
tpase_004085	tpase_002340
tpase_004085	tpase_005364
tpase_004085	tpase_002023
tpase_004085	tpase_006716
tpase_004085	tpase_002380
tpase_004085	tpase_005363
tpase_004085	tpase_006644
tpase_004085	tpase_005362
tpase_004085	tpase_004640
tpase_004085	tpase_004706
tpase_004085	tpase_004374
tpase_004085	tpase_006764
tpase_004085	tpase_001079
tpase_004085	tpase_002798
tpase_004085	tpase_003266
tpase_004085	tpase_003027
tpase_004085	tpase_002735
tpase_004085	tpase_005816
tpase_004085	tpase_002467
tpase_004085	tpase_004723
tpase_004085	tpase_005843
tpase_004085	tpase_006673
tpase_004085	tpase_006608
tpase_004085	tpase_004119
tpase_004085	tpase_002733
tpase_004085	tpase_003805
tpase_004085	tpase_002660
tpase_004085	tpase_002665
tpase_004085	tpase_004094
tpase_004085	tpase_004725
tpase_004085	tpase_004085
tpase_004085	tpase_005812
tpase_004085	tpase_006645
tpase_004085	tpase_002766
tpase_004085	tpase_004257
tpase_004085	tpase_003318
tpase_004085	tpase_004493
tpase_004085	tpase_004256
tpase_004085	tpase_002654
tpase_004085	tpase_003025
tpase_004085	tpase_004111
tpase_004085	tpase_002734
tpase_004085	tpase_005989
tpase_004085	tpase_006668
tpase_004085	tpase_004633
tpase_004085	tpase_005257
tpase_004085	tpase_002468
tpase_004085	tpase_003026
tpase_004085	tpase_002397
tpase_004085	tpase_002793
tpase_004085	tpase_004255
tpase_004085	tpase_004724
tpase_004085	tpase_006301
tpase_004085	tpase_002352
tpase_004085	tpase_002469
tpase_004085	tpase_005950
tpase_004085	tpase_002738
tpase_004085	tpase_002731
tpase_004085	tpase_003779
tpase_004085	tpase_005273
tpase_004085	tpase_004389
tpase_004085	tpase_004075
tpase_004085	tpase_005170
tpase_000300	tpase_004445
tpase_000300	tpase_005034
tpase_000300	tpase_006945
tpase_000300	tpase_005370
tpase_000300	tpase_005909
tpase_000300	tpase_006126
tpase_000300	tpase_006340
tpase_000300	tpase_000300
tpase_000300	tpase_001520
tpase_000300	tpase_000894
tpase_000300	tpase_002583
tpase_000300	tpase_001507
tpase_000300	tpase_006437
tpase_000300	tpase_001209
tpase_000300	tpase_004071
tpase_000300	tpase_005217
tpase_000300	tpase_003842
tpase_000300	tpase_001322
tpase_000300	tpase_001985
tpase_000300	tpase_003771
tpase_000300	tpase_006891
tpase_000300	tpase_002566
tpase_000300	tpase_001522
tpase_000300	tpase_002882
tpase_000300	tpase_005368
tpase_000300	tpase_002601
tpase_000300	tpase_006706
tpase_000300	tpase_001508
tpase_000300	tpase_001825
tpase_000300	tpase_006073
tpase_000300	tpase_002603
tpase_000300	tpase_000279
tpase_000300	tpase_000988
tpase_000300	tpase_007067
tpase_000300	tpase_006932
tpase_000300	tpase_000906
tpase_000300	tpase_005239
tpase_000300	tpase_002604
tpase_000300	tpase_000164
tpase_000300	tpase_006963
tpase_000300	tpase_006424
tpase_000300	tpase_005276
tpase_000300	tpase_006828
tpase_000300	tpase_001120
tpase_000300	tpase_006161
tpase_000300	tpase_006864
tpase_000300	tpase_005702
tpase_000300	tpase_005567
tpase_000300	tpase_001547
tpase_000300	tpase_002383
tpase_000300	tpase_003249
tpase_000300	tpase_000896
tpase_000300	tpase_006705
tpase_000300	tpase_001483
tpase_000300	tpase_002851
tpase_000300	tpase_001503
tpase_000300	tpase_005290
tpase_000300	tpase_005706
tpase_000300	tpase_000895
tpase_000300	tpase_007021
tpase_000300	tpase_001026
tpase_000300	tpase_001381
tpase_000300	tpase_000163
tpase_000300	tpase_005222
tpase_000300	tpase_001037
tpase_000300	tpase_001722
tpase_000300	tpase_001826
tpase_000300	tpase_005910
tpase_000300	tpase_006059
tpase_000300	tpase_001513
tpase_000300	tpase_002822
tpase_000300	tpase_003736
tpase_000300	tpase_001521
tpase_000300	tpase_001484
tpase_000300	tpase_006956
tpase_000300	tpase_004900
tpase_000300	tpase_005289
tpase_000300	tpase_001787
tpase_000300	tpase_006802
tpase_000300	tpase_004617
tpase_000300	tpase_002602
tpase_000300	tpase_001590
tpase_000300	tpase_005847
tpase_000300	tpase_005369
tpase_000300	tpase_002305
tpase_000300	tpase_006895
tpase_000300	tpase_001324
tpase_000300	tpase_006962
tpase_000300	tpase_005911
tpase_000300	tpase_001308
tpase_000300	tpase_005449
tpase_005531	tpase_001565
tpase_005531	tpase_005142
tpase_005531	tpase_006831
tpase_005531	tpase_006866
tpase_005531	tpase_006970
tpase_005531	tpase_001350
tpase_005531	tpase_001032
tpase_005531	tpase_001031
tpase_005531	tpase_000134
tpase_005531	tpase_006348
tpase_005531	tpase_005531
tpase_005531	tpase_001029
tpase_005531	tpase_006085
tpase_005531	tpase_002509
tpase_005531	tpase_005144
tpase_005531	tpase_006246
tpase_005531	tpase_002929
tpase_005531	tpase_002931
tpase_005531	tpase_001030
tpase_005531	tpase_001147
tpase_005531	tpase_001202
tpase_005531	tpase_006971
tpase_005531	tpase_005231
tpase_005531	tpase_003665
tpase_005531	tpase_002512
tpase_005531	tpase_000482
tpase_000605	tpase_000605
tpase_002407	tpase_001215
tpase_002407	tpase_001214
tpase_002407	tpase_006700
tpase_002407	tpase_001223
tpase_002407	tpase_003955
tpase_002407	tpase_001221
tpase_002407	tpase_002450
tpase_002407	tpase_001222
tpase_002407	tpase_001216
tpase_002407	tpase_002292
tpase_002407	tpase_006800
tpase_002407	tpase_002407
tpase_002407	tpase_004885
tpase_002407	tpase_006776
tpase_000422	tpase_002281
tpase_000422	tpase_003365
tpase_000422	tpase_000408
tpase_000422	tpase_001625
tpase_000422	tpase_000427
tpase_000422	tpase_000426
tpase_000422	tpase_001601
tpase_000422	tpase_000410
tpase_000422	tpase_000418
tpase_000422	tpase_001973
tpase_000422	tpase_000068
tpase_000422	tpase_001626
tpase_000422	tpase_000411
tpase_000422	tpase_000406
tpase_000422	tpase_000425
tpase_000422	tpase_000404
tpase_000422	tpase_000428
tpase_000422	tpase_000405
tpase_000422	tpase_000412
tpase_000422	tpase_001974
tpase_000422	tpase_001627
tpase_000422	tpase_001620
tpase_000422	tpase_000423
tpase_000422	tpase_000419
tpase_000422	tpase_001602
tpase_000422	tpase_000416
tpase_000422	tpase_000422
tpase_000422	tpase_000429
tpase_000422	tpase_001600
tpase_000422	tpase_000414
tpase_000422	tpase_000403
tpase_000422	tpase_000420
tpase_000422	tpase_000407
tpase_000422	tpase_001217
tpase_000422	tpase_001624
tpase_000422	tpase_000421
tpase_000422	tpase_003212
tpase_000422	tpase_000424
tpase_000422	tpase_000413
tpase_000422	tpase_002398
tpase_000422	tpase_000415
tpase_000422	tpase_000430
tpase_000422	tpase_000417
tpase_002561	tpase_001808
tpase_002561	tpase_000704
tpase_002561	tpase_006611
tpase_002561	tpase_004373
tpase_002561	tpase_000737
tpase_002561	tpase_005747
tpase_002561	tpase_000738
tpase_002561	tpase_000673
tpase_002561	tpase_000326
tpase_002561	tpase_004641
tpase_002561	tpase_004117
tpase_002561	tpase_004569
tpase_002561	tpase_002561
tpase_002561	tpase_006597
tpase_002561	tpase_004648
tpase_002561	tpase_004336
tpase_002561	tpase_003107
tpase_002561	tpase_004790
tpase_002561	tpase_000674
tpase_002561	tpase_000672
tpase_002561	tpase_003106
tpase_002700	tpase_002642
tpase_002700	tpase_002700
tpase_002700	tpase_002641
tpase_006236	tpase_002179
tpase_006236	tpase_006162
tpase_006236	tpase_002165
tpase_006236	tpase_003038
tpase_006236	tpase_004326
tpase_006236	tpase_002104
tpase_006236	tpase_006236
tpase_006236	tpase_006914
tpase_006236	tpase_001169
tpase_006236	tpase_000799
tpase_006236	tpase_003378
tpase_006236	tpase_001661
tpase_006236	tpase_006674
tpase_006236	tpase_000096
tpase_006236	tpase_006142
tpase_006236	tpase_005722
tpase_006236	tpase_002180
tpase_006236	tpase_006869
tpase_006236	tpase_003728
tpase_006236	tpase_003797
tpase_006236	tpase_001099
tpase_006236	tpase_005740
tpase_004357	tpase_003612
tpase_004357	tpase_003341
tpase_004357	tpase_003574
tpase_004357	tpase_003610
tpase_004357	tpase_003525
tpase_004357	tpase_004357
tpase_004357	tpase_003595
tpase_004357	tpase_003611
tpase_004357	tpase_004120
tpase_004357	tpase_003358
tpase_004357	tpase_003362
tpase_004357	tpase_003334
tpase_004357	tpase_003359
tpase_004357	tpase_001276
tpase_004357	tpase_003357
tpase_004357	tpase_003360
tpase_004357	tpase_003343
tpase_004357	tpase_003573
tpase_004357	tpase_004137
tpase_004357	tpase_003350
tpase_004357	tpase_003511
tpase_004019	tpase_004415
tpase_004019	tpase_004019
tpase_000915	tpase_001119
tpase_000915	tpase_006426
tpase_000915	tpase_002161
tpase_000915	tpase_000915
tpase_000915	tpase_000664
tpase_000915	tpase_005268
tpase_000915	tpase_001872
tpase_000915	tpase_001735
tpase_000915	tpase_005741
tpase_000915	tpase_000951
tpase_000915	tpase_006074
tpase_000915	tpase_006061
tpase_000915	tpase_000967
tpase_000915	tpase_003301
tpase_000915	tpase_002823
tpase_000915	tpase_001078
tpase_006255	tpase_006255
tpase_006255	tpase_004815
tpase_006255	tpase_003594
tpase_006255	tpase_003646
tpase_006255	tpase_004699
tpase_006255	tpase_003398
tpase_006255	tpase_003400
tpase_003778	tpase_003778
tpase_003778	tpase_003774
tpase_003778	tpase_003777
tpase_003778	tpase_003776
tpase_005079	tpase_004679
tpase_005079	tpase_003440
tpase_005079	tpase_003513
tpase_005079	tpase_003651
tpase_005079	tpase_003331
tpase_005079	tpase_005079
tpase_005079	tpase_003629
tpase_005079	tpase_003363
tpase_005079	tpase_003498
tpase_005079	tpase_004263
tpase_005079	tpase_004245
tpase_005079	tpase_004818
tpase_005079	tpase_003642
tpase_005079	tpase_003330
tpase_005079	tpase_004768
tpase_005079	tpase_004248
tpase_005079	tpase_003623
tpase_005079	tpase_004844
tpase_005079	tpase_003492
tpase_005079	tpase_004246
tpase_005079	tpase_003528
tpase_005079	tpase_003503
tpase_005079	tpase_004696
tpase_005079	tpase_003607
tpase_005079	tpase_003515
tpase_005079	tpase_003522
tpase_005079	tpase_003523
tpase_005079	tpase_003495
tpase_005079	tpase_003455
tpase_005079	tpase_003605
tpase_005079	tpase_004671
tpase_005079	tpase_003512
tpase_005079	tpase_003401
tpase_005079	tpase_003618
tpase_005079	tpase_003622
tpase_005079	tpase_003575
tpase_005079	tpase_003456
tpase_005079	tpase_003319
tpase_005079	tpase_003493
tpase_005079	tpase_004766
tpase_005079	tpase_003490
tpase_005079	tpase_004669
tpase_005079	tpase_003608
tpase_006265	tpase_006265
tpase_006265	tpase_002064
tpase_006265	tpase_006587
tpase_006265	tpase_006582
tpase_006265	tpase_002063
tpase_002796	tpase_003834
tpase_002796	tpase_003952
tpase_002796	tpase_003832
tpase_002796	tpase_003871
tpase_002796	tpase_006678
tpase_002796	tpase_003870
tpase_002796	tpase_003836
tpase_002796	tpase_003899
tpase_002796	tpase_003835
tpase_002796	tpase_003885
tpase_002796	tpase_002796
tpase_002796	tpase_003869
tpase_002796	tpase_001245
tpase_003558	tpase_003482
tpase_003558	tpase_003399
tpase_003558	tpase_003557
tpase_003558	tpase_003353
tpase_003558	tpase_004843
tpase_003558	tpase_003519
tpase_003558	tpase_003342
tpase_003558	tpase_004586
tpase_003558	tpase_003590
tpase_003558	tpase_003589
tpase_003558	tpase_003558
tpase_004839	tpase_003321
tpase_004839	tpase_001286
tpase_004839	tpase_003322
tpase_004839	tpase_004829
tpase_004839	tpase_003576
tpase_004839	tpase_001280
tpase_004839	tpase_003631
tpase_004839	tpase_004828
tpase_004839	tpase_004839
tpase_004839	tpase_003630
tpase_004839	tpase_004697
tpase_000041	tpase_006107
tpase_000041	tpase_002891
tpase_000041	tpase_005122
tpase_000041	tpase_002900
tpase_000041	tpase_000042
tpase_000041	tpase_005140
tpase_000041	tpase_007022
tpase_000041	tpase_005077
tpase_000041	tpase_002508
tpase_000041	tpase_002855
tpase_000041	tpase_006216
tpase_000041	tpase_003934
tpase_000041	tpase_006344
tpase_000041	tpase_007071
tpase_000041	tpase_005572
tpase_000041	tpase_006170
tpase_000041	tpase_006220
tpase_000041	tpase_005375
tpase_000041	tpase_000041
tpase_000041	tpase_005367
tpase_000041	tpase_000230
tpase_000041	tpase_006215
tpase_000041	tpase_001564
tpase_000041	tpase_006183
tpase_002065	tpase_006267
tpase_002065	tpase_002062
tpase_002065	tpase_002065
tpase_002065	tpase_006586
tpase_005914	tpase_001697
tpase_005914	tpase_006429
tpase_005914	tpase_006972
tpase_005914	tpase_001173
tpase_005914	tpase_002229
tpase_005914	tpase_006115
tpase_005914	tpase_002323
tpase_005914	tpase_006209
tpase_005914	tpase_007015
tpase_005914	tpase_003037
tpase_005914	tpase_005914
tpase_005914	tpase_003134
tpase_005914	tpase_002958
tpase_005914	tpase_005795
tpase_005914	tpase_001193
tpase_005914	tpase_001862
tpase_005914	tpase_004346
tpase_005914	tpase_003167
tpase_005914	tpase_006326
tpase_005914	tpase_001333
tpase_005914	tpase_000215
tpase_005914	tpase_002807
tpase_002405	tpase_002405
tpase_002405	tpase_005274
tpase_004239	tpase_003176
tpase_004239	tpase_004452
tpase_004239	tpase_001534
tpase_004239	tpase_004239
tpase_004239	tpase_001689
tpase_004239	tpase_005646
tpase_004239	tpase_004208
tpase_004239	tpase_005605
tpase_004239	tpase_001690
tpase_004239	tpase_004331
tpase_004239	tpase_005600
tpase_004239	tpase_005783
tpase_004239	tpase_004465
tpase_004239	tpase_004204
tpase_004239	tpase_001688
tpase_004239	tpase_004209
tpase_004239	tpase_004504
tpase_005746	tpase_004468
tpase_005746	tpase_001541
tpase_005746	tpase_004461
tpase_005746	tpase_005746
tpase_005746	tpase_003190
tpase_000919	tpase_000919
tpase_000919	tpase_000917
tpase_000919	tpase_000918
tpase_006493	tpase_003788
tpase_006493	tpase_000089
tpase_006493	tpase_002971
tpase_006493	tpase_003857
tpase_006493	tpase_006188
tpase_006493	tpase_006532
tpase_006493	tpase_004949
tpase_006493	tpase_006392
tpase_006493	tpase_003897
tpase_006493	tpase_003079
tpase_006493	tpase_000083
tpase_006493	tpase_006050
tpase_006493	tpase_006523
tpase_006493	tpase_002974
tpase_006493	tpase_002966
tpase_006493	tpase_000076
tpase_006493	tpase_006160
tpase_006493	tpase_006493
tpase_006493	tpase_006388
tpase_006493	tpase_006193
tpase_006493	tpase_000129
tpase_006493	tpase_006299
tpase_006493	tpase_000078
tpase_006493	tpase_003872
tpase_006493	tpase_006500
tpase_006493	tpase_000225
tpase_000902	tpase_001275
tpase_000902	tpase_000902
tpase_000902	tpase_001824
tpase_000902	tpase_005335
tpase_000902	tpase_001302
tpase_000902	tpase_002107
tpase_000902	tpase_004794
tpase_000902	tpase_005159
tpase_003632	tpase_003481
tpase_003632	tpase_003348
tpase_003632	tpase_003504
tpase_003632	tpase_004700
tpase_003632	tpase_003572
tpase_003632	tpase_003347
tpase_003632	tpase_003632
tpase_003632	tpase_003496
tpase_003632	tpase_003332
tpase_003632	tpase_003336
tpase_003632	tpase_003621
tpase_003632	tpase_003560
tpase_003632	tpase_003619
tpase_003632	tpase_003497
tpase_003632	tpase_003483
tpase_003632	tpase_003352
tpase_003632	tpase_003620
tpase_003632	tpase_003338
tpase_003632	tpase_003337
tpase_003632	tpase_003633
tpase_004159	tpase_002696
tpase_004159	tpase_001908
tpase_004159	tpase_004543
tpase_004159	tpase_004405
tpase_004159	tpase_004407
tpase_004159	tpase_004544
tpase_004159	tpase_005569
tpase_004159	tpase_004406
tpase_004159	tpase_004020
tpase_004159	tpase_003273
tpase_004159	tpase_001279
tpase_004159	tpase_001940
tpase_004159	tpase_005751
tpase_004159	tpase_004153
tpase_004159	tpase_002401
tpase_004159	tpase_003214
tpase_004159	tpase_004029
tpase_004159	tpase_003213
tpase_004159	tpase_002759
tpase_004159	tpase_004159
tpase_000081	tpase_000081
tpase_000081	tpase_004496
tpase_002663	tpase_003856
tpase_002663	tpase_002661
tpase_002663	tpase_002663
tpase_002663	tpase_003855
tpase_002663	tpase_002662
tpase_002969	tpase_003683
tpase_002969	tpase_002969
tpase_002969	tpase_003377
tpase_002969	tpase_006051
tpase_006964	tpase_001268
tpase_006964	tpase_002503
tpase_006964	tpase_006722
tpase_006964	tpase_000561
tpase_006964	tpase_001531
tpase_006964	tpase_005361
tpase_006964	tpase_004902
tpase_006964	tpase_006683
tpase_006964	tpase_001694
tpase_006964	tpase_001267
tpase_006964	tpase_001257
tpase_006964	tpase_006803
tpase_006964	tpase_004254
tpase_006964	tpase_002224
tpase_006964	tpase_006396
tpase_006964	tpase_002474
tpase_006964	tpase_000328
tpase_006964	tpase_006768
tpase_006964	tpase_002572
tpase_006964	tpase_005975
tpase_006964	tpase_005760
tpase_006964	tpase_005959
tpase_006964	tpase_005343
tpase_006964	tpase_002473
tpase_006964	tpase_004092
tpase_006964	tpase_005008
tpase_006964	tpase_006964
tpase_006964	tpase_001679
tpase_006964	tpase_003729
tpase_006964	tpase_000908
tpase_006964	tpase_001729
tpase_006964	tpase_002199
tpase_006964	tpase_002163
tpase_006964	tpase_000205
tpase_006964	tpase_000168
tpase_006964	tpase_002463
tpase_006964	tpase_006499
tpase_006964	tpase_004315
tpase_006964	tpase_006350
tpase_006964	tpase_001527
tpase_006964	tpase_004731
tpase_006964	tpase_002571
tpase_006964	tpase_002568
tpase_006964	tpase_005974
tpase_006964	tpase_000990
tpase_006964	tpase_002651
tpase_006964	tpase_000989
tpase_006964	tpase_004072
tpase_006964	tpase_000167
tpase_006964	tpase_005309
tpase_006964	tpase_001734
tpase_006964	tpase_002605
tpase_006964	tpase_006402
tpase_006964	tpase_004093
tpase_006964	tpase_006187
tpase_006964	tpase_004503
tpase_006964	tpase_000124
tpase_001713	tpase_000554
tpase_001713	tpase_000635
tpase_001713	tpase_001713
tpase_001713	tpase_000560
tpase_001713	tpase_001712
tpase_001713	tpase_000556
tpase_001713	tpase_001723
tpase_001713	tpase_000558
tpase_001713	tpase_002040
tpase_001713	tpase_001589
tpase_001713	tpase_000557
tpase_001713	tpase_000082
tpase_001713	tpase_000559
tpase_001713	tpase_001720
tpase_001713	tpase_005568
tpase_000742	tpase_004585
tpase_000742	tpase_003990
tpase_000742	tpase_003110
tpase_000742	tpase_000742
tpase_000742	tpase_004652
tpase_006592	tpase_006591
tpase_006592	tpase_002067
tpase_006592	tpase_006592
tpase_006592	tpase_002061
tpase_006592	tpase_002066
tpase_007121	tpase_006584
tpase_007121	tpase_002338
tpase_007121	tpase_001613
tpase_007121	tpase_004038
tpase_007121	tpase_002083
tpase_007121	tpase_002300
tpase_007121	tpase_007121
tpase_007121	tpase_007119
tpase_007121	tpase_000268
tpase_007121	tpase_000272
tpase_007121	tpase_002381
tpase_007121	tpase_001062
tpase_007121	tpase_002726
tpase_007121	tpase_000269
tpase_007121	tpase_001833
tpase_007121	tpase_006794
tpase_007121	tpase_000296
tpase_007121	tpase_006585
tpase_007121	tpase_004033
tpase_007121	tpase_007120
tpase_007121	tpase_002353
tpase_007121	tpase_003877
tpase_007121	tpase_001061
tpase_007121	tpase_000270
tpase_007121	tpase_006268
tpase_007121	tpase_002296
tpase_007121	tpase_006266
tpase_007121	tpase_000551
tpase_007121	tpase_000334
tpase_007121	tpase_002304
tpase_007121	tpase_005215
tpase_007121	tpase_006314
tpase_007121	tpase_002078
tpase_007121	tpase_007117
tpase_007121	tpase_003457
tpase_007121	tpase_006754
tpase_007121	tpase_002303
tpase_007121	tpase_003884
tpase_007121	tpase_006583
tpase_007121	tpase_006769
tpase_007121	tpase_001304
tpase_007121	tpase_004769
tpase_007121	tpase_002079
tpase_007121	tpase_002170
tpase_007121	tpase_002289
tpase_007121	tpase_006755
tpase_007121	tpase_002077
tpase_007121	tpase_000271
tpase_001540	tpase_001538
tpase_001540	tpase_001540
tpase_001714	tpase_000802
tpase_001714	tpase_002644
tpase_001714	tpase_000964
tpase_001714	tpase_000801
tpase_001714	tpase_000800
tpase_001714	tpase_003126
tpase_001714	tpase_003950
tpase_001714	tpase_001714
tpase_001714	tpase_001396
tpase_001714	tpase_000963
tpase_001714	tpase_002640
tpase_001714	tpase_002701
tpase_001714	tpase_002679
tpase_001714	tpase_000752
tpase_001714	tpase_002639
tpase_001714	tpase_006647
tpase_001714	tpase_002752
tpase_001714	tpase_000753
tpase_006762	tpase_006762
tpase_000239	tpase_000239
tpase_000239	tpase_000703
tpase_006947	tpase_006947
tpase_003649	tpase_003649
tpase_003649	tpase_003650
tpase_003649	tpase_003591
tpase_006505	tpase_006190
tpase_006505	tpase_005779
tpase_006505	tpase_004393
tpase_006505	tpase_006178
tpase_006505	tpase_001854
tpase_006505	tpase_000399
tpase_006505	tpase_000069
tpase_006505	tpase_000625
tpase_006505	tpase_000624
tpase_006505	tpase_002841
tpase_006505	tpase_005778
tpase_006505	tpase_000679
tpase_006505	tpase_000626
tpase_006505	tpase_004656
tpase_006505	tpase_006505
tpase_006505	tpase_000682
tpase_006505	tpase_000045
tpase_006505	tpase_004116
tpase_006505	tpase_006168
tpase_006505	tpase_006032
tpase_006505	tpase_000043
tpase_006505	tpase_001318
tpase_005018	tpase_005018
tpase_005018	tpase_003436
tpase_005018	tpase_007014
tpase_005018	tpase_004988
tpase_002247	tpase_002247
tpase_006097	tpase_004762
tpase_006097	tpase_006097
tpase_006097	tpase_004938
tpase_006097	tpase_004917
tpase_005385	tpase_005385
tpase_003837	tpase_003837
tpase_004765	tpase_003559
tpase_004765	tpase_004705
tpase_004765	tpase_003417
tpase_004765	tpase_003484
tpase_004765	tpase_003403
tpase_004765	tpase_003581
tpase_004765	tpase_003416
tpase_004765	tpase_003475
tpase_004765	tpase_003625
tpase_004765	tpase_003551
tpase_004765	tpase_003588
tpase_004765	tpase_003505
tpase_004765	tpase_003480
tpase_004765	tpase_004765
tpase_004765	tpase_003592
tpase_004765	tpase_004814
tpase_004765	tpase_003579
tpase_004765	tpase_003556
tpase_006961	tpase_002189
tpase_006961	tpase_005338
tpase_006961	tpase_005218
tpase_006961	tpase_005562
tpase_006961	tpase_005842
tpase_006961	tpase_002713
tpase_006961	tpase_002470
tpase_006961	tpase_000852
tpase_006961	tpase_002617
tpase_006961	tpase_002391
tpase_006961	tpase_002761
tpase_006961	tpase_006682
tpase_006961	tpase_000522
tpase_006961	tpase_000288
tpase_006961	tpase_004942
tpase_006961	tpase_005958
tpase_006961	tpase_003274
tpase_006961	tpase_002736
tpase_006961	tpase_002219
tpase_006961	tpase_002711
tpase_006961	tpase_005135
tpase_006961	tpase_006961
tpase_006961	tpase_002712
tpase_006961	tpase_000568
tpase_006961	tpase_001200
tpase_006961	tpase_003232
tpase_006961	tpase_005721
tpase_001955	tpase_005973
tpase_001955	tpase_001955
tpase_001955	tpase_002449
tpase_001955	tpase_006809
tpase_001955	tpase_007065
tpase_001955	tpase_001273
tpase_001955	tpase_006808
tpase_001955	tpase_006635
tpase_001955	tpase_006651
tpase_001955	tpase_001441
tpase_001955	tpase_006816
tpase_001955	tpase_001528
tpase_001955	tpase_004258
tpase_001955	tpase_006636
tpase_001955	tpase_006652
tpase_001955	tpase_004077
tpase_001955	tpase_004811
tpase_001955	tpase_001954
tpase_001955	tpase_006185
tpase_001955	tpase_002883
tpase_001955	tpase_005832
tpase_001955	tpase_001064
tpase_001955	tpase_003723
tpase_001955	tpase_005972
tpase_001955	tpase_002351
tpase_000892	tpase_000892
tpase_002917	tpase_002357
tpase_002917	tpase_002495
tpase_002917	tpase_002496
tpase_002917	tpase_002917
tpase_002917	tpase_003039
tpase_002917	tpase_002921
tpase_004466	tpase_001480
tpase_004466	tpase_004466
tpase_004466	tpase_006112
tpase_004466	tpase_007020
tpase_004466	tpase_006707
tpase_004466	tpase_002102
tpase_004466	tpase_004467
tpase_004466	tpase_006928
tpase_004466	tpase_006247
tpase_004466	tpase_006343
tpase_003052	tpase_003052
tpase_003052	tpase_006797
tpase_006536	tpase_006030
tpase_006536	tpase_006295
tpase_006536	tpase_006293
tpase_006536	tpase_006536
tpase_006536	tpase_006167
tpase_006536	tpase_006400
tpase_004059	tpase_004867
tpase_004059	tpase_004059
tpase_002069	tpase_004631
tpase_002069	tpase_002070
tpase_002069	tpase_002069
tpase_001999	tpase_001999
tpase_004883	tpase_002531
tpase_004883	tpase_004883
tpase_000053	tpase_000053
tpase_000053	tpase_007047
tpase_000103	tpase_000204
tpase_000103	tpase_000713
tpase_000103	tpase_000178
tpase_000103	tpase_005209
tpase_000103	tpase_001767
tpase_000103	tpase_004398
tpase_000103	tpase_000040
tpase_000103	tpase_000390
tpase_000103	tpase_005183
tpase_000103	tpase_001765
tpase_000103	tpase_001764
tpase_000103	tpase_000721
tpase_000103	tpase_000683
tpase_000103	tpase_001792
tpase_000103	tpase_000686
tpase_000103	tpase_000103
tpase_000103	tpase_005467
tpase_000103	tpase_005205
tpase_000103	tpase_000702
tpase_000103	tpase_001793
tpase_000103	tpase_002569
tpase_000103	tpase_000681
tpase_000103	tpase_005210
tpase_000103	tpase_001760
tpase_000103	tpase_005200
tpase_000103	tpase_000461
tpase_000103	tpase_005208
tpase_000103	tpase_005206
tpase_000103	tpase_005203
tpase_000103	tpase_005202
tpase_003800	tpase_002475
tpase_003800	tpase_005360
tpase_003800	tpase_005157
tpase_003800	tpase_002476
tpase_003800	tpase_003800
tpase_002704	tpase_002558
tpase_002704	tpase_002520
tpase_002704	tpase_000574
tpase_002704	tpase_000571
tpase_002704	tpase_002704
tpase_002704	tpase_002557
tpase_002704	tpase_003078
tpase_002704	tpase_003373
tpase_002704	tpase_003077
tpase_002704	tpase_001960
tpase_002704	tpase_002385
tpase_001684	tpase_001684
tpase_001684	tpase_001683
tpase_006721	tpase_005179
tpase_006721	tpase_006721
tpase_006721	tpase_002216
tpase_006721	tpase_001464
tpase_006721	tpase_006746
tpase_006721	tpase_001501
tpase_006721	tpase_002121
tpase_006721	tpase_006747
tpase_005992	tpase_006520
tpase_005992	tpase_003938
tpase_005992	tpase_005992
tpase_005992	tpase_006519
tpase_005992	tpase_003311
tpase_003542	tpase_003542
tpase_002792	tpase_002792
tpase_002792	tpase_003846
tpase_002792	tpase_006279
tpase_002792	tpase_003975
tpase_002792	tpase_003973
tpase_002792	tpase_003098
tpase_006903	tpase_006903
tpase_006903	tpase_006477
tpase_006903	tpase_002499
tpase_006903	tpase_004612
tpase_006903	tpase_006184
tpase_006903	tpase_006367
tpase_006903	tpase_002126
tpase_006903	tpase_005596
tpase_006903	tpase_000267
tpase_006903	tpase_002875
tpase_006903	tpase_005594
tpase_000157	tpase_005098
tpase_000157	tpase_005662
tpase_000157	tpase_005243
tpase_000157	tpase_000157
tpase_000325	tpase_006494
tpase_000325	tpase_000325
tpase_005885	tpase_002791
tpase_005885	tpase_001463
tpase_005885	tpase_002790
tpase_005885	tpase_002270
tpase_005885	tpase_004876
tpase_005885	tpase_004334
tpase_005885	tpase_004428
tpase_005885	tpase_006607
tpase_005885	tpase_004200
tpase_005885	tpase_003974
tpase_005885	tpase_002789
tpase_005885	tpase_006619
tpase_005885	tpase_002369
tpase_005885	tpase_001281
tpase_005885	tpase_004849
tpase_005885	tpase_002142
tpase_005885	tpase_002748
tpase_005885	tpase_002472
tpase_005885	tpase_004850
tpase_005885	tpase_006012
tpase_005885	tpase_004851
tpase_005885	tpase_006256
tpase_005885	tpase_006513
tpase_005885	tpase_002266
tpase_005885	tpase_003775
tpase_005885	tpase_006099
tpase_005885	tpase_003104
tpase_005885	tpase_002206
tpase_005885	tpase_005805
tpase_005885	tpase_002747
tpase_005885	tpase_003105
tpase_005885	tpase_006518
tpase_005885	tpase_002464
tpase_005885	tpase_002746
tpase_005885	tpase_001288
tpase_005885	tpase_006620
tpase_005885	tpase_005885
tpase_005885	tpase_006610
tpase_004402	tpase_004127
tpase_004402	tpase_004402
tpase_006684	tpase_006886
tpase_006684	tpase_004205
tpase_006684	tpase_006351
tpase_006684	tpase_004899
tpase_006684	tpase_004598
tpase_006684	tpase_003192
tpase_006684	tpase_002053
tpase_006684	tpase_005869
tpase_006684	tpase_003733
tpase_006684	tpase_003221
tpase_006684	tpase_005608
tpase_006684	tpase_004707
tpase_006684	tpase_004232
tpase_006684	tpase_001092
tpase_006684	tpase_005139
tpase_006684	tpase_005726
tpase_006684	tpase_004238
tpase_006684	tpase_006885
tpase_006684	tpase_007016
tpase_006684	tpase_002228
tpase_006684	tpase_006684
tpase_000623	tpase_000622
tpase_000623	tpase_000621
tpase_000623	tpase_000623
tpase_000909	tpase_000822
tpase_000909	tpase_000755
tpase_000909	tpase_004252
tpase_000909	tpase_000958
tpase_000909	tpase_002584
tpase_000909	tpase_002585
tpase_000909	tpase_000909
tpase_000909	tpase_005255
tpase_000909	tpase_005334
tpase_000909	tpase_004360
tpase_001659	tpase_005766
tpase_001659	tpase_001659
tpase_001659	tpase_005765
tpase_001659	tpase_002839
tpase_001659	tpase_004597
tpase_001659	tpase_006870
tpase_005165	tpase_003293
tpase_005165	tpase_005165
tpase_005016	tpase_005016
tpase_004868	tpase_001419
tpase_004868	tpase_004868
tpase_001300	tpase_001300
tpase_001300	tpase_004354
tpase_000696	tpase_000696
tpase_000696	tpase_000685
tpase_000696	tpase_001779
tpase_000696	tpase_000697
tpase_003999	tpase_003999
tpase_003999	tpase_004154
tpase_001474	tpase_005617
tpase_001474	tpase_004183
tpase_001474	tpase_002118
tpase_001474	tpase_004138
tpase_001474	tpase_007007
tpase_001474	tpase_006488
tpase_001474	tpase_002223
tpase_001474	tpase_005421
tpase_001474	tpase_001474
tpase_001474	tpase_001070
tpase_001474	tpase_002519
tpase_001474	tpase_002406
tpase_001474	tpase_004135
tpase_001474	tpase_001316
tpase_001474	tpase_001482
tpase_001474	tpase_003211
tpase_001474	tpase_004007
tpase_001474	tpase_007005
tpase_001474	tpase_007008
tpase_001474	tpase_005533
tpase_001474	tpase_001416
tpase_001474	tpase_001093
tpase_001474	tpase_004420
tpase_001474	tpase_007006
tpase_003263	tpase_002618
tpase_003263	tpase_002404
tpase_003263	tpase_003010
tpase_003263	tpase_002909
tpase_003263	tpase_003263
tpase_003282	tpase_003282
tpase_003282	tpase_003280
tpase_003282	tpase_004610
tpase_003282	tpase_004611
tpase_003282	tpase_004609
tpase_003282	tpase_003281
tpase_006637	tpase_006637
tpase_002271	tpase_003853
tpase_002271	tpase_004517
tpase_002271	tpase_006458
tpase_002271	tpase_002737
tpase_002271	tpase_003543
tpase_002271	tpase_004518
tpase_002271	tpase_002271
tpase_002271	tpase_001709
tpase_002271	tpase_006713
tpase_002271	tpase_002272
tpase_002271	tpase_003108
tpase_002271	tpase_004519
tpase_004006	tpase_002119
tpase_004006	tpase_004006
tpase_001379	tpase_004061
tpase_001379	tpase_001379
tpase_001379	tpase_004060
tpase_003991	tpase_003764
tpase_003991	tpase_004187
tpase_003991	tpase_002842
tpase_003991	tpase_000698
tpase_003991	tpase_001809
tpase_003991	tpase_003991
tpase_003991	tpase_001780
tpase_003991	tpase_000680
tpase_003991	tpase_001794
tpase_003991	tpase_000720
tpase_003991	tpase_000678
tpase_002293	tpase_000869
tpase_002293	tpase_001962
tpase_002293	tpase_001967
tpase_002293	tpase_002293
tpase_002293	tpase_002523
tpase_006815	tpase_005563
tpase_006815	tpase_001721
tpase_006815	tpase_006815
tpase_006815	tpase_000636
tpase_001289	tpase_004264
tpase_001289	tpase_004436
tpase_001289	tpase_000663
tpase_001289	tpase_001289
tpase_001289	tpase_004261
tpase_001289	tpase_004128
tpase_001289	tpase_004349
tpase_001289	tpase_004244
tpase_001289	tpase_004547
tpase_002386	tpase_001939
tpase_002386	tpase_003289
tpase_002386	tpase_002386
tpase_002386	tpase_002388
tpase_000278	tpase_000278
tpase_006807	tpase_002214
tpase_006807	tpase_002092
tpase_006807	tpase_001479
tpase_006807	tpase_006807
tpase_006807	tpase_002100
tpase_004348	tpase_004353
tpase_004348	tpase_004348
tpase_003379	tpase_002280
tpase_003379	tpase_003379
tpase_003379	tpase_002260
tpase_001270	tpase_001051
tpase_001270	tpase_001050
tpase_001270	tpase_001269
tpase_001270	tpase_004981
tpase_001270	tpase_004520
tpase_001270	tpase_006829
tpase_001270	tpase_004963
tpase_001270	tpase_001270
tpase_002058	tpase_002058
tpase_004791	tpase_000881
tpase_004791	tpase_004791
tpase_004791	tpase_004337
tpase_004791	tpase_004338
tpase_004791	tpase_000882
tpase_004791	tpase_004339
tpase_006795	tpase_003049
tpase_006795	tpase_000661
tpase_006795	tpase_000662
tpase_006795	tpase_006795
tpase_004380	tpase_004380
tpase_004494	tpase_004494
tpase_004494	tpase_003547
tpase_003100	tpase_003100
tpase_003100	tpase_002436
tpase_003100	tpase_003099
tpase_006127	tpase_004848
tpase_006127	tpase_004594
tpase_006127	tpase_004446
tpase_006127	tpase_004479
tpase_006127	tpase_000961
tpase_006127	tpase_001423
tpase_006127	tpase_006127
tpase_006127	tpase_000962
tpase_002076	tpase_002076
tpase_002076	tpase_002075
tpase_006736	tpase_000877
tpase_006736	tpase_001456
tpase_006736	tpase_004437
tpase_006736	tpase_001912
tpase_006736	tpase_000876
tpase_006736	tpase_006665
tpase_006736	tpase_001897
tpase_006736	tpase_005275
tpase_006736	tpase_001911
tpase_006736	tpase_001226
tpase_006736	tpase_006749
tpase_006736	tpase_006889
tpase_006736	tpase_001904
tpase_006736	tpase_005903
tpase_006736	tpase_006717
tpase_006736	tpase_006793
tpase_006736	tpase_001875
tpase_006736	tpase_001905
tpase_006736	tpase_001009
tpase_006736	tpase_006736
tpase_006736	tpase_002441
tpase_006736	tpase_005953
tpase_006736	tpase_005488
tpase_003692	tpase_003692
tpase_006792	tpase_006790
tpase_006792	tpase_006792
tpase_006792	tpase_006791
tpase_001815	tpase_001815
tpase_004394	tpase_000397
tpase_004394	tpase_000676
tpase_004394	tpase_000675
tpase_004394	tpase_004570
tpase_004394	tpase_004394
tpase_004394	tpase_000677
tpase_004394	tpase_001319
tpase_003841	tpase_003471
tpase_003841	tpase_003852
tpase_003841	tpase_003469
tpase_003841	tpase_003841
tpase_003841	tpase_003470
tpase_005214	tpase_005214
tpase_005214	tpase_006756
tpase_005214	tpase_006757
tpase_005214	tpase_006758
tpase_002725	tpase_002725
tpase_001542	tpase_001542
tpase_003277	tpase_006254
tpase_003277	tpase_003278
tpase_003277	tpase_006232
tpase_003277	tpase_003277
tpase_002164	tpase_002164
tpase_002164	tpase_000982
tpase_005940	tpase_006550
tpase_005940	tpase_003731
tpase_005940	tpase_000842
tpase_005940	tpase_005500
tpase_005940	tpase_005940
tpase_005940	tpase_006284
tpase_005940	tpase_000234
tpase_005940	tpase_005489
tpase_005940	tpase_000187
tpase_003307	tpase_003306
tpase_003307	tpase_001421
tpase_003307	tpase_000523
tpase_003307	tpase_003307
tpase_006590	tpase_006590
tpase_002674	tpase_002674
tpase_002674	tpase_006626
tpase_002674	tpase_000668
tpase_000950	tpase_000950
tpase_000950	tpase_002680
tpase_000950	tpase_002697
tpase_000950	tpase_002682
tpase_004992	tpase_004992
tpase_005377	tpase_001201
tpase_005377	tpase_005695
tpase_005377	tpase_005377
tpase_003366	tpase_003366
tpase_003366	tpase_000573
tpase_003366	tpase_000572
tpase_001549	tpase_005782
tpase_001549	tpase_004485
tpase_001549	tpase_001549
tpase_001549	tpase_004473
tpase_001549	tpase_004460
tpase_002659	tpase_002659
tpase_002659	tpase_002620
tpase_002659	tpase_006761
tpase_004025	tpase_000652
tpase_004025	tpase_000656
tpase_004025	tpase_000655
tpase_004025	tpase_000653
tpase_004025	tpase_004025
tpase_004025	tpase_000654
tpase_004025	tpase_000651
tpase_004025	tpase_000657
tpase_004025	tpase_003051
tpase_004581	tpase_000303
tpase_004581	tpase_004581
tpase_004581	tpase_004144
tpase_004581	tpase_004347
tpase_004355	tpase_004355
tpase_002402	tpase_002402
tpase_002785	tpase_002785
tpase_005166	tpase_002739
tpase_005166	tpase_003285
tpase_005166	tpase_005166
tpase_005166	tpase_002714
tpase_005166	tpase_003951
tpase_005166	tpase_006680
tpase_005166	tpase_003887
tpase_005166	tpase_006681
tpase_005166	tpase_003790
tpase_005166	tpase_005163
tpase_004103	tpase_004102
tpase_004103	tpase_004103
tpase_000911	tpase_000593
tpase_000911	tpase_000911
tpase_000911	tpase_004866
tpase_000911	tpase_000970
tpase_000911	tpase_004865
tpase_000911	tpase_000524
tpase_006290	tpase_006290
tpase_006290	tpase_000606
tpase_000630	tpase_003074
tpase_000630	tpase_002868
tpase_000630	tpase_006944
tpase_000630	tpase_006094
tpase_000630	tpase_006837
tpase_000630	tpase_000599
tpase_000630	tpase_000630
tpase_000630	tpase_006935
tpase_000630	tpase_005149
tpase_000630	tpase_004163
tpase_000630	tpase_000135
tpase_000630	tpase_002905
tpase_000630	tpase_005526
tpase_000630	tpase_005434
tpase_006384	tpase_002384
tpase_006384	tpase_002706
tpase_006384	tpase_002970
tpase_006384	tpase_001963
tpase_006384	tpase_006384
tpase_004630	tpase_004630
tpase_004630	tpase_005356
tpase_004630	tpase_004097
tpase_006765	tpase_006765
tpase_006765	tpase_001101
tpase_006765	tpase_002341
tpase_006877	tpase_001046
tpase_006877	tpase_001043
tpase_006877	tpase_005372
tpase_006877	tpase_006877
tpase_006877	tpase_006091
tpase_006877	tpase_006844
tpase_001238	tpase_001238
tpase_002290	tpase_002522
tpase_002290	tpase_002290
tpase_005929	tpase_005420
tpase_005929	tpase_005929
tpase_000332	tpase_000332
tpase_000332	tpase_000331
tpase_000332	tpase_000494
tpase_004161	tpase_004161
tpase_004161	tpase_004162
tpase_001736	tpase_000916
tpase_001736	tpase_001736
tpase_006095	tpase_006095
tpase_001314	tpase_000744
tpase_001314	tpase_001314
tpase_003355	tpase_003355
tpase_003356	tpase_003354
tpase_003356	tpase_003356
tpase_000601	tpase_001380
tpase_000601	tpase_004864
tpase_000601	tpase_000905
tpase_000601	tpase_000601
tpase_000601	tpase_001398
tpase_003441	tpase_003441
tpase_004433	tpase_004433
tpase_005083	tpase_006767
tpase_005083	tpase_002763
tpase_005083	tpase_002762
tpase_005083	tpase_005083
tpase_006993	tpase_006993
tpase_000297	tpase_004110
tpase_000297	tpase_000297
tpase_002524	tpase_002709
tpase_002524	tpase_002722
tpase_002524	tpase_002524
tpase_006787	tpase_006787
tpase_006952	tpase_002399
tpase_006952	tpase_006952
tpase_002567	tpase_002567
tpase_002567	tpase_001420
tpase_002567	tpase_002599
tpase_002567	tpase_002573
tpase_003102	tpase_003102
tpase_005387	tpase_005387
tpase_004572	tpase_000280
tpase_004572	tpase_001814
tpase_004572	tpase_004572
tpase_002009	tpase_002009
tpase_004052	tpase_004052
tpase_004052	tpase_004051
tpase_004052	tpase_004050
tpase_006166	tpase_006166
tpase_003047	tpase_003047
tpase_006259	tpase_006257
tpase_006259	tpase_006259
tpase_006259	tpase_006258
tpase_001737	tpase_001737
tpase_001737	tpase_003685
tpase_001737	tpase_003827
tpase_001737	tpase_001768
tpase_001737	tpase_003807
tpase_001737	tpase_001769
tpase_003690	tpase_003697
tpase_003690	tpase_003699
tpase_003690	tpase_003688
tpase_003690	tpase_003690
tpase_003690	tpase_003689
tpase_003690	tpase_003698
tpase_003628	tpase_003609
tpase_003628	tpase_003329
tpase_003628	tpase_003628
tpase_002625	tpase_002625
tpase_004359	tpase_004005
tpase_004359	tpase_004359
tpase_003046	tpase_003045
tpase_003046	tpase_003044
tpase_003046	tpase_003046
tpase_001028	tpase_001028
tpase_006194	tpase_004148
tpase_006194	tpase_004143
tpase_006194	tpase_004149
tpase_006194	tpase_006194
tpase_006194	tpase_004146
tpase_006194	tpase_004440
tpase_002068	tpase_002071
tpase_002068	tpase_002068
tpase_004363	tpase_004361
tpase_004363	tpase_004362
tpase_004363	tpase_004363
tpase_002073	tpase_006594
tpase_002073	tpase_002073
tpase_003014	tpase_003014
tpase_004151	tpase_004151
tpase_003828	tpase_003828
tpase_005860	tpase_005860
tpase_005696	tpase_001816
tpase_005696	tpase_005696
tpase_006958	tpase_006958
tpase_006958	tpase_006946
tpase_004041	tpase_004041
tpase_004041	tpase_004862
tpase_000885	tpase_004037
tpase_000885	tpase_002956
tpase_000885	tpase_000885
tpase_000885	tpase_001405
tpase_006096	tpase_006096
tpase_006788	tpase_006788
tpase_006625	tpase_002245
tpase_006625	tpase_006625
tpase_006625	tpase_005121
tpase_002345	tpase_002344
tpase_002345	tpase_002345
tpase_003936	tpase_003936
tpase_002758	tpase_002758
tpase_002758	tpase_000893
tpase_002758	tpase_000447
tpase_004272	tpase_004272
tpase_004272	tpase_005739
tpase_004272	tpase_007108
tpase_003103	tpase_003103
tpase_006811	tpase_006811
tpase_000446	tpase_000446
tpase_002403	tpase_002403
tpase_003696	tpase_003696
tpase_004003	tpase_004003
tpase_004003	tpase_001301
tpase_003815	tpase_003815
tpase_003851	tpase_003851
tpase_003851	tpase_000874
tpase_003635	tpase_003635
tpase_003527	tpase_003527
tpase_002400	tpase_002400
tpase_003250	tpase_003250
tpase_003250	tpase_006260
tpase_000208	tpase_000208
tpase_000208	tpase_004395
tpase_002133	tpase_002133
tpase_003891	tpase_003891
tpase_006780	tpase_006780
tpase_000878	tpase_000878
tpase_006991	tpase_006987
tpase_006991	tpase_006992
tpase_006991	tpase_006991
tpase_006991	tpase_006994
tpase_003613	tpase_003613
tpase_003241	tpase_003241
tpase_004335	tpase_004335
tpase_003380	tpase_003380
tpase_001384	tpase_001384
tpase_006936	tpase_006936
tpase_005919	tpase_005919
tpase_003734	tpase_003734
tpase_006502	tpase_006502
tpase_006796	tpase_006796
tpase_006785	tpase_006785
tpase_001719	tpase_001719
tpase_005698	tpase_001817
tpase_005698	tpase_005698
tpase_000870	tpase_000870
tpase_000044	tpase_000044
tpase_004098	tpase_004098
tpase_003055	tpase_003055
tpase_002556	tpase_002549
tpase_002556	tpase_002556
tpase_006289	tpase_006289
tpase_006589	tpase_006589
tpase_004197	tpase_004197
tpase_001776	tpase_001776
tpase_005267	tpase_005267
tpase_003144	tpase_003144
tpase_004580	tpase_004580
tpase_002948	tpase_002948
tpase_002948	tpase_001059
tpase_005693	tpase_005693
tpase_001239	tpase_001239
tpase_001239	tpase_001332
tpase_001232	tpase_001232
tpase_002425	tpase_002425
tpase_000536	tpase_000536
tpase_004152	tpase_004152
tpase_003804	tpase_003804
tpase_000960	tpase_000960
tpase_005474	tpase_005474
tpase_001865	tpase_001865
tpase_001982	tpase_001982
tpase_001680	tpase_001680
tpase_006292	tpase_006292
tpase_002619	tpase_002619
tpase_001243	tpase_001243
tpase_007118	tpase_007118
tpase_004951	tpase_004951
tpase_001539	tpase_001539
