seq_id	score	target_id	pident	coverage	evalue
tpase_004048	75.9	tpase_002058	26.578	89.0	1.84e-16
tpase_004403	34.3	tpase_005319	34.0	11.0	0.003
tpase_004673	62.8	tpase_006785	31.757	64.0	6.47e-13
tpase_004684	56.2	tpase_002058	28.244	73.0	1.15e-10
tpase_002437	65.1	tpase_000579	22.249	81.0	4.5e-12
tpase_004384	94.0	tpase_004452	31.076	72.0	1.42e-22
tpase_006725	202.0	tpase_004353	30.642	96.0	5.09e-60
tpase_005887	28.9	tpase_003526	35.593	19.0	0.65
tpase_006445	108.0	tpase_002009	23.764	92.0	1.06e-25
tpase_005299	58.2	tpase_002642	27.039	78.0	9.72e-11
tpase_006150	72.0	tpase_004041	24.0	90.0	6.63e-15
tpase_005322	112.0	tpase_001009	26.923	67.0	6.27e-28
tpase_003228	65.1	tpase_002659	25.163	81.0	1.3e-12
tpase_002196	77.0	tpase_000044	29.694	64.0	5.15e-17
tpase_006029	72.0	tpase_002721	25.616	76.0	2.29e-14
tpase_001691	33.9	tpase_000638	24.074	42.0	0.000631
tpase_002281	163.0	tpase_006991	28.155	88.0	4.83e-46
tpase_000227	42.0	tpase_003575	24.4	75.0	0.0000944
tpase_004987	58.9	tpase_000044	26.941	61.0	9.36e-11
tpase_000046	129.0	tpase_004208	31.268	96.0	2.22e-35
tpase_005258	211.0	tpase_004348	31.568	97.0	2.86e-63
tpase_002564	104.0	tpase_002009	23.75	96.0	1.52e-24
tpase_003875	89.7	tpase_006625	31.527	71.0	7.62e-22
tpase_000534	57.4	tpase_000903	30.233	39.0	4.73e-10
tpase_001328	110.0	tpase_004452	33.333	75.0	1.38e-28
tpase_001213	69.7	tpase_004791	24.187	84.0	2.18e-13
tpase_004356	105.0	tpase_002009	24.046	89.0	1.04e-24
tpase_002646	51.2	tpase_002058	36.986	35.0	1.11e-8
tpase_003834	140.0	tpase_001684	27.214	95.0	1.69e-37
tpase_004126	99.8	tpase_002009	26.517	75.0	5.07e-23
tpase_006405	42.7	tpase_004041	32.911	37.0	9.29e-6
tpase_005295	27.3	tpase_000974	27.419	20.0	1.8
tpase_002405	105.0	tpase_001729	23.855	80.0	2.68e-25
tpase_000643	103.0	tpase_006625	28.8	83.0	9.41e-27
tpase_001665	94.0	tpase_007008	24.308	95.0	1.36e-22
tpase_001887	53.1	tpase_000881	34.043	25.0	1.72e-8
tpase_003788	84.3	tpase_000842	25.397	82.0	1.86e-18
tpase_003481	138.0	tpase_004161	26.389	91.0	4.87e-38
tpase_000620	103.0	tpase_002133	42.063	36.0	9.83e-28
tpase_000089	81.3	tpase_005500	23.797	90.0	1.71e-17
tpase_005266	66.2	tpase_006811	30.481	47.0	6.94e-13
tpase_002696	138.0	tpase_006846	27.051	97.0	5.1e-37
tpase_005437	80.1	tpase_002344	24.0	80.0	5.74e-18
tpase_006896	72.4	tpase_000584	24.156	78.0	1.79e-14
tpase_002488	108.0	tpase_004208	28.685	73.0	1e-27
tpase_004996	108.0	tpase_002164	29.513	95.0	1.79e-27
tpase_001167	70.1	tpase_006625	26.877	83.0	8.4e-15
tpase_002539	55.8	tpase_004338	33.01	50.0	2.5e-9
tpase_003952	131.0	tpase_001684	28.513	99.0	2.66e-34
tpase_003365	136.0	tpase_006994	29.178	75.0	1.68e-36
tpase_004358	93.2	tpase_002009	23.218	93.0	7.13e-21
tpase_002971	89.4	tpase_006550	24.365	90.0	4.09e-20
tpase_006239	97.8	tpase_004452	31.641	73.0	7.11e-24
tpase_005120	67.4	tpase_002642	33.803	47.0	5.99e-14
tpase_001685	93.2	tpase_003527	21.705	96.0	4.93e-21
tpase_001916	84.3	tpase_000239	26.207	82.0	4.05e-19
tpase_000408	148.0	tpase_006994	27.465	86.0	1.6e-40
tpase_000873	80.1	tpase_002659	26.103	65.0	2.73e-17
tpase_003463	47.0	tpase_004409	24.841	86.0	7.45e-8
tpase_006762	71.6	tpase_001320	28.363	65.0	3.44e-14
tpase_003348	131.0	tpase_004161	25.21	91.0	1.85e-35
tpase_003627	63.5	tpase_000623	26.23	79.0	5.54e-12
tpase_002154	77.8	tpase_002058	24.595	87.0	6.13e-17
tpase_004962	98.6	tpase_004209	32.661	70.0	3.6e-24
tpase_005846	53.1	tpase_006785	29.197	41.0	4.57e-9
tpase_004762	119.0	tpase_004352	28.253	75.0	6.38e-32
tpase_003857	92.4	tpase_005940	24.211	88.0	4.09e-21
tpase_003268	83.6	tpase_002245	28.333	80.0	1.52e-19
tpase_005595	101.0	tpase_004348	27.635	63.0	9.26e-24
tpase_001908	145.0	tpase_001338	30.349	91.0	3.89e-39
tpase_005252	100.0	tpase_002164	28.767	84.0	1.24e-24
tpase_005385	62.4	tpase_006944	24.786	67.0	2.46e-11
tpase_006448	96.3	tpase_004411	23.077	93.0	2.21e-23
tpase_000305	64.3	tpase_000044	27.064	60.0	1.33e-12
tpase_007010	66.6	tpase_006625	26.897	96.0	1.34e-13
tpase_005873	53.9	tpase_000882	37.662	32.0	8.26e-9
tpase_001625	145.0	tpase_006994	27.918	90.0	1.18e-39
tpase_005025	69.7	tpase_000044	28.085	67.0	2.12e-14
tpase_000921	34.3	tpase_004836	27.083	52.0	0.003
tpase_002218	111.0	tpase_002164	29.275	95.0	1.47e-28
tpase_004631	67.8	tpase_000088	27.094	49.0	1.96e-13
tpase_004506	107.0	tpase_005275	27.697	66.0	3.89e-26
tpase_005881	115.0	tpase_002625	26.446	89.0	1.81e-28
tpase_000048	127.0	tpase_004208	31.268	96.0	4.76e-35
tpase_001977	65.5	tpase_004848	25.641	81.0	5.9e-13
tpase_000957	68.2	tpase_002058	27.143	56.0	1.4e-13
tpase_002313	116.0	tpase_004452	35.798	75.0	8.02e-31
tpase_002475	70.5	tpase_003846	26.35	94.0	6.63e-14
tpase_001915	69.3	tpase_000239	31.579	73.0	3.79e-15
tpase_002343	175.0	tpase_004348	28.958	91.0	1.1e-49
tpase_003542	87.8	tpase_003975	26.601	94.0	9.7e-20
tpase_000912	33.9	tpase_002058	27.358	78.0	0.002
tpase_000427	73.6	tpase_006994	31.844	75.0	4.34e-16
tpase_006655	66.2	tpase_002659	24.324	65.0	7.19e-13
tpase_000900	73.9	tpase_002058	25.0	77.0	1.43e-15
tpase_005593	105.0	tpase_004452	34.256	81.0	1.86e-26
tpase_002616	103.0	tpase_004452	31.707	72.0	6.29e-26
tpase_007070	58.5	tpase_000044	25.581	61.0	1.03e-10
tpase_003446	74.3	tpase_006785	32.576	46.0	1.24e-16
tpase_006122	65.9	tpase_006625	26.821	96.0	2.6e-13
tpase_004173	73.9	tpase_000044	28.571	61.0	6.46e-16
tpase_005041	106.0	tpase_001009	27.864	65.0	9.06e-26
tpase_004455	68.9	tpase_000881	29.389	82.0	2.71e-13
tpase_002148	106.0	tpase_004411	28.369	84.0	3.21e-27
tpase_002730	50.8	tpase_000044	24.537	61.0	4.54e-8
tpase_004775	53.5	tpase_004862	28.358	77.0	9.15e-10
tpase_005510	113.0	tpase_004452	33.6	72.0	1.27e-29
tpase_003404	58.9	tpase_000703	23.926	84.0	1.73e-10
tpase_005644	95.9	tpase_001689	30.544	70.0	3.49e-23
tpase_000822	95.5	tpase_001028	26.14	90.0	5.31e-23
tpase_006478	62.8	tpase_000044	27.315	59.0	5.38e-12
tpase_000426	79.0	tpase_006987	28.019	78.0	9.4e-18
tpase_001544	54.7	tpase_006785	38.75	35.0	6.5e-10
tpase_002953	47.8	tpase_004409	24.691	92.0	3.21e-8
tpase_003798	111.0	tpase_000982	31.293	85.0	8.69e-29
tpase_001601	145.0	tpase_006991	26.546	80.0	2.48e-39
tpase_005669	56.2	tpase_000882	36.905	32.0	1.68e-9
tpase_006188	47.4	tpase_005203	28.571	44.0	8.39e-7
tpase_004882	75.9	tpase_006811	32.979	47.0	6.31e-16
tpase_006072	134.0	tpase_004452	32.669	74.0	2.82e-37
tpase_002756	107.0	tpase_002058	29.965	85.0	1.68e-27
tpase_005398	100.0	tpase_001009	26.235	64.0	7.4e-24
tpase_004484	195.0	tpase_004348	29.835	97.0	2.14e-57
tpase_004376	27.7	tpase_002118	31.034	84.0	0.07
tpase_000177	58.2	tpase_000044	26.027	61.0	1.65e-10
tpase_000410	153.0	tpase_006994	26.742	91.0	2.2e-42
tpase_000872	79.0	tpase_002659	26.103	73.0	3.63e-17
tpase_005017	79.3	tpase_000044	30.137	61.0	7.8e-18
tpase_004999	64.7	tpase_000044	27.397	61.0	1.15e-12
tpase_003832	163.0	tpase_001684	28.333	99.0	4.62e-46
tpase_006389	42.0	tpase_004409	28.03	75.0	4.74e-6
tpase_005861	48.9	tpase_000881	30.851	36.0	3.92e-7
tpase_004686	98.6	tpase_002058	25.17	86.0	3.45e-24
tpase_005616	56.2	tpase_002058	24.476	85.0	7.15e-10
tpase_003282	146.0	tpase_003748	28.389	93.0	9.39e-41
tpase_006637	79.3	tpase_001862	29.048	56.0	2.44e-17
tpase_000150	106.0	tpase_002164	32.45	86.0	9.45e-27
tpase_001740	109.0	tpase_005600	36.863	71.0	3.31e-28
tpase_003583	42.0	tpase_000621	38.636	33.0	2.79e-6
tpase_004189	52.8	tpase_006127	34.0	40.0	2.56e-8
tpase_000418	116.0	tpase_006994	26.837	92.0	3.19e-30
tpase_006532	74.7	tpase_005500	23.94	91.0	1.94e-15
tpase_003563	86.3	tpase_004411	22.796	96.0	6.71e-20
tpase_004448	66.2	tpase_006785	32.515	71.0	5.09e-14
tpase_002116	91.7	tpase_002164	29.31	77.0	2.22e-21
tpase_003910	80.1	tpase_000584	22.717	89.0	5.23e-17
tpase_005296	77.0	tpase_004411	25.079	86.0	1.29e-16
tpase_001019	103.0	tpase_002164	29.568	86.0	1.26e-25
tpase_000814	36.2	tpase_003922	38.889	36.0	0.0000449
tpase_001163	79.0	tpase_004041	32.335	79.0	2.62e-18
tpase_000937	79.0	tpase_002058	23.203	83.0	3.05e-17
tpase_001561	119.0	tpase_004452	35.659	75.0	6.67e-32
tpase_006942	87.8	tpase_006785	34.568	75.0	4.24e-22
tpase_004861	59.7	tpase_006761	28.082	66.0	1.15e-10
tpase_001741	109.0	tpase_004452	31.801	75.0	4.31e-28
tpase_003465	99.0	tpase_004411	23.894	99.0	2.25e-24
tpase_002280	50.4	tpase_002721	24.242	94.0	1.61e-7
tpase_001976	65.1	tpase_004348	27.485	88.0	2.08e-13
tpase_002185	75.5	tpase_000044	29.333	65.0	1.82e-16
tpase_000201	43.1	tpase_002540	26.027	66.0	0.0000118
tpase_000743	61.6	tpase_000044	27.234	75.0	8.73e-12
tpase_002957	75.5	tpase_000044	27.049	72.0	1.66e-16
tpase_003648	60.8	tpase_000703	24.159	84.0	3.62e-11
tpase_006773	200.0	tpase_004348	31.818	95.0	4.44e-59
tpase_003015	64.3	tpase_001009	22.478	61.0	7.27e-12
tpase_004937	67.8	tpase_002659	32.258	39.0	2.78e-13
tpase_003049	33.1	tpase_003048	23.197	87.0	0.024
tpase_004380	34.7	tpase_004565	34.722	22.0	0.008
tpase_003561	57.8	tpase_004409	26.946	94.0	8.29e-12
tpase_003933	83.6	tpase_006625	30.242	82.0	1.56e-19
tpase_002926	112.0	tpase_004452	31.008	75.0	4.43e-29
tpase_002299	69.3	tpase_000579	22.434	82.0	1.73e-13
tpase_002234	67.4	tpase_005170	25.6	27.0	6.91e-13
tpase_000755	91.7	tpase_001028	24.684	83.0	1.22e-21
tpase_005949	51.6	tpase_006127	32.727	28.0	6.49e-8
tpase_002354	49.3	tpase_004479	31.858	42.0	2.62e-7
tpase_005042	111.0	tpase_004239	33.143	95.0	1.29e-28
tpase_003715	70.5	tpase_000044	28.879	69.0	7.84e-15
tpase_005036	101.0	tpase_004209	33.871	71.0	3.14e-25
tpase_006954	184.0	tpase_004353	28.138	98.0	2.54e-53
tpase_000079	89.4	tpase_000044	30.131	63.0	3.99e-21
tpase_002755	68.2	tpase_006785	30.968	83.0	3.86e-15
tpase_003904	105.0	tpase_006625	29.2	83.0	2.18e-27
tpase_005072	59.3	tpase_000044	26.724	67.0	6.01e-11
tpase_006013	114.0	tpase_004452	31.6	74.0	7.71e-30
tpase_000973	93.2	tpase_002625	24.681	90.0	3.79e-21
tpase_002417	63.5	tpase_001009	23.304	57.0	1.62e-11
tpase_000914	63.2	tpase_006785	31.818	51.0	1.74e-12
tpase_001628	109.0	tpase_002164	32.095	83.0	7.3e-28
tpase_001973	150.0	tpase_006994	26.58	96.0	3.48e-41
tpase_005629	53.1	tpase_000882	35.714	21.0	1.74e-8
tpase_006294	89.0	tpase_001009	24.571	73.0	1.02e-19
tpase_003462	52.8	tpase_000881	35.366	23.0	1.84e-8
tpase_003637	59.3	tpase_004410	28.947	73.0	4.7e-12
tpase_003585	102.0	tpase_000919	27.723	87.0	1.24e-25
tpase_000068	137.0	tpase_006991	30.172	96.0	1.14e-36
tpase_004418	119.0	tpase_002009	24.76	88.0	1.93e-29
tpase_006447	52.8	tpase_000703	27.642	51.0	5.21e-9
tpase_003750	115.0	tpase_004504	30.124	92.0	3.32e-30
tpase_001485	210.0	tpase_002133	76.744	36.0	1.45e-68
tpase_003231	51.6	tpase_004493	30.508	33.0	4.02e-8
tpase_001033	82.4	tpase_004411	26.871	83.0	1.65e-18
tpase_003133	56.6	tpase_002765	27.027	53.0	7.69e-10
tpase_004949	90.1	tpase_005931	22.532	91.0	1.38e-20
tpase_001560	92.8	tpase_001689	31.658	61.0	3.03e-22
tpase_001914	45.8	tpase_004409	23.077	71.0	1.94e-7
tpase_006327	113.0	tpase_003609	28.08	96.0	1.4e-29
tpase_005182	107.0	tpase_001009	28.793	65.0	3.97e-26
tpase_003745	101.0	tpase_001688	30.742	81.0	4.62e-25
tpase_006712	58.9	tpase_000044	26.141	67.0	7.71e-11
tpase_005547	112.0	tpase_001009	27.545	65.0	1.19e-27
tpase_003504	140.0	tpase_004161	27.346	95.0	5.08e-39
tpase_004543	93.6	tpase_001338	26.484	86.0	2.52e-21
tpase_000237	109.0	tpase_004452	33.333	71.0	3.55e-28
tpase_004040	58.2	tpase_002058	29.817	59.0	2.34e-10
tpase_004371	73.2	tpase_002620	35.484	45.0	2.42e-15
tpase_001542	47.0	tpase_006236	24.731	65.0	2.9e-6
tpase_001511	49.3	tpase_000703	25.0	64.0	3.45e-8
tpase_002321	132.0	tpase_000044	36.404	70.0	1.56e-37
tpase_001424	70.9	tpase_000703	26.25	64.0	1.69e-14
tpase_005494	63.2	tpase_000044	28.182	61.0	3.42e-12
tpase_004945	63.5	tpase_006785	26.25	52.0	1.06e-12
tpase_004405	137.0	tpase_003719	26.134	93.0	1.9e-36
tpase_004833	57.4	tpase_002058	28.682	74.0	4.49e-11
tpase_006781	98.2	tpase_002009	28.757	91.0	2.1e-22
tpase_003862	102.0	tpase_006625	31.034	77.0	2.38e-26
tpase_007063	68.6	tpase_000044	29.68	61.0	4.59e-14
tpase_001859	63.5	tpase_000044	27.35	68.0	2.21e-12
tpase_005548	114.0	tpase_002164	31.399	83.0	2.08e-29
tpase_002497	99.8	tpase_001009	24.458	64.0	1.8e-23
tpase_001496	85.5	tpase_000044	30.698	69.0	4.64e-20
tpase_005274	88.6	tpase_006279	23.31	95.0	8.52e-20
tpase_000935	60.5	tpase_002058	26.056	80.0	3.88e-12
tpase_002591	70.9	tpase_002659	27.074	55.0	3.28e-14
tpase_004932	25.0	tpase_002118	28.302	77.0	0.48
tpase_005288	76.6	tpase_004411	25.0	82.0	1.47e-16
tpase_005405	97.8	tpase_001689	29.218	70.0	7.33e-24
tpase_004950	65.1	tpase_001226	25.0	64.0	5.52e-12
tpase_005888	27.3	tpase_003526	27.358	33.0	1.6
tpase_004515	71.6	tpase_002659	25.0	76.0	1.09e-14
tpase_000661	33.5	tpase_001290	24.204	47.0	0.02
tpase_000085	87.0	tpase_000044	29.694	63.0	2.46e-20
tpase_003566	85.9	tpase_004411	22.671	95.0	8.07e-20
tpase_004066	24.6	tpase_005055	38.71	45.0	0.78
tpase_001259	54.3	tpase_004446	37.5	33.0	7.87e-9
tpase_001161	68.6	tpase_006785	29.71	47.0	1.98e-14
tpase_004879	72.4	tpase_002659	27.542	58.0	7.19e-15
tpase_001626	149.0	tpase_006994	28.111	90.0	6.8e-41
tpase_000662	35.4	tpase_006673	24.0	38.0	0.005
tpase_003871	136.0	tpase_001684	26.566	95.0	3.68e-36
tpase_006710	199.0	tpase_004348	32.298	96.0	9.95e-59
tpase_003280	40.4	tpase_002015	35.955	68.0	3.96e-6
tpase_000652	112.0	tpase_006056	27.09	92.0	1.28e-28
tpase_000411	153.0	tpase_006994	27.765	91.0	2.43e-42
tpase_006933	26.2	tpase_001305	29.31	15.0	3.3
tpase_003327	52.4	tpase_000623	24.026	80.0	2.56e-8
tpase_002402	181.0	tpase_006516	28.868	88.0	1.4e-52
tpase_001645	107.0	tpase_002164	30.675	92.0	3.05e-27
tpase_003500	53.9	tpase_004041	36.709	39.0	1.1e-9
tpase_004610	92.8	tpase_003694	28.889	64.0	1.88e-22
tpase_005308	79.7	tpase_000044	28.125	64.0	9.19e-18
tpase_002645	37.4	tpase_006236	26.087	87.0	0.000124
tpase_002955	74.3	tpase_004411	22.727	91.0	1.08e-15
tpase_002785	128.0	tpase_006771	30.357	83.0	2.6e-35
tpase_000285	71.6	tpase_002721	25.616	81.0	2.99e-14
tpase_000406	154.0	tpase_006994	28.7	91.0	1.23e-42
tpase_003275	51.2	tpase_004338	26.829	49.0	6.46e-8
tpase_004953	75.1	tpase_000044	27.586	61.0	3.52e-16
tpase_002056	80.5	tpase_002058	28.205	92.0	6.76e-18
tpase_001129	57.4	tpase_000703	25.17	50.0	2.48e-10
tpase_004674	95.1	tpase_004411	23.235	99.0	5.04e-23
tpase_000425	149.0	tpase_006994	27.23	86.0	9.65e-41
tpase_000086	75.5	tpase_002344	22.677	80.0	2.2e-16
tpase_003210	69.7	tpase_001009	27.152	85.0	1.38e-13
tpase_000656	108.0	tpase_006056	27.393	92.0	2.17e-27
tpase_003732	72.8	tpase_000044	28.261	65.0	2.02e-15
tpase_001397	63.5	tpase_004411	23.171	94.0	3.48e-12
tpase_005284	56.2	tpase_004437	28.082	76.0	1.63e-10
tpase_003848	0.0	None	0.0	0.0	999.0
tpase_004781	53.1	tpase_002058	22.656	74.0	1.51e-9
tpase_004102	135.0	tpase_006514	29.59	81.0	2.42e-35
tpase_004700	136.0	tpase_004161	25.815	93.0	2.05e-37
tpase_003499	52.0	tpase_004409	27.972	76.0	1.32e-9
tpase_004934	66.2	tpase_006811	30.583	55.0	9.03e-13
tpase_004944	64.7	tpase_006785	26.25	81.0	7.13e-14
tpase_004252	94.7	tpase_001028	24.756	81.0	9.06e-23
tpase_003313	76.3	tpase_002659	24.713	77.0	4.48e-16
tpase_004687	48.5	tpase_002058	26.772	70.0	6.25e-8
tpase_001913	85.1	tpase_002245	28.452	80.0	4.01e-20
tpase_005425	58.5	tpase_000044	26.141	67.0	1.32e-10
tpase_000834	73.6	tpase_002344	22.34	92.0	7.68e-16
tpase_000223	81.6	tpase_002058	24.262	86.0	2.99e-18
tpase_006282	105.0	tpase_004452	30.469	74.0	1.1e-26
tpase_000404	160.0	tpase_006994	29.412	90.0	5.18e-45
tpase_006495	34.3	tpase_001614	32.836	56.0	0.001
tpase_004514	23.9	tpase_006812	47.368	30.0	1.2
tpase_004928	63.5	tpase_004437	25.714	87.0	6.48e-13
tpase_005264	23.1	tpase_000876	40.0	33.0	2.1
tpase_003181	62.8	tpase_004409	30.075	81.0	1e-13
tpase_000526	95.1	tpase_002164	30.556	84.0	9.91e-23
tpase_001046	128.0	tpase_001048	98.413	75.0	1.03e-37
tpase_001162	37.0	tpase_000919	29.032	80.0	0.000315
tpase_002894	96.3	tpase_007008	27.301	94.0	2.1e-23
tpase_002522	63.2	tpase_003134	24.615	81.0	7.47e-12
tpase_003850	74.7	tpase_002659	27.083	59.0	1.65e-15
tpase_001506	52.0	tpase_006673	28.571	34.0	3.36e-8
tpase_005707	77.0	tpase_000881	24.635	89.0	5.81e-16
tpase_005021	97.1	tpase_004209	33.2	72.0	1.04e-23
tpase_005981	96.7	tpase_004452	29.293	86.0	1.74e-23
tpase_000655	109.0	tpase_006056	27.393	92.0	1.04e-27
tpase_004383	107.0	tpase_004452	33.205	73.0	2.99e-27
tpase_000653	104.0	tpase_006056	27.063	92.0	6.14e-26
tpase_002593	79.3	tpase_006761	29.655	78.0	2.06e-17
tpase_001402	42.7	tpase_002906	39.583	39.0	9.67e-7
tpase_002315	56.2	tpase_006625	26.016	79.0	4.66e-10
tpase_004463	48.5	tpase_000703	26.4	62.0	6.51e-8
tpase_005815	104.0	tpase_001689	31.276	68.0	2.8e-26
tpase_003565	54.7	tpase_006785	28.302	65.0	6.99e-10
tpase_006006	79.0	tpase_006625	31.579	70.0	7.29e-18
tpase_006497	68.2	tpase_002058	26.136	85.0	5.67e-14
tpase_005123	103.0	tpase_002164	29.766	84.0	1.61e-25
tpase_003763	169.0	tpase_004348	27.835	97.0	1.27e-47
tpase_005471	57.8	tpase_000903	28.777	42.0	4.51e-10
tpase_000835	71.6	tpase_002344	21.429	92.0	3.48e-15
tpase_000428	134.0	tpase_006987	28.499	80.0	1.18e-35
tpase_000389	73.2	tpase_000044	29.224	61.0	1.35e-15
tpase_004464	71.2	tpase_004041	18.902	80.0	1.71e-14
tpase_004855	70.9	tpase_006811	32.086	47.0	2.46e-14
tpase_003825	70.1	tpase_002133	35.87	52.0	2.52e-16
tpase_002947	78.2	tpase_002009	24.508	78.0	4.18e-16
tpase_006881	69.3	tpase_000044	26.496	66.0	3.14e-14
tpase_006221	53.9	tpase_004409	24.667	92.0	1.57e-10
tpase_005000	99.0	tpase_004452	30.83	74.0	2.18e-24
tpase_000744	102.0	tpase_001320	27.586	82.0	4.89e-24
tpase_006916	103.0	tpase_002164	26.316	97.0	1.4e-25
tpase_001910	53.5	tpase_004437	29.73	88.0	9.4e-9
tpase_005744	53.1	tpase_004041	28.947	43.0	8.93e-9
tpase_004407	134.0	tpase_003719	26.503	91.0	2.83e-35
tpase_004049	50.4	tpase_006785	26.667	31.0	4.76e-8
tpase_003826	95.9	tpase_004411	26.523	83.0	2.78e-23
tpase_004370	23.1	tpase_006545	40.541	51.0	2.5
tpase_002317	139.0	tpase_000044	38.158	66.0	8.05e-40
tpase_000815	58.9	tpase_006785	29.104	69.0	1e-11
tpase_000506	91.3	tpase_002164	29.861	84.0	2.21e-21
tpase_001991	52.0	tpase_000882	42.857	17.0	3.36e-8
tpase_004414	170.0	tpase_004353	29.331	93.0	8.74e-48
tpase_004878	72.0	tpase_002659	27.542	65.0	6.43e-15
tpase_003354	45.8	tpase_003045	36.842	9.0	2.15e-6
tpase_002454	112.0	tpase_001226	25.071	67.0	9.04e-28
tpase_004853	23.1	tpase_000876	40.0	33.0	2.2
tpase_004784	451.0	tpase_000044	93.913	69.0	4.51e-162
tpase_006312	52.0	tpase_002058	31.633	45.0	6.56e-9
tpase_005607	103.0	tpase_004452	32.129	73.0	7.13e-26
tpase_004834	63.2	tpase_006785	30.189	84.0	2.89e-13
tpase_006434	130.0	tpase_004452	34.177	70.0	3.87e-36
tpase_006275	108.0	tpase_004452	29.795	85.0	7.05e-28
tpase_001160	68.2	tpase_006785	29.71	73.0	4.31e-15
tpase_000405	152.0	tpase_006994	29.73	75.0	3.29e-42
tpase_000585	97.4	tpase_001226	24.802	82.0	1.17e-22
tpase_004047	57.8	tpase_002058	38.961	36.0	7.46e-11
tpase_001125	53.5	tpase_004619	34.4	61.0	2.12e-9
tpase_004856	23.9	tpase_006074	25.0	36.0	2.7
tpase_004216	45.8	tpase_001559	30.435	80.0	1.64e-7
tpase_004318	45.8	tpase_004041	32.051	34.0	8.62e-7
tpase_000958	78.6	tpase_001028	26.023	93.0	3.24e-17
tpase_002195	77.0	tpase_000044	29.68	81.0	1.75e-17
tpase_006767	110.0	tpase_001679	24.757	89.0	3.4e-27
tpase_006313	62.8	tpase_002058	26.182	80.0	6.01e-12
tpase_002545	89.4	tpase_002344	23.552	80.0	2.39e-21
tpase_005285	64.3	tpase_004848	26.852	71.0	1.7e-12
tpase_002724	58.5	tpase_004338	32.54	67.0	3.41e-10
tpase_005980	115.0	tpase_004452	30.952	80.0	2.43e-30
tpase_005360	75.9	tpase_006279	24.408	91.0	1.19e-15
tpase_003572	142.0	tpase_004161	26.462	91.0	1.07e-39
tpase_007001	33.5	tpase_003922	28.571	33.0	0.000811
tpase_002567	158.0	tpase_002600	29.769	87.0	1.26e-43
tpase_004164	52.4	tpase_004338	30.702	62.0	2.52e-8
tpase_004777	82.4	tpase_004411	23.642	92.0	1.61e-18
tpase_003102	119.0	tpase_006846	25.277	90.0	5.6e-30
tpase_001861	60.5	tpase_000044	25.322	65.0	2.61e-11
tpase_000432	79.7	tpase_006625	29.442	65.0	4.71e-18
tpase_004121	34.3	tpase_002052	32.203	46.0	0.001
tpase_004036	70.9	tpase_006761	30.508	46.0	2.67e-14
tpase_001499	85.9	tpase_000044	30.0	60.0	5.42e-20
tpase_001896	80.5	tpase_002705	25.597	58.0	4.36e-17
tpase_000412	88.6	tpase_006994	25.541	76.0	1.03e-20
tpase_004067	78.6	tpase_006761	28.522	73.0	5.41e-17
tpase_006087	110.0	tpase_007008	26.946	96.0	1.46e-28
tpase_001974	139.0	tpase_006991	26.464	87.0	4.62e-37
tpase_000934	62.4	tpase_002058	26.552	91.0	5.76e-12
tpase_000883	67.4	tpase_000044	26.941	61.0	1.25e-13
tpase_005383	106.0	tpase_002164	27.811	95.0	9.79e-27
tpase_005157	74.7	tpase_006279	23.303	91.0	3.06e-15
tpase_001930	95.5	tpase_003527	22.505	99.0	8.04e-22
tpase_004052	117.0	tpase_001281	28.643	91.0	3.52e-30
tpase_004288	35.0	tpase_002840	27.358	80.0	0.001
tpase_004685	54.7	tpase_004410	22.424	85.0	1.56e-10
tpase_005836	51.6	tpase_002058	39.286	27.0	2.61e-8
tpase_003614	59.7	tpase_004409	32.215	80.0	1.86e-12
tpase_001627	147.0	tpase_006991	29.041	75.0	4.22e-40
tpase_006392	105.0	tpase_003235	28.307	84.0	9.41e-26
tpase_007091	106.0	tpase_004452	28.094	87.0	5.31e-27
tpase_005558	106.0	tpase_003527	22.514	98.0	1.85e-25
tpase_000333	89.7	tpase_006625	31.188	65.0	1.12e-21
tpase_004776	56.6	tpase_006785	27.5	58.0	2.08e-10
tpase_003089	55.1	tpase_000239	29.412	74.0	3.97e-10
tpase_003602	52.8	tpase_002058	22.549	79.0	1.6e-8
tpase_004859	24.6	tpase_000876	46.429	38.0	0.72
tpase_004039	59.7	tpase_002058	25.418	93.0	3.94e-11
tpase_006300	78.6	tpase_006625	30.097	68.0	1.2e-17
tpase_005065	111.0	tpase_001009	26.647	67.0	2.12e-27
tpase_001403	51.2	tpase_004041	26.425	81.0	1.24e-8
tpase_001992	51.6	tpase_000882	31.313	26.0	5.69e-8
tpase_003697	45.8	tpase_002906	40.278	56.0	6.41e-8
tpase_004880	23.5	tpase_000876	28.169	94.0	1.7
tpase_001487	102.0	tpase_002133	39.683	36.0	4.25e-27
tpase_001731	80.1	tpase_000044	27.826	66.0	4.08e-18
tpase_000920	35.8	tpase_000322	30.909	35.0	0.000633
tpase_005453	117.0	tpase_001009	30.0	65.0	9.54e-30
tpase_006321	63.9	tpase_004409	25.676	92.0	2.73e-14
tpase_004544	82.8	tpase_001338	25.727	89.0	8.96e-18
tpase_005615	52.8	tpase_004041	37.333	22.0	1.55e-8
tpase_001395	126.0	tpase_002009	26.74	93.0	1e-31
tpase_004955	55.8	tpase_000903	29.299	48.0	1.65e-9
tpase_007064	56.6	tpase_000044	25.229	60.0	6.04e-10
tpase_001406	99.4	tpase_004452	30.996	83.0	1.14e-24
tpase_001858	55.1	tpase_000044	25.431	65.0	1.66e-9
tpase_004103	134.0	tpase_006514	32.492	56.0	4.73e-35
tpase_000658	54.3	tpase_004409	31.579	66.0	1.17e-10
tpase_003793	87.0	tpase_001009	23.499	73.0	3.66e-19
tpase_006199	105.0	tpase_004452	33.333	73.0	1.1e-26
tpase_006492	77.8	tpase_002641	29.231	61.0	1.74e-17
tpase_001620	155.0	tpase_006994	29.126	84.0	2.96e-43
tpase_004002	174.0	tpase_004353	29.134	93.0	4.15e-49
tpase_004454	110.0	tpase_004452	33.08	74.0	1.37e-28
tpase_006939	66.6	tpase_002245	27.234	76.0	1.47e-13
tpase_005569	99.8	tpase_003719	25.185	80.0	2.88e-23
tpase_003584	78.2	tpase_006785	33.742	76.0	1.58e-18
tpase_000567	70.1	tpase_002058	27.273	84.0	1.51e-14
tpase_006643	105.0	tpase_000881	25.051	87.0	3.02e-25
tpase_003699	138.0	tpase_003389	28.636	96.0	2.88e-37
tpase_005622	30.4	tpase_000748	36.364	33.0	0.017
tpase_006678	169.0	tpase_001683	29.496	85.0	2.96e-48
tpase_003564	53.9	tpase_004409	24.699	94.0	2.03e-10
tpase_003189	52.4	tpase_006785	27.612	41.0	9.84e-9
tpase_002134	267.0	tpase_002133	99.231	39.0	2.49e-91
tpase_006727	55.1	tpase_000961	28.846	29.0	4.22e-9
tpase_004933	66.2	tpase_006811	25.243	85.0	4.55e-13
tpase_001344	96.3	tpase_002009	24.71	89.0	7.07e-22
tpase_004295	57.8	tpase_000882	39.024	45.0	5.91e-10
tpase_003636	38.5	tpase_004409	23.846	74.0	0.0000786
tpase_000423	159.0	tpase_006991	28.906	79.0	1.01e-44
tpase_005880	91.3	tpase_006625	29.329	88.0	3.97e-22
tpase_001853	66.6	tpase_002765	22.139	79.0	1.32e-12
tpase_002098	89.7	tpase_000044	30.702	64.0	1.64e-21
tpase_003347	140.0	tpase_004161	26.536	90.0	9.39e-39
tpase_001545	54.7	tpase_006785	38.75	25.0	1.53e-9
tpase_005168	53.9	tpase_006127	35.354	28.0	9.79e-9
tpase_004406	140.0	tpase_003719	26.947	94.0	1.68e-37
tpase_004123	74.3	tpase_004411	23.297	75.0	9.37e-16
tpase_005064	55.5	tpase_000903	28.058	42.0	2.02e-9
tpase_003870	140.0	tpase_001684	26.555	85.0	9.19e-38
tpase_006217	96.3	tpase_002164	27.954	97.0	4.02e-23
tpase_004361	43.1	tpase_006041	27.35	80.0	2.15e-6
tpase_006795	30.8	tpase_001291	28.319	28.0	0.14
tpase_001128	58.5	tpase_004409	30.201	72.0	8.07e-12
tpase_002647	58.2	tpase_002058	24.214	91.0	1.99e-10
tpase_004783	82.8	tpase_002058	22.997	85.0	9.69e-19
tpase_005291	78.6	tpase_004411	25.397	86.0	3.72e-17
tpase_004478	63.5	tpase_004446	32.967	37.0	1.39e-11
tpase_004319	49.7	tpase_002058	25.256	88.0	1.07e-7
tpase_006650	58.2	tpase_000882	31.746	58.0	5.14e-10
tpase_006875	67.8	tpase_000044	27.391	65.0	8.33e-14
tpase_003184	58.9	tpase_004409	27.273	90.0	3.19e-12
tpase_001287	124.0	tpase_004348	25.794	92.0	3.53e-31
tpase_006457	83.2	tpase_006625	29.756	69.0	2.23e-19
tpase_002412	116.0	tpase_001226	22.6	94.0	4.41e-29
tpase_002200	83.2	tpase_000044	30.055	51.0	5.35e-19
tpase_004936	67.0	tpase_002659	32.258	46.0	2.49e-13
tpase_004613	123.0	tpase_004452	35.341	74.0	1.67e-33
tpase_001471	213.0	tpase_004353	29.684	96.0	2.39e-64
tpase_002595	22.7	tpase_005978	40.909	32.0	3.5
tpase_005496	63.2	tpase_000044	26.484	61.0	3.86e-12
tpase_000913	63.2	tpase_006785	31.818	55.0	1.15e-12
tpase_002927	103.0	tpase_002164	30.435	86.0	1.49e-25
tpase_004737	51.2	tpase_006807	32.692	28.0	6.13e-8
tpase_005513	60.1	tpase_000044	26.446	68.0	3.49e-11
tpase_003445	75.9	tpase_006785	32.576	71.0	5.47e-18
tpase_007087	51.6	tpase_000882	33.333	39.0	5.09e-8
tpase_005395	59.7	tpase_000044	26.941	61.0	4.42e-11
tpase_002903	103.0	tpase_004452	29.249	74.0	4.8e-26
tpase_003883	83.6	tpase_006625	31.034	71.0	1.55e-19
tpase_007090	42.7	tpase_006625	27.536	42.0	0.0000195
tpase_002985	70.9	tpase_004041	23.352	96.0	1.59e-14
tpase_004854	69.7	tpase_006811	32.086	51.0	3.93e-14
tpase_003688	45.1	tpase_006039	29.474	65.0	3.18e-7
tpase_004317	31.2	tpase_002923	32.143	82.0	0.012
tpase_005817	61.2	tpase_004437	30.0	37.0	5.63e-11
tpase_002895	68.6	tpase_000044	27.426	67.0	4.5e-14
tpase_006111	108.0	tpase_004452	29.066	82.0	1.39e-27
tpase_004678	65.5	tpase_000623	26.032	81.0	1.25e-12
tpase_006223	90.9	tpase_004411	22.874	93.0	1.61e-21
tpase_003125	49.3	tpase_006625	29.858	67.0	9.12e-8
tpase_002592	25.0	tpase_006614	25.0	64.0	0.86
tpase_004020	142.0	tpase_003719	26.667	93.0	3.4e-38
tpase_001718	108.0	tpase_004353	27.757	91.0	9.86e-26
tpase_002589	23.1	tpase_002023	38.71	43.0	2.6
tpase_001457	195.0	tpase_004353	28.866	98.0	1.63e-57
tpase_003897	77.8	tpase_005141	25.287	60.0	1.9e-16
tpase_000123	78.2	tpase_000044	31.551	64.0	1.41e-17
tpase_003229	65.5	tpase_002659	25.163	72.0	1.37e-12
tpase_006391	73.9	tpase_004411	26.923	85.0	1.32e-15
tpase_003867	85.1	tpase_006625	30.882	74.0	2.61e-20
tpase_003284	91.7	tpase_006625	28.72	93.0	1.57e-22
tpase_003083	81.3	tpase_001912	21.981	64.0	2.57e-17
tpase_004034	24.3	tpase_006090	31.25	68.0	1.0
tpase_006372	103.0	tpase_004452	28.076	92.0	6.33e-26
tpase_003079	108.0	tpase_006284	25.263	87.0	1.02e-26
tpase_004873	90.5	tpase_006625	25.784	93.0	4.73e-22
tpase_005495	103.0	tpase_004208	32.661	71.0	8.15e-26
tpase_002863	70.5	tpase_004041	23.656	95.0	2.67e-14
tpase_004025	52.8	tpase_002392	25.0	62.0	1.37e-8
tpase_002954	50.8	tpase_004041	24.528	73.0	1.37e-8
tpase_003578	83.6	tpase_004411	23.667	88.0	5.7e-19
tpase_003183	83.6	tpase_004411	24.062	88.0	7.42e-19
tpase_000080	83.2	tpase_000044	29.515	63.0	6.23e-19
tpase_005837	64.7	tpase_002058	23.529	93.0	1.16e-12
tpase_000419	152.0	tpase_006994	26.667	92.0	5.04e-42
tpase_004738	52.0	tpase_006127	32.143	33.0	2.95e-8
tpase_002074	62.0	tpase_002058	26.978	86.0	8.72e-12
tpase_005935	69.3	tpase_000044	26.778	69.0	2.31e-14
tpase_004289	45.1	tpase_002058	37.313	27.0	2.01e-6
tpase_004027	98.2	tpase_002009	24.558	95.0	8.37e-23
tpase_004362	87.0	tpase_002924	42.202	33.0	2.48e-20
tpase_003632	135.0	tpase_004161	24.722	89.0	8.06e-37
tpase_003075	85.1	tpase_001912	22.356	65.0	1.65e-18
tpase_005484	64.3	tpase_000044	27.234	67.0	1.45e-12
tpase_003314	77.8	tpase_002659	28.75	58.0	1.38e-16
tpase_005742	41.2	tpase_005777	40.909	55.0	4.8e-6
tpase_006222	51.6	tpase_004410	22.222	71.0	3.56e-9
tpase_001717	111.0	tpase_001226	24.207	64.0	2.75e-27
tpase_004961	112.0	tpase_004452	31.873	74.0	2.75e-29
tpase_005057	52.4	tpase_003527	30.597	36.0	2.72e-8
tpase_005297	104.0	tpase_002009	24.457	95.0	1.91e-24
tpase_006157	85.5	tpase_004353	22.909	93.0	2.3e-18
tpase_002355	68.2	tpase_006520	25.746	57.0	4.08e-13
tpase_001602	137.0	tpase_006987	28.977	79.0	6.48e-37
tpase_002688	63.2	tpase_006785	27.811	61.0	9.94e-13
tpase_006549	82.4	tpase_002058	23.311	84.0	1.48e-18
tpase_000504	90.5	tpase_002164	29.861	84.0	3.68e-21
tpase_005470	65.1	tpase_006520	25.746	57.0	4.6e-12
tpase_005399	60.8	tpase_000044	26.027	61.0	2.18e-11
tpase_001562	110.0	tpase_004452	31.786	80.0	1.26e-28
tpase_003824	56.2	tpase_002058	29.496	85.0	8.59e-11
tpase_001512	66.6	tpase_004411	20.513	83.0	4.15e-13
tpase_007068	92.8	tpase_004452	30.556	72.0	3.8e-22
tpase_003379	69.7	tpase_002765	24.029	84.0	1.14e-13
tpase_004611	106.0	tpase_003695	25.917	95.0	2.93e-26
tpase_005119	63.9	tpase_006625	25.6	81.0	1.33e-12
tpase_002584	118.0	tpase_001028	28.254	95.0	1.21e-31
tpase_004296	101.0	tpase_004452	32.271	74.0	3.09e-25
tpase_003103	73.9	tpase_001363	25.167	76.0	8.37e-15
tpase_006999	60.1	tpase_006785	24.54	89.0	2.8e-12
tpase_006097	94.4	tpase_004352	25.66	74.0	9.93e-23
tpase_006653	26.6	tpase_002489	38.462	25.0	0.44
tpase_000660	95.9	tpase_004411	27.124	84.0	2.66e-23
tpase_003414	102.0	tpase_002164	30.592	86.0	2.36e-25
tpase_002147	71.6	tpase_002133	36.957	47.0	8.47e-17
tpase_003182	52.4	tpase_000703	25.191	65.0	3.83e-9
tpase_003273	117.0	tpase_006514	27.733	76.0	2.16e-29
tpase_001664	96.7	tpase_004452	31.349	73.0	1.37e-23
tpase_000416	53.1	tpase_006991	31.061	77.0	1.12e-9
tpase_005446	75.9	tpase_006625	29.249	98.0	3.16e-17
tpase_003496	137.0	tpase_004161	26.613	94.0	1.07e-37
tpase_002007	99.8	tpase_001904	25.602	66.0	2.28e-23
tpase_004714	57.0	tpase_002642	27.876	74.0	2.61e-10
tpase_001130	93.6	tpase_004411	23.975	87.0	2.47e-22
tpase_003501	79.3	tpase_004411	23.333	88.0	1.72e-17
tpase_005956	103.0	tpase_004452	32.669	72.0	3.86e-26
tpase_007002	53.5	tpase_002058	27.559	66.0	1.35e-9
tpase_000422	140.0	tpase_006994	27.67	85.0	1.73e-37
tpase_005404	99.4	tpase_004209	33.468	71.0	1.54e-24
tpase_006311	40.0	tpase_004573	31.765	54.0	5.01e-6
tpase_002871	74.3	tpase_004411	24.601	87.0	1.1e-15
tpase_006876	63.5	tpase_002058	27.103	60.0	3.34e-12
tpase_000569	62.0	tpase_002119	26.357	68.0	1.92e-12
tpase_003836	146.0	tpase_001684	28.675	85.0	1.04e-39
tpase_001591	115.0	tpase_003527	23.992	99.0	1.66e-28
tpase_002594	79.0	tpase_006761	29.655	66.0	4.75e-17
tpase_006606	74.3	tpase_000239	24.913	79.0	1.07e-15
tpase_000641	101.0	tpase_006625	30.667	75.0	4.59e-26
tpase_006496	55.5	tpase_006785	28.571	80.0	1.76e-10
tpase_002162	111.0	tpase_007008	28.049	95.0	4.63e-29
tpase_004591	118.0	tpase_002009	25.665	89.0	3.85e-29
tpase_000429	82.0	tpase_006987	28.502	79.0	1.03e-18
tpase_004432	112.0	tpase_004452	36.398	75.0	2.48e-29
tpase_002763	124.0	tpase_000328	28.912	76.0	5.37e-32
tpase_006273	111.0	tpase_004452	37.143	66.0	9.62e-29
tpase_004065	61.6	tpase_006761	26.389	67.0	2.71e-11
tpase_003905	69.7	tpase_004791	23.297	59.0	1.24e-13
tpase_001600	155.0	tpase_006994	28.767	87.0	4.72e-43
tpase_000284	72.8	tpase_001009	23.442	73.0	8.42e-15
tpase_003223	48.1	tpase_003527	28.319	31.0	5.56e-7
tpase_003332	130.0	tpase_004161	26.113	87.0	1.91e-35
tpase_004599	99.4	tpase_005600	36.453	58.0	1.93e-24
tpase_000083	103.0	tpase_005940	24.872	87.0	1.05e-24
tpase_004782	58.9	tpase_006785	29.56	85.0	8.21e-12
tpase_001407	86.3	tpase_000044	29.078	73.0	4.34e-20
tpase_001486	55.1	tpase_002765	23.457	63.0	3.08e-9
tpase_006406	43.1	tpase_004862	38.158	23.0	0.0000166
tpase_005901	60.1	tpase_000881	39.286	32.0	1.22e-10
tpase_004489	190.0	tpase_004348	29.424	97.0	1.72e-55
tpase_000831	59.7	tpase_002344	21.756	83.0	4.29e-11
tpase_004364	22.7	tpase_002766	56.25	23.0	4.6
tpase_005024	95.9	tpase_004452	28.862	71.0	3.07e-23
tpase_002424	72.8	tpase_004437	27.95	30.0	1.58e-14
tpase_001676	79.3	tpase_000962	22.514	93.0	1.75e-16
tpase_002476	69.7	tpase_006279	23.371	92.0	1.08e-13
tpase_000995	74.3	tpase_006625	25.357	94.0	2.65e-16
tpase_000414	84.7	tpase_006987	34.188	47.0	9.5e-20
tpase_001663	119.0	tpase_004452	34.63	74.0	1.17e-31
tpase_000654	104.0	tpase_006056	27.425	92.0	5.32e-26
tpase_001739	115.0	tpase_001009	28.529	66.0	6.1e-29
tpase_004817	54.7	tpase_000623	22.83	80.0	4.67e-9
tpase_000785	98.2	tpase_000044	28.125	64.0	1.52e-24
tpase_004366	68.9	tpase_002659	28.75	59.0	9.92e-14
tpase_004715	52.4	tpase_002245	30.986	65.0	3.72e-9
tpase_005388	111.0	tpase_004452	28.972	90.0	6.41e-29
tpase_006527	79.7	tpase_002705	24.895	90.0	7.85e-17
tpase_000015	62.0	tpase_000044	26.891	67.0	8.74e-12
tpase_002597	75.1	tpase_002659	29.204	56.0	1.1e-15
tpase_003899	147.0	tpase_001684	26.623	95.0	3.62e-40
tpase_003177	69.3	tpase_004437	29.73	55.0	1.27e-13
tpase_005069	115.0	tpase_001009	29.855	69.0	1e-28
tpase_004108	96.7	tpase_002164	27.425	86.0	2.88e-23
tpase_000933	51.6	tpase_002058	33.6	66.0	5.18e-9
tpase_004310	192.0	tpase_004348	29.388	98.0	2.7e-56
tpase_001294	67.0	tpase_004411	22.464	76.0	2.64e-13
tpase_002146	58.2	tpase_004409	28.926	75.0	4.78e-12
tpase_005009	106.0	tpase_004452	30.132	85.0	4.83e-27
tpase_006205	99.4	tpase_002009	25.192	90.0	8.33e-23
tpase_004780	79.3	tpase_004041	23.204	97.0	2.15e-17
tpase_002070	68.9	tpase_000629	29.843	43.0	8.9e-14
tpase_001389	59.3	tpase_000881	30.137	76.0	1.4e-10
tpase_004860	60.1	tpase_006761	27.986	75.0	5.34e-11
tpase_004035	70.9	tpase_006761	30.508	52.0	1.85e-14
tpase_004609	40.4	tpase_002046	33.708	75.0	2.5e-6
tpase_006240	73.6	tpase_004337	29.658	91.0	8.72e-15
tpase_003517	54.3	tpase_000623	24.272	80.0	5.37e-9
tpase_000403	159.0	tpase_006994	28.894	91.0	1.38e-44
tpase_006338	57.0	tpase_002641	27.753	74.0	2.15e-10
tpase_004290	50.8	tpase_002058	23.762	87.0	4.6e-8
tpase_006042	106.0	tpase_004353	24.682	95.0	3.24e-25
tpase_006691	62.0	tpase_002058	27.957	92.0	6.3e-12
tpase_000619	102.0	tpase_002164	30.743	84.0	2.09e-25
tpase_004688	67.4	tpase_004411	24.419	80.0	2.99e-14
tpase_004778	52.4	tpase_004041	24.39	94.0	2.33e-9
tpase_002069	67.8	tpase_004199	27.143	49.0	1.76e-13
tpase_003336	134.0	tpase_004161	25.978	90.0	1.73e-36
tpase_004046	31.6	tpase_002976	30.769	35.0	0.008
tpase_007003	53.1	tpase_002058	27.559	43.0	6.11e-9
tpase_001218	94.4	tpase_003527	20.769	93.0	2.34e-21
tpase_000420	150.0	tpase_006994	26.058	92.0	1.58e-41
tpase_005323	66.6	tpase_000044	26.971	67.0	2.61e-13
tpase_003724	115.0	tpase_004452	32.941	74.0	2.96e-30
tpase_001727	63.9	tpase_006520	27.064	42.0	1.13e-11
tpase_006998	33.5	tpase_004279	27.184	58.0	0.007
tpase_004125	78.6	tpase_005179	23.392	61.0	3.04e-16
tpase_005426	58.9	tpase_000044	26.027	61.0	9.8e-11
tpase_001279	130.0	tpase_003719	28.266	95.0	5.48e-34
tpase_002054	52.0	tpase_004437	28.0	40.0	3.64e-8
tpase_000747	57.8	tpase_004338	32.54	67.0	5.18e-10
tpase_005544	63.5	tpase_000044	26.809	63.0	2.8e-12
tpase_006654	66.6	tpase_002659	24.324	76.0	3.19e-13
tpase_001940	122.0	tpase_006514	28.232	77.0	7.43e-31
tpase_004835	87.4	tpase_002058	26.846	86.0	2.3e-20
tpase_000407	137.0	tpase_006994	29.351	79.0	1.06e-36
tpase_004299	58.5	tpase_006785	30.597	56.0	2.83e-11
tpase_001217	186.0	tpase_006991	30.425	96.0	6.75e-55
tpase_004795	63.5	tpase_000044	26.19	61.0	2.24e-12
tpase_001692	55.5	tpase_006785	27.397	69.0	2.73e-10
tpase_002021	55.1	tpase_004446	30.827	31.0	4.64e-9
tpase_004412	116.0	tpase_002009	24.067	94.0	2.28e-28
tpase_001693	55.5	tpase_006785	27.397	45.0	9.48e-10
tpase_003690	127.0	tpase_003389	27.335	95.0	2.1e-33
tpase_000860	33.9	tpase_001798	24.444	66.0	0.000831
tpase_006609	197.0	tpase_004348	31.062	92.0	1.27e-57
tpase_003621	137.0	tpase_004161	26.111	91.0	9.99e-38
tpase_002596	74.7	tpase_002659	29.114	67.0	8.32e-16
tpase_001978	74.3	tpase_000584	26.425	81.0	3.72e-15
tpase_005598	57.4	tpase_000881	39.024	21.0	8.18e-10
tpase_005286	76.3	tpase_002765	22.052	94.0	9.09e-16
tpase_002123	96.3	tpase_002058	26.625	93.0	2.25e-23
tpase_001543	35.8	tpase_000261	32.558	35.0	0.000111
tpase_001431	117.0	tpase_002164	31.399	82.0	1.04e-30
tpase_006941	37.0	tpase_000919	24.088	96.0	0.000199
tpase_004938	110.0	tpase_004023	28.772	94.0	6.74e-29
tpase_006366	130.0	tpase_004452	33.466	73.0	4.15e-36
tpase_000642	104.0	tpase_006625	29.2	83.0	4.21e-27
tpase_000932	37.7	tpase_003381	32.727	46.0	0.0000222
tpase_000176	110.0	tpase_004452	31.873	72.0	2.17e-28
tpase_004689	94.7	tpase_004411	22.801	89.0	6.45e-23
tpase_000617	61.2	tpase_000044	25.0	62.0	1.45e-11
tpase_002585	99.8	tpase_001028	26.364	94.0	1.06e-24
tpase_005071	55.1	tpase_000044	24.074	61.0	1.56e-9
tpase_004431	109.0	tpase_004452	33.591	75.0	3.22e-28
tpase_004201	40.8	tpase_001559	29.752	87.0	7.69e-6
tpase_003444	41.6	tpase_003017	40.0	35.0	2.66e-6
tpase_000922	42.0	tpase_004411	21.818	89.0	0.0000391
tpase_003571	60.5	tpase_000623	24.675	80.0	4.84e-11
tpase_006050	91.3	tpase_000178	24.877	85.0	8e-21
tpase_006523	97.8	tpase_000005	24.0	83.0	4.22e-23
tpase_002974	94.7	tpase_006550	24.607	88.0	6.6e-22
tpase_004150	56.2	tpase_000044	23.502	63.0	5.87e-10
tpase_003613	50.8	tpase_004161	22.222	35.0	1.32e-7
tpase_001624	150.0	tpase_006994	27.015	95.0	3.86e-41
tpase_003689	119.0	tpase_003388	29.703	85.0	8.22e-32
tpase_004952	71.2	tpase_000044	28.636	61.0	5.81e-15
tpase_003121	51.6	tpase_000239	30.303	82.0	3.1e-9
tpase_000943	87.8	tpase_006785	34.337	48.0	5.01e-21
tpase_004881	74.7	tpase_006811	32.979	52.0	1e-15
tpase_002966	95.5	tpase_006550	24.505	93.0	3.31e-22
tpase_003172	181.0	tpase_004353	28.543	98.0	3.28e-52
tpase_003698	112.0	tpase_003388	28.981	83.0	3.99e-29
tpase_006657	77.0	tpase_004848	25.243	90.0	8.52e-16
tpase_000810	61.2	tpase_006625	25.993	92.0	1.01e-11
tpase_001393	66.6	tpase_002058	25.09	89.0	2.16e-13
tpase_006323	109.0	tpase_004411	24.54	93.0	4.11e-28
tpase_004363	96.7	tpase_006165	36.471	42.0	1.05e-22
tpase_004490	69.3	tpase_004437	31.081	55.0	1.65e-13
tpase_001043	125.0	tpase_001045	98.413	75.0	8.54e-37
tpase_006182	103.0	tpase_002164	30.169	86.0	8.34e-26
tpase_003088	37.0	tpase_004409	22.222	91.0	0.000269
tpase_000076	94.7	tpase_005141	27.027	87.0	4.15e-22
tpase_003819	54.3	tpase_002245	28.0	53.0	2.81e-9
tpase_004301	104.0	tpase_004452	32.87	70.0	8.98e-27
tpase_002318	61.6	tpase_002245	25.0	85.0	6.96e-12
tpase_002260	61.6	tpase_002765	23.517	97.0	4.15e-11
tpase_007096	110.0	tpase_004452	28.058	81.0	1.16e-28
tpase_003835	137.0	tpase_001684	26.625	98.0	2.18e-36
tpase_001384	87.0	tpase_002758	23.256	84.0	2.08e-19
tpase_006936	44.7	tpase_006837	25.694	47.0	5.59e-6
tpase_000566	79.7	tpase_004041	24.119	95.0	2.18e-17
tpase_005624	43.9	tpase_002058	23.874	66.0	8.24e-6
tpase_002363	31.6	tpase_000683	24.324	41.0	0.084
tpase_002132	81.6	tpase_002058	27.962	91.0	4e-19
tpase_002320	65.1	tpase_002009	26.271	70.0	6.53e-12
tpase_001394	64.7	tpase_002659	28.807	59.0	2.74e-12
tpase_004203	57.4	tpase_006785	28.221	49.0	1.76e-10
tpase_005450	63.2	tpase_000044	27.119	66.0	2.95e-12
tpase_004917	110.0	tpase_001707	26.791	85.0	2.25e-28
tpase_001725	104.0	tpase_004452	33.6	73.0	2.88e-26
tpase_000298	111.0	tpase_004452	31.25	74.0	7.36e-29
tpase_000421	146.0	tpase_006994	26.73	85.0	5.98e-40
tpase_003281	118.0	tpase_003747	28.723	88.0	1.01e-31
tpase_002967	95.9	tpase_000584	24.123	90.0	3.65e-22
tpase_002190	47.4	tpase_004594	30.081	70.0	9.9e-7
tpase_000816	60.1	tpase_002058	23.551	89.0	3.2e-11
tpase_006502	89.0	tpase_006684	29.739	86.0	5.92e-21
tpase_003560	133.0	tpase_004161	25.691	92.0	2.97e-36
tpase_003885	151.0	tpase_001684	28.361	99.0	1.16e-41
tpase_002940	76.6	tpase_000044	28.139	66.0	8.29e-17
tpase_003464	60.5	tpase_004410	24.138	85.0	1.43e-12
tpase_006546	91.7	tpase_001009	24.869	77.0	1.1e-20
tpase_006718	174.0	tpase_004348	27.629	97.0	9.91e-50
tpase_004372	74.3	tpase_002620	35.484	39.0	1.52e-15
tpase_000021	41.6	tpase_003779	28.571	30.0	0.0000628
tpase_003212	150.0	tpase_006987	26.923	95.0	2.55e-41
tpase_001274	140.0	tpase_004353	25.984	89.0	8.63e-37
tpase_001936	80.5	tpase_001009	25.075	65.0	3.85e-17
tpase_004935	22.7	tpase_002118	28.302	77.0	3.9
tpase_005454	69.7	tpase_006625	26.82	83.0	1.42e-14
tpase_005393	116.0	tpase_001009	26.1	69.0	4.06e-29
tpase_003619	139.0	tpase_004161	26.462	90.0	1.19e-38
tpase_006535	75.5	tpase_002721	26.506	76.0	1.89e-15
tpase_003276	54.7	tpase_000882	30.233	32.0	5.5e-9
tpase_003615	63.2	tpase_006785	30.189	65.0	7.53e-13
tpase_004122	50.4	tpase_000239	35.135	48.0	6.86e-9
tpase_005487	50.1	tpase_003527	26.357	35.0	1.39e-7
tpase_004449	66.2	tpase_006785	32.515	49.0	1.52e-13
tpase_004516	71.2	tpase_002659	27.49	62.0	1.9e-14
tpase_001258	55.1	tpase_006127	37.113	41.0	4.44e-9
tpase_004026	78.2	tpase_002009	26.957	66.0	5.26e-16
tpase_002796	159.0	tpase_001684	27.049	97.0	2.52e-44
tpase_005023	60.1	tpase_000044	25.571	61.0	3.54e-11
tpase_006160	92.8	tpase_006253	24.766	96.0	1.77e-21
tpase_005609	60.8	tpase_003527	25.943	78.0	9.41e-11
tpase_000909	87.0	tpase_001028	25.959	89.0	4.39e-20
tpase_006913	110.0	tpase_004208	28.446	97.0	1.22e-28
tpase_005599	95.9	tpase_002164	27.986	84.0	5.99e-23
tpase_001931	82.8	tpase_001009	25.0	78.0	5.88e-18
tpase_004578	100.0	tpase_004348	23.892	99.0	3.17e-23
tpase_000091	55.1	tpase_002765	22.672	81.0	2.42e-9
tpase_006493	80.5	tpase_006723	24.422	82.0	3.24e-17
tpase_006352	48.1	tpase_006127	31.579	26.0	7.07e-7
tpase_005282	62.8	tpase_002642	27.727	73.0	2.4e-12
tpase_001422	123.0	tpase_002009	26.562	89.0	8.91e-31
tpase_003497	142.0	tpase_004161	26.23	93.0	1.16e-39
tpase_001886	48.9	tpase_002765	28.022	48.0	3.59e-7
tpase_004309	60.5	tpase_000044	29.714	47.0	3.53e-11
tpase_002754	56.6	tpase_002058	31.788	96.0	5.12e-11
tpase_001481	87.8	tpase_000044	29.524	61.0	7.95e-21
tpase_002824	98.6	tpase_007008	27.576	94.0	3.09e-24
tpase_005645	99.8	tpase_001690	30.738	71.0	1.36e-24
tpase_005743	54.3	tpase_004041	28.947	65.0	1.05e-9
tpase_006965	97.1	tpase_004353	23.225	97.0	3.12e-22
tpase_004068	78.2	tpase_006761	28.522	67.0	9.94e-17
tpase_003076	88.6	tpase_001912	23.077	64.0	1.1e-19
tpase_001164	85.9	tpase_004041	25.691	96.0	1.3e-19
tpase_000821	65.5	tpase_002344	23.616	90.0	3.76e-13
tpase_005705	61.6	tpase_004437	26.554	35.0	4.22e-11
tpase_003187	37.7	tpase_003017	26.316	67.0	0.0000593
tpase_005623	40.0	tpase_004041	26.271	55.0	0.0000621
tpase_000424	133.0	tpase_006994	28.333	88.0	1.06e-35
tpase_005461	58.5	tpase_000044	25.463	61.0	1.22e-10
tpase_003312	26.9	tpase_000118	23.377	72.0	0.26
tpase_003483	134.0	tpase_004161	26.316	88.0	1.28e-36
tpase_003352	145.0	tpase_004161	27.374	90.0	1.07e-40
tpase_003122	57.4	tpase_000239	24.373	94.0	2.3e-10
tpase_000413	80.9	tpase_006994	25.541	70.0	6.94e-18
tpase_005614	39.3	tpase_006100	40.385	36.0	0.0000321
tpase_005175	99.8	tpase_002164	28.571	93.0	2.63e-24
tpase_000651	112.0	tpase_006056	27.815	92.0	1.6e-28
tpase_006774	201.0	tpase_004353	28.543	97.0	2.41e-59
tpase_002590	70.9	tpase_006811	23.939	93.0	1.81e-14
tpase_004298	38.9	tpase_002058	26.829	88.0	0.0000336
tpase_003620	143.0	tpase_004161	27.019	90.0	4.01e-40
tpase_006322	55.8	tpase_004410	26.174	68.0	1.01e-10
tpase_006435	77.8	tpase_004411	23.175	85.0	7.18e-17
tpase_005372	126.0	tpase_005374	100.0	74.0	4.95e-37
tpase_006388	88.6	tpase_005940	22.886	91.0	8.11e-20
tpase_002141	116.0	tpase_004452	34.524	73.0	1.24e-30
tpase_005751	121.0	tpase_006846	24.364	93.0	1.29e-30
tpase_004453	112.0	tpase_005275	30.199	65.0	1.14e-27
tpase_002020	55.1	tpase_004446	30.928	27.0	3.92e-9
tpase_002151	70.9	tpase_002058	23.077	89.0	1.55e-14
tpase_002192	79.3	tpase_000044	27.948	65.0	8.36e-18
tpase_004998	110.0	tpase_004452	32.443	73.0	1.66e-28
tpase_005283	97.4	tpase_002164	31.802	81.0	1.51e-23
tpase_000941	47.8	tpase_004409	24.39	72.0	2.96e-8
tpase_003090	70.9	tpase_004411	25.161	86.0	1.36e-14
tpase_001127	71.6	tpase_004411	23.899	86.0	8.13e-15
tpase_000538	109.0	tpase_000982	31.293	85.0	4.64e-28
tpase_005519	109.0	tpase_001009	27.778	65.0	8.66e-27
tpase_004764	52.8	tpase_006127	31.25	31.0	2.32e-8
tpase_004202	57.8	tpase_006785	28.221	76.0	4.32e-11
tpase_005606	103.0	tpase_002164	29.693	84.0	7.09e-26
tpase_001598	124.0	tpase_003527	25.72	95.0	1.83e-31
tpase_001716	116.0	tpase_004353	26.981	91.0	2.2e-28
tpase_004997	96.7	tpase_001009	27.893	66.0	1.88e-22
tpase_004032	126.0	tpase_002009	24.811	88.0	1.18e-31
tpase_007000	72.8	tpase_000239	22.069	80.0	3.46e-15
tpase_005255	112.0	tpase_001028	29.167	94.0	3.8e-29
tpase_005468	71.2	tpase_000044	25.751	67.0	5.48e-15
tpase_003338	130.0	tpase_004161	24.93	91.0	4.26e-35
tpase_002398	166.0	tpase_006987	33.508	81.0	4.12e-47
tpase_003061	77.4	tpase_005214	27.985	89.0	2.05e-17
tpase_005412	115.0	tpase_004452	33.466	74.0	3.42e-30
tpase_006329	75.5	tpase_004041	24.507	91.0	5.8e-16
tpase_004016	137.0	tpase_004348	27.778	90.0	7.9e-36
tpase_003868	71.2	tpase_006625	33.121	65.0	1.73e-15
tpase_005272	112.0	tpase_002164	32.404	84.0	4.51e-29
tpase_007084	93.6	tpase_002058	25.697	93.0	2.28e-22
tpase_003863	84.3	tpase_006625	32.843	66.0	1.02e-19
tpase_001159	38.9	tpase_002718	34.483	55.0	5.78e-6
tpase_006289	57.8	tpase_000495	51.852	35.0	2.78e-12
tpase_000415	85.1	tpase_006991	27.488	70.0	1.76e-19
tpase_003849	73.6	tpase_002659	26.515	72.0	2.39e-15
tpase_004929	65.5	tpase_004446	24.231	88.0	6.11e-13
tpase_004153	120.0	tpase_006514	25.732	95.0	1.85e-30
tpase_006339	103.0	tpase_007008	27.019	93.0	7.53e-26
tpase_006404	32.7	tpase_001035	30.0	34.0	0.007
tpase_003209	73.2	tpase_004446	25.0	44.0	1.16e-14
tpase_006401	106.0	tpase_004208	33.858	71.0	7.18e-27
tpase_003185	51.6	tpase_000703	26.531	61.0	1.28e-8
tpase_005685	81.6	tpase_005214	27.917	77.0	8.19e-19
tpase_001461	92.8	tpase_000044	31.844	51.0	1.89e-22
tpase_001420	160.0	tpase_006516	28.947	82.0	8.74e-45
tpase_002005	50.8	tpase_004446	28.866	26.0	8.05e-8
tpase_000430	145.0	tpase_006994	27.46	90.0	1.77e-39
tpase_006531	74.7	tpase_000044	26.549	64.0	4.21e-16
tpase_002401	110.0	tpase_001338	26.623	93.0	5.62e-27
tpase_003186	77.8	tpase_004411	22.552	91.0	6.42e-17
tpase_004462	45.8	tpase_004409	23.944	73.0	2.48e-7
tpase_000657	124.0	tpase_006056	28.819	90.0	1.11e-32
tpase_001699	65.1	tpase_002765	21.392	76.0	3.21e-12
tpase_003869	146.0	tpase_001684	27.214	95.0	9.21e-40
tpase_002194	37.4	tpase_003956	28.037	79.0	0.000153
tpase_004779	63.5	tpase_006785	29.747	84.0	2.15e-13
tpase_001060	100.0	tpase_002164	29.21	82.0	1.49e-24
tpase_004015	171.0	tpase_004353	29.783	93.0	3.97e-48
tpase_004447	40.0	tpase_004646	31.858	80.0	0.000014
tpase_006877	128.0	tpase_006879	100.0	72.0	9.24e-38
tpase_004580	42.0	tpase_006284	32.0	18.0	0.0000628
tpase_005967	65.5	tpase_004437	29.452	51.0	2.66e-12
tpase_002411	66.6	tpase_002705	24.272	79.0	1.47e-12
tpase_001599	116.0	tpase_004348	25.758	97.0	1.69e-28
tpase_004217	48.5	tpase_000239	26.842	85.0	8.06e-8
tpase_003214	117.0	tpase_006514	27.064	88.0	2.54e-29
tpase_007069	66.6	tpase_002245	29.496	46.0	1.35e-13
tpase_006224	98.6	tpase_005600	26.848	73.0	3.81e-24
tpase_005026	102.0	tpase_004452	31.449	76.0	2.63e-25
tpase_005224	142.0	tpase_000044	34.874	65.0	8.59e-41
tpase_001404	59.7	tpase_002058	28.571	84.0	5.68e-11
tpase_006091	129.0	tpase_006093	100.0	74.0	2.83e-38
tpase_002222	199.0	tpase_004353	32.334	98.0	6.14e-59
tpase_004877	23.5	tpase_006259	36.364	28.0	2.4
tpase_004377	68.2	tpase_006811	34.211	47.0	1.1e-13
tpase_003356	45.8	tpase_003045	36.842	9.0	2.15e-6
tpase_005633	80.9	tpase_000881	31.835	54.0	4.02e-17
tpase_004218	51.2	tpase_002058	24.503	87.0	3.39e-8
tpase_004943	36.2	tpase_006082	24.731	70.0	0.0000937
tpase_000871	23.1	tpase_003300	52.941	24.0	2.7
tpase_002290	57.0	tpase_003134	21.698	80.0	7.48e-10
tpase_004206	90.9	tpase_001689	29.707	69.0	1.96e-21
tpase_006193	82.0	tpase_002105	26.866	60.0	8.68e-18
tpase_006102	82.0	tpase_006625	29.612	70.0	4.56e-19
tpase_003800	80.5	tpase_006279	23.611	83.0	4.85e-17
tpase_002899	109.0	tpase_004452	30.859	74.0	2.83e-28
tpase_000936	33.9	tpase_006785	30.081	56.0	0.006
tpase_005534	102.0	tpase_001009	26.444	65.0	1.44e-24
tpase_004042	99.0	tpase_000919	26.441	84.0	1.47e-24
tpase_002362	108.0	tpase_000982	30.952	85.0	9.3e-28
tpase_005300	75.9	tpase_004411	24.921	84.0	3.15e-16
tpase_004385	102.0	tpase_004452	34.483	75.0	1.02e-25
tpase_006786	358.0	tpase_006785	99.448	53.0	7.54e-126
tpase_006656	220.0	tpase_004348	32.636	95.0	9.68e-67
tpase_002103	99.0	tpase_004452	30.242	72.0	2.71e-24
tpase_000659	70.1	tpase_000239	33.136	84.0	2.06e-15
tpase_001245	165.0	tpase_001684	28.224	86.0	1.43e-46
tpase_004124	106.0	tpase_002009	24.033	85.0	4.85e-25
tpase_000129	81.6	tpase_003731	24.355	77.0	1.17e-17
tpase_001165	67.0	tpase_006625	26.562	83.0	8.83e-14
tpase_006431	72.0	tpase_004411	23.492	90.0	5.02e-15
tpase_005143	89.4	tpase_004348	23.772	91.0	1.08e-19
tpase_002762	120.0	tpase_001679	25.683	75.0	1.97e-30
tpase_000525	75.5	tpase_000044	29.13	65.0	1.99e-16
tpase_002191	77.4	tpase_002133	30.952	40.0	4.77e-18
tpase_001726	87.8	tpase_002164	28.621	85.0	2.78e-20
tpase_004365	67.8	tpase_002659	28.75	65.0	1.99e-13
tpase_005334	89.4	tpase_001028	25.392	84.0	8.26e-21
tpase_006605	63.9	tpase_000239	31.746	56.0	5.15e-13
tpase_003188	52.4	tpase_006785	27.612	53.0	4.75e-9
tpase_005151	74.3	tpase_004411	23.794	90.0	9.64e-16
tpase_002689	107.0	tpase_002058	28.223	85.0	1.33e-27
tpase_000286	62.0	tpase_002642	26.606	73.0	4.64e-12
tpase_002025	71.2	tpase_000044	26.201	65.0	5.76e-15
tpase_006299	93.2	tpase_005500	24.574	95.0	1.54e-21
tpase_000084	106.0	tpase_004353	26.471	97.0	3.81e-25
tpase_003337	130.0	tpase_004161	25.21	91.0	2.38e-35
tpase_000078	92.8	tpase_005940	25.185	91.0	2.54e-21
tpase_006948	60.1	tpase_004862	25.519	84.0	6.14e-11
tpase_003227	23.9	tpase_000522	31.148	83.0	1.7
tpase_005180	108.0	tpase_004452	30.034	85.0	1.02e-27
tpase_006775	93.2	tpase_004437	24.779	60.0	2.77e-21
tpase_006943	88.2	tpase_006785	34.568	47.0	3.79e-21
tpase_000200	63.5	tpase_000044	24.268	69.0	2.77e-12
tpase_001126	47.8	tpase_004862	23.618	88.0	1.53e-7
tpase_005966	48.1	tpase_005488	27.778	42.0	5.83e-7
tpase_004029	123.0	tpase_006846	25.966	92.0	1.84e-31
tpase_001983	124.0	tpase_004353	25.142	91.0	2.76e-31
tpase_005474	166.0	tpase_001267	31.555	90.0	3.09e-47
tpase_006667	61.2	tpase_006785	36.09	45.0	6.15e-12
tpase_005448	100.0	tpase_004353	23.019	99.0	1.19e-23
tpase_001696	100.0	tpase_005275	26.879	67.0	1.54e-23
tpase_006334	127.0	tpase_004452	32.203	70.0	9.48e-35
tpase_001314	89.7	tpase_001791	29.076	68.0	6.83e-20
tpase_005174	101.0	tpase_002164	29.693	83.0	6.28e-25
tpase_006316	63.5	tpase_002058	27.206	80.0	2.67e-12
tpase_003616	91.3	tpase_004411	25.545	92.0	1.13e-21
tpase_004300	60.5	tpase_002058	25.329	87.0	3.09e-11
tpase_004857	63.5	tpase_002659	24.573	82.0	3.2e-12
tpase_004469	123.0	tpase_004452	36.538	74.0	3.47e-33
tpase_007102	73.2	tpase_004848	27.273	71.0	1.24e-14
tpase_001752	116.0	tpase_001689	34.728	68.0	1.22e-30
tpase_006830	74.7	tpase_004411	24.29	84.0	7.21e-16
tpase_003051	101.0	tpase_002392	26.829	91.0	2.99e-25
tpase_000861	63.2	tpase_006785	25.926	80.0	3.56e-13
tpase_006784	71.2	tpase_000919	32.278	91.0	5.68e-16
tpase_005745	103.0	tpase_004452	32.946	75.0	4.98e-26
tpase_003213	120.0	tpase_001338	27.696	80.0	3.37e-30
tpase_002511	113.0	tpase_004452	32.685	75.0	1.15e-29
tpase_004672	57.4	tpase_002058	33.673	51.0	5.49e-11
tpase_002759	135.0	tpase_006879	25.983	98.0	1.06e-35
tpase_000417	108.0	tpase_006994	25.962	91.0	2.94e-27
tpase_005545	53.9	tpase_000903	27.465	42.0	8.11e-9
tpase_001343	96.3	tpase_001690	28.152	97.0	2.18e-23
tpase_001919	67.4	tpase_003527	24.901	58.0	6.51e-13
tpase_001680	136.0	tpase_001729	27.937	85.0	1.18e-36
tpase_006117	134.0	tpase_004452	33.068	74.0	2.44e-37
tpase_004360	84.0	tpase_001028	26.349	88.0	4.82e-19
tpase_001678	75.1	tpase_002705	23.077	74.0	2.43e-15
tpase_004014	33.5	tpase_003304	31.579	9.0	0.03
tpase_005957	52.0	tpase_004437	30.464	53.0	3.94e-8
tpase_004051	79.0	tpase_001281	30.38	88.0	1.03e-17
tpase_002619	150.0	tpase_003846	26.68	95.0	5.55e-41
tpase_006604	35.8	tpase_004409	22.222	90.0	0.000582
tpase_002006	51.2	tpase_004446	28.866	27.0	6.34e-8
tpase_006390	61.6	tpase_000239	33.628	49.0	3.55e-12
tpase_004419	77.0	tpase_002009	27.753	66.0	1.08e-15
tpase_001299	60.8	tpase_000044	26.106	65.0	1.71e-11
tpase_001510	55.5	tpase_004619	35.366	39.0	5.89e-10
tpase_005049	110.0	tpase_001009	26.923	67.0	2.22e-27
tpase_005070	66.6	tpase_006520	25.373	57.0	1.41e-12
tpase_006832	78.2	tpase_002009	22.265	88.0	4.47e-16
tpase_004858	64.3	tpase_006761	26.437	83.0	2.86e-12
tpase_002975	93.6	tpase_001682	22.683	81.0	2.49e-21
tpase_004050	48.5	tpase_004200	34.091	46.0	5.45e-8
tpase_003900	98.2	tpase_006625	31.556	75.0	6.79e-25
tpase_000862	62.8	tpase_006785	25.926	50.0	2.45e-12
tpase_003881	84.7	tpase_001009	23.834	65.0	2.69e-18
tpase_006360	79.7	tpase_001093	25.26	98.0	1.98e-17
tpase_005265	65.9	tpase_006811	30.481	55.0	7.22e-13
tpase_004236	191.0	tpase_004348	29.63	97.0	9.15e-56
tpase_003872	81.6	tpase_005940	24.011	85.0	1.45e-17
tpase_004378	68.9	tpase_006811	34.211	40.0	1.19e-13
tpase_004930	65.9	tpase_004446	24.231	80.0	2.63e-12
tpase_002599	154.0	tpase_006514	30.0	83.0	1.69e-42
tpase_000539	57.4	tpase_000044	32.0	39.0	2.93e-10
tpase_003120	40.4	tpase_000640	23.485	90.0	9.48e-6
tpase_002687	60.5	tpase_002058	30.968	92.0	3.01e-12
tpase_006844	131.0	tpase_006846	100.0	72.0	8.92e-39
tpase_004159	118.0	tpase_003719	25.85	87.0	1.72e-29
tpase_005281	61.2	tpase_004411	22.623	90.0	2.16e-11
tpase_001546	110.0	tpase_004452	34.4	76.0	8.8e-29
tpase_000942	88.2	tpase_006785	34.337	77.0	2.9e-22
tpase_005801	55.5	tpase_004446	36.264	22.0	3.87e-9
tpase_000335	62.8	tpase_002642	27.711	82.0	2.97e-12
tpase_004018	46.6	tpase_000044	23.041	63.0	1.09e-6
tpase_003638	87.0	tpase_004411	26.042	83.0	3.22e-20
tpase_006356	134.0	tpase_004452	33.466	74.0	3.2e-37
tpase_002314	102.0	tpase_001009	28.049	65.0	1.59e-24
tpase_001488	102.0	tpase_002133	40.476	36.0	3.47e-27
tpase_005083	133.0	tpase_001729	26.728	88.0	3.69e-35
tpase_005020	76.3	tpase_002133	33.077	37.0	1.83e-17
tpase_005889	69.7	tpase_000044	26.201	65.0	2.09e-14
tpase_004774	87.0	tpase_002058	24.837	90.0	3.18e-20
tpase_006446	58.2	tpase_004409	25.17	91.0	3.78e-12
tpase_006114	117.0	tpase_004452	31.633	86.0	2.47e-31
tpase_000289	66.2	tpase_006625	26.736	92.0	2.35e-13
tpase_006500	95.5	tpase_000005	24.384	82.0	2.44e-22
tpase_006689	40.8	tpase_006460	44.186	36.0	1.66e-6
tpase_005965	55.5	tpase_006127	31.776	38.0	3.96e-9
tpase_002573	143.0	tpase_002600	29.339	93.0	3.69e-38
tpase_000901	103.0	tpase_000919	28.52	79.0	2.89e-26
tpase_002201	113.0	tpase_002164	28.571	95.0	3.64e-29
tpase_003562	56.6	tpase_006785	28.667	79.0	6.49e-11
tpase_001086	73.9	tpase_004411	23.323	90.0	1.4e-15
tpase_003062	111.0	tpase_002625	27.824	90.0	3.09e-27
tpase_002414	93.2	tpase_002344	24.727	84.0	9.72e-23
tpase_005287	30.4	tpase_002764	42.857	10.0	0.21
tpase_002135	96.3	tpase_004331	26.822	97.0	2.3e-23
tpase_000583	99.8	tpase_001009	24.93	62.0	2.66e-23
tpase_003633	132.0	tpase_004161	25.543	93.0	4.89e-36
tpase_005664	101.0	tpase_004437	30.063	63.0	4.77e-24
tpase_000225	91.3	tpase_005978	25.538	85.0	5.68e-21
tpase_001563	107.0	tpase_002164	30.897	84.0	3.41e-27
tpase_003411	125.0	tpase_004452	34.4	73.0	6.23e-34
tpase_005022	74.7	tpase_000044	29.032	61.0	4.25e-16
tpase_005460	79.7	tpase_000044	28.571	64.0	8.1e-18
tpase_006152	27.3	tpase_005574	34.0	16.0	1.6
tpase_006690	51.2	tpase_006785	28.667	79.0	5.08e-9
tpase_005228	55.8	tpase_006127	34.021	38.0	3.04e-9
neg_006255	29.6	tpase_003264	32.394	13.0	0.76
neg_014684	31.6	tpase_002716	44.737	4.0	0.3
neg_004353	28.9	tpase_000155	27.143	58.0	0.1
neg_005017	29.3	tpase_002160	28.169	9.0	1.5
neg_005845	25.8	tpase_002119	32.143	12.0	4.1
neg_020334	29.3	tpase_002425	25.0	15.0	0.35
neg_015098	28.5	tpase_004981	33.929	8.0	1.6
neg_011094	28.5	tpase_006261	26.562	26.0	0.54
neg_019728	26.6	tpase_004256	29.508	59.0	0.38
neg_014675	26.6	tpase_004479	50.0	15.0	0.96
neg_006831	23.5	tpase_000282	29.688	44.0	7.8
neg_004073	28.1	tpase_001464	26.667	57.0	0.15
neg_018582	28.5	tpase_000168	33.333	7.0	1.4
neg_004344	29.6	tpase_002906	25.0	42.0	0.1
neg_013632	28.1	tpase_002438	24.138	30.0	0.31
neg_004854	30.0	tpase_001690	32.0	13.0	0.45
neg_002176	29.3	tpase_006359	25.269	42.0	0.62
neg_009865	24.6	tpase_003262	34.884	33.0	3.3
neg_002787	25.4	tpase_006233	37.838	8.0	3.6
neg_008536	24.6	tpase_003609	39.394	27.0	2.6
neg_011619	26.9	tpase_001789	30.233	21.0	1.2
neg_015543	25.4	tpase_004452	31.034	53.0	0.9
neg_000511	27.7	tpase_004885	29.268	49.0	0.49
neg_007029	28.9	tpase_002700	28.467	59.0	0.25
neg_017280	25.0	tpase_004731	27.536	19.0	9.1
neg_016291	26.6	tpase_005367	34.375	9.0	3.9
neg_015983	24.3	tpase_002568	40.909	25.0	2.0
neg_000567	25.0	tpase_001239	32.692	61.0	0.85
neg_015799	30.0	tpase_005034	36.508	15.0	0.32
neg_011110	0.0	None	0.0	0.0	999.0
neg_012700	26.9	tpase_006486	51.852	14.0	0.99
neg_016945	26.2	tpase_002351	19.149	27.0	4.7
neg_018695	25.8	tpase_006648	32.432	39.0	0.58
neg_006140	29.6	tpase_002081	30.556	22.0	0.26
neg_001212	28.9	tpase_006987	31.25	7.0	1.6
neg_002826	25.8	tpase_005326	26.042	33.0	5.3
neg_009330	30.4	tpase_003264	29.885	10.0	0.75
neg_003963	28.9	tpase_002210	32.203	10.0	0.3
neg_002766	29.6	tpase_002758	46.154	5.0	0.97
neg_016143	28.5	tpase_004353	35.714	8.0	1.1
neg_002599	29.3	tpase_003536	28.571	4.0	2.3
neg_007965	27.7	tpase_002041	37.143	12.0	1.4
neg_007816	26.9	tpase_002118	42.857	11.0	1.6
neg_009763	29.6	tpase_000856	29.333	24.0	0.28
neg_007495	30.8	tpase_006261	31.915	21.0	0.071
neg_016521	27.3	tpase_005749	52.174	7.0	1.8
neg_010974	25.4	tpase_003274	50.0	11.0	2.5
neg_011349	28.1	tpase_003300	26.549	21.0	1.9
neg_008009	30.4	tpase_003752	28.814	12.0	0.33
neg_004160	32.7	tpase_005652	39.623	8.0	0.085
neg_006815	23.9	tpase_002520	27.273	39.0	4.5
neg_007551	32.0	tpase_001827	32.5	16.0	0.12
neg_005719	35.4	tpase_002019	25.131	21.0	0.019
neg_010111	25.0	tpase_001017	47.826	16.0	2.8
neg_018167	28.9	tpase_001962	40.909	15.0	0.46
neg_015121	27.3	tpase_004092	27.473	47.0	0.74
neg_015183	25.0	tpase_004120	46.154	9.0	8.1
neg_011271	28.1	tpase_001527	37.931	14.0	0.5
neg_020508	26.6	tpase_005505	30.851	40.0	1.6
neg_006840	27.7	tpase_002550	31.111	59.0	0.37
neg_015800	29.3	tpase_005871	22.034	17.0	0.4
neg_012021	25.0	tpase_000748	76.471	7.0	3.4
neg_005801	30.0	tpase_003673	25.641	48.0	0.067
neg_019201	23.9	tpase_005924	33.333	31.0	2.4
neg_010207	28.5	tpase_006093	37.5	30.0	0.22
neg_018509	27.7	tpase_005271	36.17	12.0	2.1
neg_012726	30.4	tpase_001736	30.0	22.0	0.23
neg_018016	28.5	tpase_001830	25.21	23.0	1.6
neg_020828	24.3	tpase_006515	33.333	40.0	3.4
neg_011726	23.9	tpase_003195	29.545	39.0	3.7
neg_012655	29.6	tpase_006738	35.714	22.0	0.32
neg_003507	34.7	tpase_002180	26.786	36.0	0.008
neg_005308	29.3	tpase_000636	33.333	24.0	0.17
neg_011665	25.0	tpase_002271	30.882	53.0	1.8
neg_013241	29.6	tpase_002999	30.12	29.0	0.16
neg_013804	28.9	tpase_003777	40.0	4.0	2.5
neg_016890	27.7	tpase_000969	38.235	10.0	1.6
neg_016154	31.6	tpase_004199	27.273	63.0	0.01
neg_005252	26.6	tpase_002875	45.455	14.0	1.2
neg_003216	30.0	tpase_001080	27.027	10.0	0.74
neg_003459	31.6	tpase_005954	29.114	19.0	0.092
neg_011317	27.7	tpase_003513	36.585	24.0	0.45
neg_000007	32.3	tpase_007107	24.719	6.0	0.19
neg_016516	26.2	tpase_005124	28.571	11.0	6.4
neg_007993	32.0	tpase_003383	26.506	34.0	0.044
neg_004318	26.2	tpase_003042	29.885	47.0	1.6
neg_020025	27.7	tpase_006990	28.947	8.0	2.5
neg_008004	28.5	tpase_005739	34.211	10.0	0.91
neg_003398	29.6	tpase_004199	32.0	7.0	0.9
neg_005941	30.0	tpase_003554	27.869	36.0	0.18
neg_001650	26.6	tpase_005950	37.313	24.0	3.0
neg_019743	27.7	tpase_004910	31.169	20.0	1.7
neg_004667	24.6	tpase_003974	28.571	55.0	2.7
neg_017916	28.5	tpase_001723	23.913	25.0	1.4
neg_019887	29.6	tpase_002273	29.412	8.0	0.43
neg_020216	26.9	tpase_003601	30.303	14.0	3.3
neg_001633	26.2	tpase_002262	29.545	13.0	3.8
neg_009124	30.0	tpase_003957	32.836	8.0	0.56
neg_013599	27.7	tpase_000693	45.714	15.0	0.36
neg_016064	26.2	tpase_006136	29.787	16.0	3.3
neg_020951	25.4	tpase_000057	34.483	20.0	2.3
neg_010772	28.5	tpase_003997	34.783	16.0	0.31
neg_003361	28.5	tpase_003847	30.189	7.0	2.3
neg_004380	26.2	tpase_000234	30.909	18.0	3.8
neg_006540	31.6	tpase_000122	30.702	17.0	0.23
neg_010367	27.3	tpase_002169	37.209	14.0	1.7
neg_000164	26.9	tpase_001770	43.75	6.0	1.9
neg_006113	30.0	tpase_000898	26.364	9.0	0.99
neg_004743	29.6	tpase_002023	33.333	12.0	0.61
neg_020518	31.6	tpase_005169	34.667	31.0	0.042
neg_020095	32.7	tpase_004003	34.211	15.0	0.062
neg_013107	29.6	tpase_004251	35.185	12.0	0.55
neg_005698	25.8	tpase_002533	29.63	25.0	3.2
neg_014411	24.6	tpase_004920	54.545	12.0	4.6
neg_021041	0.0	None	0.0	0.0	999.0
neg_017809	27.7	tpase_002352	44.828	23.0	0.27
neg_007323	26.9	tpase_006075	48.276	8.0	2.4
neg_003683	26.6	tpase_002739	38.71	16.0	1.6
neg_010798	31.2	tpase_001827	32.5	16.0	0.18
neg_015639	26.9	tpase_006807	34.146	16.0	1.6
neg_020376	26.2	tpase_004883	28.571	19.0	5.6
neg_012696	23.9	tpase_004521	30.769	30.0	4.1
neg_014066	24.3	tpase_003895	36.364	21.0	6.1
neg_013078	28.1	tpase_001840	57.895	2.0	3.6
neg_020643	27.3	tpase_004982	28.75	21.0	2.0
neg_005127	32.3	tpase_001963	29.787	25.0	0.055
neg_012384	26.9	tpase_006099	36.364	10.0	4.2
neg_017424	28.1	tpase_004893	50.0	6.0	0.89
neg_018134	28.9	tpase_002654	36.232	35.0	0.24
neg_013396	0.0	None	0.0	0.0	999.0
neg_001016	25.8	tpase_005390	32.353	18.0	3.1
neg_002744	30.0	tpase_006279	34.694	3.0	1.3
neg_018425	30.8	tpase_005373	23.0	27.0	0.17
neg_007171	25.0	tpase_003141	58.824	21.0	0.69
neg_012479	29.3	tpase_001969	20.909	25.0	0.58
neg_003972	26.9	tpase_002062	25.0	27.0	2.1
neg_019607	26.9	tpase_001225	34.694	19.0	1.7
neg_017562	33.5	tpase_002962	44.737	11.0	0.018
neg_012916	31.2	tpase_001190	20.755	47.0	0.06
neg_016160	26.2	tpase_004984	29.787	24.0	2.0
neg_007995	25.8	tpase_003955	29.167	29.0	3.6
neg_006187	25.0	tpase_002745	37.037	22.0	1.9
neg_012545	26.9	tpase_001748	33.333	24.0	0.87
neg_017961	28.5	tpase_003114	24.286	18.0	0.86
neg_000054	29.3	tpase_006645	23.288	6.0	2.5
neg_014031	27.7	tpase_003078	27.273	42.0	0.39
neg_015397	27.3	tpase_001121	27.168	62.0	1.5
neg_020449	28.9	tpase_005763	20.588	24.0	0.78
neg_018231	28.1	tpase_006423	35.897	8.0	1.8
neg_017221	26.9	tpase_003285	28.788	14.0	4.0
neg_006386	24.6	tpase_006349	47.619	13.0	4.0
neg_017405	30.4	tpase_002764	31.818	12.0	0.22
neg_004197	28.5	tpase_002210	33.871	6.0	0.69
neg_013453	26.6	tpase_001748	37.288	12.0	5.4
neg_008581	23.5	tpase_001238	58.333	10.0	6.9
neg_016270	26.2	tpase_001005	28.736	77.0	0.49
neg_011525	27.7	tpase_006550	27.273	33.0	1.2
neg_002188	24.6	tpase_006967	45.0	6.0	5.8
neg_010069	30.8	tpase_005477	33.75	25.0	0.13
neg_006797	27.7	tpase_006086	29.167	28.0	1.1
neg_004836	39.3	tpase_006613	23.529	21.0	0.000356
neg_000475	26.2	tpase_001837	45.455	24.0	0.32
neg_005886	26.9	tpase_002533	29.63	25.0	1.3
neg_016216	31.2	tpase_001028	51.724	9.0	0.12
neg_019050	25.8	tpase_003694	30.556	9.0	6.8
neg_014583	23.1	tpase_002107	39.13	24.0	5.9
neg_014356	32.7	tpase_006014	31.579	3.0	0.15
neg_001357	26.2	tpase_003807	26.0	54.0	1.8
neg_002255	33.5	tpase_006837	36.364	4.0	0.11
neg_013240	29.3	tpase_001009	50.0	4.0	1.1
neg_013355	28.9	tpase_000523	31.507	6.0	2.5
neg_013797	26.6	tpase_001480	24.731	36.0	2.1
neg_018413	23.9	tpase_006232	32.075	32.0	9.6
neg_007517	24.3	tpase_003307	28.571	36.0	8.0
neg_000868	30.0	tpase_005489	38.462	6.0	0.55
neg_012936	25.8	tpase_002119	32.143	12.0	4.1
neg_020408	26.6	tpase_002743	33.962	18.0	2.5
neg_014957	26.6	tpase_003430	32.09	32.0	3.5
neg_019339	0.0	None	0.0	0.0	999.0
neg_000209	0.0	None	0.0	0.0	999.0
neg_018847	32.3	tpase_001119	43.902	16.0	0.036
neg_003922	27.7	tpase_002336	33.333	14.0	1.6
neg_008473	26.2	tpase_003558	33.333	48.0	0.51
neg_000575	28.1	tpase_006817	26.667	14.0	1.5
neg_012039	23.5	tpase_004074	30.303	35.0	4.1
neg_010171	26.6	tpase_001607	40.909	21.0	1.2
neg_016417	26.2	tpase_002153	31.667	30.0	2.3
neg_011264	27.7	tpase_005214	25.333	63.0	0.64
neg_020419	27.3	tpase_002155	34.286	10.0	1.9
neg_020939	33.1	tpase_000635	23.958	28.0	0.033
neg_003766	33.9	tpase_005810	24.138	12.0	0.11
neg_016583	29.3	tpase_006225	57.143	8.0	0.17
neg_010093	27.7	tpase_003368	23.478	40.0	0.88
neg_018223	26.9	tpase_003914	27.5	10.0	3.5
neg_012866	24.3	tpase_004258	37.5	30.0	4.0
neg_001141	30.0	tpase_003307	23.039	35.0	0.51
neg_007207	27.7	tpase_006373	41.935	17.0	0.39
neg_011305	23.9	tpase_003677	35.714	17.0	9.0
neg_005912	28.5	tpase_004211	27.273	25.0	0.47
neg_016217	26.6	tpase_000005	42.857	8.0	3.6
neg_015765	27.3	tpase_000327	62.5	6.0	1.7
neg_019890	29.6	tpase_005277	29.688	14.0	0.34
neg_004394	27.7	tpase_001809	28.0	18.0	2.8
neg_010383	25.0	tpase_004248	36.111	23.0	3.3
neg_000172	31.6	tpase_003311	28.571	6.0	0.47
neg_020535	26.6	tpase_001498	44.444	6.0	3.0
neg_013304	27.7	tpase_003533	24.691	86.0	0.11
neg_004804	28.9	tpase_004741	40.476	3.0	2.4
neg_017650	29.6	tpase_006402	24.59	18.0	0.35
neg_007205	25.4	tpase_005824	29.07	72.0	0.85
neg_008551	26.9	tpase_005380	31.429	30.0	0.28
neg_020565	26.2	tpase_006378	26.562	37.0	2.0
neg_012678	26.9	tpase_006520	24.113	99.0	0.56
neg_000114	32.3	tpase_003101	28.409	18.0	0.088
neg_004823	27.7	tpase_006245	23.529	11.0	2.0
neg_007448	27.3	tpase_006741	24.37	39.0	1.3
neg_018375	27.3	tpase_005145	52.632	6.0	1.4
neg_009411	30.0	tpase_004567	28.421	9.0	1.2
neg_008817	28.5	tpase_001383	26.531	24.0	1.1
neg_010416	30.8	tpase_007071	36.667	4.0	0.47
neg_000570	26.6	tpase_000683	40.476	13.0	3.7
neg_003787	24.6	tpase_002602	31.579	14.0	9.6
neg_000662	26.6	tpase_000870	24.675	20.0	4.4
neg_002226	25.8	tpase_000627	25.373	20.0	6.0
neg_013515	30.0	tpase_001292	37.209	31.0	0.047
neg_012797	30.4	tpase_003884	31.507	12.0	0.31
neg_006367	28.1	tpase_006490	25.758	21.0	0.93
neg_004057	32.0	tpase_002556	30.645	4.0	0.38
neg_009853	25.4	tpase_003703	40.625	22.0	1.6
neg_019561	25.8	tpase_003271	26.087	53.0	1.1
neg_003529	26.9	tpase_005333	29.231	41.0	0.66
neg_010709	30.4	tpase_007027	40.0	17.0	0.14
neg_016936	25.8	tpase_001988	30.952	42.0	0.77
neg_016925	30.8	tpase_000530	25.0	33.0	0.24
neg_016033	26.9	tpase_004813	46.429	24.0	0.44
neg_014006	30.0	tpase_003928	25.714	69.0	0.055
neg_018371	30.0	tpase_004629	28.571	20.0	0.22
neg_003214	31.6	tpase_003926	36.0	16.0	0.074
neg_020525	0.0	None	0.0	0.0	999.0
neg_001116	28.9	tpase_006860	36.585	3.0	2.9
neg_005974	26.6	tpase_006749	37.5	12.0	1.7
neg_008458	26.6	tpase_006191	32.653	15.0	2.3
neg_002078	27.3	tpase_001270	20.896	40.0	2.0
neg_010968	25.0	tpase_001877	38.889	12.0	3.4
neg_012711	26.6	tpase_001688	41.463	19.0	1.8
neg_015837	0.0	None	0.0	0.0	999.0
neg_017364	33.1	tpase_005757	26.667	17.0	0.039
neg_001017	31.6	tpase_005925	26.667	30.0	0.14
neg_000387	26.2	tpase_007012	25.0	17.0	6.5
neg_013269	29.6	tpase_000489	19.355	42.0	0.18
neg_020663	0.0	None	0.0	0.0	999.0
neg_014632	32.0	tpase_005974	35.938	26.0	0.039
neg_005465	26.9	tpase_003056	34.375	23.0	0.72
neg_011589	26.9	tpase_001918	34.091	18.0	1.6
neg_003456	29.3	tpase_000554	35.135	14.0	0.34
neg_018806	28.1	tpase_001455	35.714	8.0	1.7
neg_013868	26.2	tpase_003527	22.973	23.0	3.7
neg_007490	25.4	tpase_003367	30.0	33.0	1.4
neg_019701	28.5	tpase_006177	24.324	16.0	1.2
neg_012981	31.2	tpase_004884	26.506	26.0	0.11
neg_001031	26.9	tpase_003178	47.619	7.0	2.3
neg_001163	30.4	tpase_005198	38.889	20.0	0.067
neg_004001	30.8	tpase_000719	35.897	26.0	0.044
neg_018944	25.0	tpase_006075	25.397	34.0	4.6
neg_004783	25.8	tpase_006104	32.558	27.0	0.91
neg_009493	25.0	tpase_001416	32.258	19.0	3.2
neg_018352	27.7	tpase_001275	26.984	73.0	0.49
neg_007869	30.8	tpase_002746	40.0	11.0	0.11
neg_020443	30.4	tpase_000574	23.664	32.0	0.24
neg_016121	26.9	tpase_001469	25.882	17.0	3.9
neg_014919	28.1	tpase_000646	31.818	19.0	0.95
neg_000913	29.3	tpase_001124	30.645	32.0	0.22
neg_013506	27.3	tpase_006586	26.923	17.0	1.9
neg_005043	25.0	tpase_002071	50.0	16.0	2.8
neg_010854	26.6	tpase_000107	34.286	20.0	1.4
neg_003287	30.0	tpase_002969	34.667	40.0	0.1
neg_017027	30.0	tpase_005028	32.203	18.0	0.27
neg_016893	35.0	tpase_004630	30.0	18.0	0.012
neg_017480	26.9	tpase_001839	32.653	9.0	4.6
neg_010197	26.6	tpase_000843	35.0	23.0	0.82
neg_002362	28.1	tpase_005972	27.907	10.0	1.5
neg_012191	28.5	tpase_003974	40.984	36.0	0.22
neg_004003	28.9	tpase_005799	31.776	29.0	0.58
neg_008793	25.4	tpase_003054	25.455	37.0	2.1
neg_006635	32.0	tpase_003291	29.412	23.0	0.044
neg_006807	26.6	tpase_003923	34.884	16.0	2.3
neg_010742	27.3	tpase_003535	21.359	37.0	1.3
neg_020255	25.4	tpase_002503	39.394	9.0	8.3
neg_016184	29.3	tpase_007012	29.31	12.0	0.62
neg_006687	33.9	tpase_002933	23.585	9.0	0.069
neg_005451	27.3	tpase_004576	29.688	46.0	0.42
neg_000040	37.0	tpase_001838	37.5	9.0	0.003
neg_020606	26.6	tpase_006080	30.0	27.0	0.79
neg_007699	26.9	tpase_005892	19.108	95.0	0.8
neg_013642	28.5	tpase_005277	24.444	21.0	0.89
neg_006284	0.0	None	0.0	0.0	999.0
neg_012072	30.0	tpase_005567	25.581	25.0	0.28
neg_011759	28.1	tpase_002292	33.333	5.0	2.3
neg_016434	29.3	tpase_006890	27.612	32.0	0.43
neg_014908	25.0	tpase_003765	42.857	26.0	1.8
neg_005123	29.6	tpase_005612	28.571	26.0	0.14
neg_021118	26.9	tpase_005331	34.921	18.0	2.4
neg_006642	24.6	tpase_001098	24.561	43.0	2.1
neg_000263	27.3	tpase_002210	32.759	10.0	0.98
neg_015630	32.3	tpase_005217	32.979	51.0	0.015
neg_012128	26.6	tpase_005317	36.667	8.0	4.0
neg_019863	26.2	tpase_001439	35.714	8.0	3.6
neg_017626	30.8	tpase_003590	30.159	16.0	0.18
neg_008023	26.6	tpase_004007	23.944	76.0	1.1
neg_018084	28.1	tpase_001132	36.957	10.0	1.4
neg_007190	24.3	tpase_003958	30.556	46.0	5.8
neg_003017	30.4	tpase_006459	38.636	23.0	0.07
neg_010017	28.5	tpase_002672	30.909	20.0	0.5
neg_005510	31.6	tpase_001780	28.169	18.0	0.26
neg_018082	28.9	tpase_002738	27.778	27.0	0.55
neg_011537	25.8	tpase_002245	47.619	9.0	3.3
neg_010597	25.4	tpase_002921	33.333	18.0	2.8
neg_009939	28.5	tpase_002549	22.785	65.0	0.12
neg_016852	25.0	tpase_001508	32.353	23.0	3.0
neg_003717	26.6	tpase_002478	36.364	13.0	4.1
neg_015651	25.4	tpase_002435	30.769	15.0	7.1
neg_010311	25.8	tpase_004183	30.588	44.0	2.7
neg_014135	25.0	tpase_000025	28.947	26.0	3.0
neg_011075	26.2	tpase_006993	21.333	24.0	3.9
neg_000309	29.6	tpase_005171	23.75	6.0	1.9
neg_009442	31.2	tpase_006287	26.852	45.0	0.063
neg_008869	27.3	tpase_005865	23.387	12.0	7.3
neg_001069	26.6	tpase_007097	22.43	52.0	2.0
neg_009119	33.9	tpase_002470	31.959	7.0	0.092
neg_018609	29.6	tpase_004071	28.0	84.0	0.076
neg_020653	28.5	tpase_002478	27.273	40.0	0.78
neg_017878	27.3	tpase_000368	31.579	16.0	1.4
neg_009121	26.9	tpase_006403	28.261	45.0	0.32
neg_002071	23.1	tpase_000476	33.333	21.0	7.7
neg_014272	28.9	tpase_001713	30.769	18.0	0.51
neg_020109	27.7	tpase_002293	26.23	20.0	1.3
neg_010466	26.9	tpase_005199	24.528	31.0	0.85
neg_020007	26.6	tpase_000507	30.189	31.0	1.1
neg_010520	24.6	tpase_006776	33.333	18.0	9.6
neg_018182	27.7	tpase_003988	28.205	11.0	1.5
neg_002197	30.4	tpase_004199	22.609	15.0	0.45
neg_000978	27.3	tpase_002270	22.43	24.0	2.3
neg_016279	30.0	tpase_003039	35.417	10.0	0.33
neg_012984	26.9	tpase_002407	26.087	26.0	1.8
neg_001354	28.5	tpase_003101	28.409	18.0	1.3
neg_001245	31.2	tpase_000547	34.375	15.0	0.12
neg_008565	29.3	tpase_001960	28.571	17.0	0.64
neg_020306	27.7	tpase_001762	32.222	42.0	0.8
neg_003597	29.3	tpase_003791	43.243	10.0	0.5
neg_015968	30.8	tpase_004683	28.378	18.0	0.17
neg_017078	28.9	tpase_002397	27.273	15.0	1.2
neg_012760	30.0	tpase_003726	20.0	23.0	0.33
neg_000543	27.7	tpase_001025	29.333	14.0	2.3
neg_008230	30.8	tpase_006261	31.915	21.0	0.071
neg_018821	29.3	tpase_002576	28.723	23.0	0.5
neg_011102	28.5	tpase_003011	33.333	30.0	0.16
neg_003833	28.9	tpase_004261	32.143	18.0	0.6
neg_009564	27.3	tpase_002053	30.476	28.0	1.8
neg_001864	27.7	tpase_001697	32.075	9.0	2.8
neg_004898	27.3	tpase_006015	34.783	27.0	0.54
neg_008517	28.9	tpase_006797	22.642	43.0	0.68
neg_009240	28.9	tpase_002164	31.818	22.0	0.44
neg_020858	26.2	tpase_001534	35.294	11.0	4.6
neg_018156	29.3	tpase_001226	26.23	18.0	0.5
neg_012599	25.8	tpase_002968	34.286	21.0	2.3
neg_013553	25.4	tpase_002197	55.0	9.0	4.1
neg_019822	26.9	tpase_006417	50.0	9.0	1.4
neg_006403	29.3	tpase_003194	44.118	21.0	0.13
neg_017259	25.8	tpase_001762	34.091	8.0	9.6
neg_012849	28.9	tpase_004806	36.207	6.0	2.0
neg_008756	28.9	tpase_005528	36.364	14.0	0.52
neg_002485	30.8	tpase_006677	37.736	11.0	0.23
neg_004352	28.9	tpase_006834	34.426	23.0	0.32
neg_004985	30.0	tpase_005915	27.551	8.0	0.94
neg_003645	26.9	tpase_002073	27.273	44.0	0.91
neg_018583	27.3	tpase_002065	30.508	19.0	1.5
neg_001029	27.7	tpase_004240	29.31	15.0	1.8
neg_006443	24.3	tpase_003853	36.735	54.0	1.4
neg_001788	29.3	tpase_000054	30.0	22.0	0.27
neg_018173	25.8	tpase_003350	26.866	54.0	1.2
neg_018987	31.6	tpase_005818	30.488	21.0	0.083
neg_003011	28.5	tpase_002441	28.302	40.0	0.16
neg_017921	26.9	tpase_003277	41.176	16.0	1.3
neg_017966	27.3	tpase_005062	26.829	21.0	2.2
neg_012446	0.0	None	0.0	0.0	999.0
neg_007103	28.1	tpase_003244	30.233	32.0	0.7
neg_009126	26.2	tpase_004003	27.273	30.0	2.8
neg_018974	25.0	tpase_001964	31.667	17.0	7.7
neg_014213	27.7	tpase_000741	25.352	10.0	3.5
neg_016802	27.3	tpase_006552	32.653	39.0	0.16
neg_018085	32.3	tpase_004451	29.73	23.0	0.081
neg_015908	0.0	None	0.0	0.0	999.0
neg_010087	26.2	tpase_002041	27.536	27.0	3.8
neg_007853	28.1	tpase_004335	36.364	18.0	0.98
neg_017604	26.9	tpase_006978	46.154	5.0	3.0
neg_004740	28.1	tpase_006635	30.108	18.0	1.8
neg_000634	28.5	tpase_006615	29.412	16.0	0.46
neg_002267	28.1	tpase_003071	31.373	15.0	0.89
neg_004564	29.6	tpase_004200	31.746	19.0	0.31
neg_001263	26.6	tpase_003901	34.211	11.0	1.9
neg_020032	30.8	tpase_002605	28.846	14.0	0.18
neg_013430	24.6	tpase_003389	22.414	66.0	1.6
neg_019379	26.6	tpase_001223	35.849	17.0	2.8
neg_001144	26.6	tpase_006981	54.286	11.0	0.88
neg_011172	26.2	tpase_001711	26.923	15.0	4.5
neg_012998	28.9	tpase_000792	27.586	10.0	2.2
neg_015221	30.8	tpase_002553	27.027	13.0	0.32
neg_017618	26.6	tpase_001986	25.0	11.0	6.6
neg_007299	0.0	None	0.0	0.0	999.0
neg_004890	29.6	tpase_003553	30.189	7.0	0.62
neg_006331	25.4	tpase_006564	20.619	95.0	0.63
neg_001767	27.3	tpase_001028	30.952	11.0	2.2
neg_013870	30.8	tpase_002265	27.523	18.0	0.21
neg_011681	29.6	tpase_002549	32.558	24.0	0.3
neg_004684	24.6	tpase_002065	31.915	20.0	7.7
neg_008357	28.9	tpase_001041	28.571	61.0	0.16
neg_020664	29.6	tpase_003375	27.273	20.0	0.58
neg_000159	28.5	tpase_000621	26.866	15.0	0.96
neg_005716	32.0	tpase_000786	36.538	10.0	0.12
neg_013897	0.0	None	0.0	0.0	999.0
neg_000917	28.5	tpase_004225	26.966	33.0	0.55
neg_003817	29.3	tpase_001313	31.507	9.0	1.1
neg_020187	30.4	tpase_005990	30.435	22.0	0.18
neg_020642	28.9	tpase_002303	23.232	28.0	0.47
neg_005462	26.6	tpase_003808	64.706	3.0	5.4
neg_015331	28.5	tpase_005110	33.333	14.0	0.97
neg_002269	27.7	tpase_006306	20.896	26.0	2.2
neg_014693	29.6	tpase_000074	28.205	13.0	0.77
neg_011627	26.2	tpase_002718	45.0	8.0	1.3
neg_021143	26.2	tpase_001465	35.417	16.0	4.1
neg_020652	27.3	tpase_006016	34.483	7.0	0.83
neg_016342	26.6	tpase_000820	27.273	60.0	0.65
neg_020867	31.6	tpase_001787	38.462	11.0	0.13
neg_001231	30.4	tpase_006953	26.415	12.0	0.26
neg_013232	31.6	tpase_002384	45.833	25.0	0.099
neg_002436	26.6	tpase_006402	24.675	41.0	1.5
neg_018699	26.2	tpase_006701	27.907	13.0	4.5
neg_003806	25.8	tpase_006472	54.167	8.0	1.7
neg_004395	27.3	tpase_006586	26.923	17.0	1.9
neg_015641	0.0	None	0.0	0.0	999.0
neg_002818	0.0	None	0.0	0.0	999.0
neg_016572	29.6	tpase_002292	25.287	19.0	0.62
neg_015466	27.3	tpase_002205	29.508	11.0	3.2
neg_019412	29.3	tpase_002518	34.177	18.0	0.57
neg_010385	30.0	tpase_003955	31.944	28.0	0.16
neg_018246	25.8	tpase_001834	40.0	11.0	3.3
neg_003070	26.2	tpase_003886	27.778	24.0	3.8
neg_004920	27.7	tpase_004791	44.0	10.0	1.0
neg_000279	26.9	tpase_005353	32.759	63.0	0.24
neg_009333	26.2	tpase_004286	38.462	11.0	2.8
neg_006208	30.8	tpase_001943	29.032	10.0	0.76
neg_011949	25.4	tpase_000906	30.189	29.0	3.1
neg_015343	25.8	tpase_005206	19.444	12.0	5.3
neg_001723	26.2	tpase_005066	38.462	28.0	0.55
neg_000834	26.9	tpase_001644	44.444	38.0	0.23
neg_008718	30.4	tpase_001926	38.596	8.0	0.5
neg_016402	28.1	tpase_004446	34.426	69.0	0.07
neg_015353	26.6	tpase_004445	32.653	28.0	1.1
neg_010112	28.1	tpase_004075	32.143	16.0	0.49
neg_009403	24.6	tpase_001708	37.931	31.0	1.3
neg_002911	27.3	tpase_002934	43.333	10.0	1.7
neg_009244	28.9	tpase_001070	32.5	11.0	1.6
neg_005353	29.3	tpase_003191	32.0	9.0	1.3
neg_009414	30.8	tpase_001281	36.17	8.0	0.32
neg_012463	29.3	tpase_001969	20.909	25.0	0.58
neg_011710	24.6	tpase_000576	27.632	36.0	3.4
neg_005005	28.5	tpase_004993	23.636	13.0	0.39
neg_006371	28.1	tpase_002360	34.615	37.0	0.24
neg_005808	26.2	tpase_003298	33.784	27.0	2.6
neg_005464	27.3	tpase_004872	40.0	10.0	1.4
neg_010623	26.9	tpase_005533	50.0	4.0	4.9
neg_000745	30.4	tpase_002789	27.103	18.0	0.42
neg_006961	26.6	tpase_004900	44.0	10.0	2.3
neg_008083	27.7	tpase_001332	33.333	5.0	3.0
neg_008070	30.4	tpase_001254	20.0	37.0	0.17
neg_004303	24.6	tpase_006628	44.444	15.0	4.6
neg_002720	26.6	tpase_001642	25.225	32.0	3.0
neg_000474	23.9	tpase_006324	69.231	7.0	8.4
neg_009228	23.9	tpase_001640	37.5	40.0	2.0
neg_015464	28.1	tpase_003778	42.424	8.0	1.6
neg_013420	27.3	tpase_001980	29.032	21.0	1.7
neg_011620	25.8	tpase_003134	58.824	5.0	5.9
neg_000969	29.6	tpase_006817	31.579	26.0	0.29
neg_013851	29.3	tpase_000561	20.93	29.0	0.66
neg_002021	27.7	tpase_004098	32.836	81.0	0.097
neg_015899	26.9	tpase_004629	35.294	11.0	4.5
neg_006045	26.2	tpase_005746	28.846	22.0	2.9
neg_000912	27.7	tpase_004314	33.333	6.0	3.4
neg_014214	26.6	tpase_001001	29.268	19.0	1.7
neg_018933	23.9	tpase_002970	30.612	40.0	5.3
neg_017071	28.9	tpase_003666	36.923	25.0	0.48
neg_001939	25.4	tpase_002120	29.07	48.0	2.8
neg_011026	26.9	tpase_004900	44.0	10.0	2.0
neg_002520	26.2	tpase_000396	29.577	12.0	5.2
neg_000205	30.0	tpase_002524	26.506	11.0	0.7
neg_003898	24.3	tpase_004811	28.889	18.0	8.9
neg_003764	30.8	tpase_005972	25.275	42.0	0.22
neg_020125	27.7	tpase_000301	36.364	11.0	1.4
neg_011719	31.6	tpase_006436	21.795	29.0	0.14
neg_016453	30.4	tpase_002491	22.785	18.0	0.31
neg_015033	31.2	tpase_003506	28.75	24.0	0.1
neg_016873	26.9	tpase_003600	26.562	62.0	0.25
neg_001353	30.0	tpase_005954	37.778	11.0	0.35
neg_007099	29.6	tpase_000072	40.0	10.0	0.075
neg_020037	26.6	tpase_006816	34.146	8.0	5.0
neg_021086	26.9	tpase_001442	27.419	20.0	2.2
neg_010878	27.7	tpase_001637	35.714	20.0	0.59
neg_017678	23.1	tpase_002706	42.105	23.0	3.6
neg_019615	27.3	tpase_005267	27.419	19.0	2.1
neg_017741	26.9	tpase_001814	24.39	26.0	2.4
neg_011098	26.6	tpase_003654	29.091	28.0	1.7
neg_019343	25.4	tpase_004268	38.235	14.0	5.0
neg_006001	30.8	tpase_002500	26.214	18.0	0.086
neg_007230	26.2	tpase_000805	34.043	19.0	3.1
neg_020447	29.6	tpase_003225	27.273	10.0	0.51
neg_012772	26.2	tpase_004612	26.829	11.0	5.6
neg_018728	30.0	tpase_001103	33.824	16.0	0.38
neg_000899	26.9	tpase_004348	61.111	6.0	2.0
neg_002537	30.8	tpase_004247	31.481	12.0	0.17
neg_004280	27.7	tpase_005914	26.316	17.0	1.4
neg_014250	26.9	tpase_006486	51.852	14.0	1.0
neg_008891	27.3	tpase_004286	30.769	40.0	0.32
neg_009918	30.8	tpase_005726	40.0	5.0	0.35
neg_004076	27.3	tpase_006776	37.778	7.0	4.6
neg_014737	25.0	tpase_006424	29.825	33.0	4.2
neg_006134	29.3	tpase_003021	29.167	21.0	0.42
neg_003064	23.5	tpase_006566	35.294	36.0	3.2
neg_002167	28.5	tpase_005211	30.357	11.0	1.4
neg_016462	26.6	tpase_000780	32.0	24.0	1.8
neg_007322	25.8	tpase_000720	29.333	54.0	1.4
neg_010154	30.4	tpase_002859	28.866	37.0	0.044
neg_008358	28.1	tpase_001935	35.714	22.0	0.23
neg_008650	26.6	tpase_006878	41.176	22.0	0.89
neg_010686	26.9	tpase_004471	34.211	25.0	0.64
neg_019628	28.9	tpase_003874	26.154	14.0	0.94
neg_005935	24.3	tpase_003958	30.556	46.0	5.1
neg_006498	25.0	tpase_006026	50.0	8.0	3.4
neg_020199	32.3	tpase_006772	32.258	20.0	0.052
neg_001816	30.4	tpase_000193	24.528	45.0	0.2
neg_010231	27.3	tpase_004652	39.474	13.0	1.7
neg_006692	27.7	tpase_001482	31.707	18.0	2.4
neg_020352	28.5	tpase_001464	34.211	9.0	1.1
neg_007887	25.0	tpase_005577	28.571	47.0	2.0
neg_010361	30.4	tpase_004076	40.0	11.0	0.13
neg_006458	0.0	None	0.0	0.0	999.0
neg_009778	30.0	tpase_006243	29.577	49.0	0.036
neg_004373	23.1	tpase_005013	36.364	54.0	3.0
neg_016672	28.5	tpase_002712	27.397	16.0	1.0
neg_017008	28.5	tpase_002795	39.024	15.0	0.47
neg_013191	28.5	tpase_004963	27.397	28.0	1.4
neg_010221	28.5	tpase_001525	32.5	5.0	2.6
neg_010666	28.5	tpase_000107	36.364	18.0	0.34
neg_018796	25.4	tpase_001520	34.694	15.0	5.6
neg_010715	30.4	tpase_000189	56.0	10.0	0.13
neg_009858	24.3	tpase_005208	37.255	38.0	4.1
neg_007602	26.6	tpase_002425	29.412	13.0	5.0
neg_013608	28.1	tpase_002444	26.984	19.0	0.9
neg_007406	27.3	tpase_001290	36.364	15.0	1.4
neg_007145	24.3	tpase_003958	30.556	46.0	5.8
neg_019939	23.9	tpase_003353	40.0	27.0	2.9
neg_014383	26.9	tpase_001277	37.143	10.0	2.4
neg_002260	23.5	tpase_006566	35.294	36.0	2.8
neg_007347	25.8	tpase_002505	35.484	21.0	1.8
neg_007358	30.8	tpase_004258	35.938	26.0	0.089
neg_000027	35.8	tpase_003623	42.857	6.0	0.01
neg_003879	27.7	tpase_006345	21.469	39.0	2.0
neg_004901	26.9	tpase_006595	38.636	32.0	0.5
neg_007701	30.4	tpase_001121	31.325	59.0	0.037
neg_007970	25.8	tpase_002715	27.536	19.0	2.7
neg_005177	25.0	tpase_005270	33.333	26.0	3.7
neg_009288	26.2	tpase_004582	26.087	19.0	3.9
neg_010746	28.1	tpase_001288	35.088	22.0	0.84
neg_000863	26.2	tpase_003590	34.375	9.0	4.6
neg_007721	24.6	tpase_004402	28.75	49.0	4.9
neg_002307	24.6	tpase_002883	24.706	41.0	6.9
neg_000102	34.7	tpase_006615	28.108	65.0	0.005
neg_006771	30.0	tpase_001842	30.693	35.0	0.17
neg_013657	28.5	tpase_006259	33.333	20.0	0.35
neg_013812	26.9	tpase_006487	35.185	10.0	3.7
neg_011052	25.4	tpase_003589	23.256	28.0	6.8
neg_005060	26.6	tpase_002023	31.915	19.0	2.6
neg_002272	26.2	tpase_004291	31.111	22.0	1.7
neg_007082	27.3	tpase_001690	25.287	29.0	1.6
neg_012111	30.0	tpase_004000	44.737	4.0	0.91
neg_009900	24.3	tpase_004572	29.167	64.0	2.5
neg_005585	26.6	tpase_003896	29.091	18.0	1.9
neg_011963	27.7	tpase_003008	26.786	40.0	0.34
neg_006439	24.3	tpase_001950	35.0	24.0	3.4
neg_016368	30.0	tpase_006671	25.773	22.0	0.37
neg_021063	28.1	tpase_000574	27.119	22.0	0.88
neg_020760	32.0	tpase_000121	24.576	23.0	0.1
neg_013364	25.0	tpase_006716	29.73	26.0	8.4
neg_003703	30.4	tpase_000185	21.951	33.0	0.2
neg_001780	25.8	tpase_002243	52.0	6.0	4.4
neg_003037	26.6	tpase_006649	34.615	14.0	1.7
neg_011018	27.7	tpase_000253	25.0	23.0	0.75
neg_001155	26.2	tpase_002526	36.667	9.0	4.9
neg_003697	26.9	tpase_006703	24.444	11.0	2.9
neg_020969	30.8	tpase_003353	37.5	13.0	0.1
neg_006486	27.3	tpase_001026	26.316	25.0	1.1
neg_020648	25.4	tpase_003891	24.444	25.0	5.8
neg_001286	28.1	tpase_005927	27.083	21.0	1.2
neg_016520	27.3	tpase_005947	20.455	20.0	1.1
neg_006337	25.0	tpase_005914	33.333	15.0	7.1
neg_009370	30.4	tpase_005910	28.814	50.0	0.026
neg_000943	27.3	tpase_000054	46.154	10.0	1.4
neg_004710	30.0	tpase_003892	32.836	21.0	0.067
neg_012148	30.8	tpase_005337	33.333	8.0	0.36
neg_005527	26.6	tpase_006914	28.814	9.0	7.6
neg_003835	26.6	tpase_005866	42.857	6.0	2.2
neg_020730	26.2	tpase_004334	41.379	9.0	4.1
neg_007265	28.5	tpase_003000	25.714	16.0	0.85
neg_005796	26.6	tpase_005139	42.857	16.0	1.4
neg_018716	26.6	tpase_005125	25.926	31.0	1.1
neg_012099	27.3	tpase_006211	31.707	11.0	1.9
neg_005443	27.7	tpase_003925	35.593	20.0	1.2
neg_005026	31.6	tpase_006630	25.532	7.0	0.2
neg_009053	27.3	tpase_006232	26.19	8.0	3.3
neg_019991	27.7	tpase_000857	28.916	14.0	1.6
neg_019406	26.2	tpase_000171	28.571	34.0	2.0
neg_004560	26.6	tpase_005277	28.571	32.0	0.63
neg_020193	27.3	tpase_002572	24.638	19.0	2.3
neg_019114	27.3	tpase_001301	26.087	10.0	3.1
neg_010056	31.2	tpase_000187	31.746	36.0	0.032
neg_020034	27.3	tpase_002821	39.286	9.0	1.9
neg_014742	29.3	tpase_007058	31.373	40.0	0.079
neg_002873	26.9	tpase_001079	24.107	59.0	1.2
neg_017330	28.1	tpase_001282	26.136	24.0	1.0
neg_001972	31.2	tpase_003023	34.0	10.0	0.21
neg_019501	27.3	tpase_003781	35.0	15.0	1.0
neg_014220	28.1	tpase_002422	29.508	27.0	0.58
neg_012279	25.4	tpase_003078	29.091	18.0	4.8
neg_007115	0.0	None	0.0	0.0	999.0
neg_016857	28.9	tpase_000269	25.773	25.0	0.51
neg_002974	27.7	tpase_001838	28.571	8.0	2.0
neg_016086	25.8	tpase_005043	57.895	6.0	5.2
neg_017247	26.9	tpase_002821	27.273	16.0	3.4
neg_006863	31.6	tpase_001827	32.5	16.0	0.14
neg_018686	28.5	tpase_004199	34.483	13.0	1.1
neg_013594	28.1	tpase_006737	23.529	41.0	0.63
neg_006470	23.5	tpase_003216	32.432	36.0	3.5
neg_009509	29.3	tpase_005914	50.0	11.0	0.25
neg_014085	24.6	tpase_005488	35.556	40.0	1.9
neg_014731	26.9	tpase_005394	35.897	26.0	0.62
neg_001729	25.0	tpase_003908	37.209	20.0	4.8
neg_009108	28.1	tpase_001465	26.582	55.0	0.26
neg_018629	28.9	tpase_006874	25.0	87.0	0.053
neg_016915	24.6	tpase_001234	25.843	38.0	6.5
neg_012519	25.4	tpase_002383	31.148	48.0	1.7
neg_008343	28.9	tpase_002338	20.513	18.0	0.51
neg_017100	25.4	tpase_005478	33.824	45.0	1.8
neg_016439	28.9	tpase_002426	24.0	20.0	0.41
neg_000696	26.6	tpase_005859	24.138	31.0	2.5
neg_006752	29.6	tpase_002906	25.0	42.0	0.1
neg_003530	26.6	tpase_001099	41.379	7.0	4.7
neg_020398	26.9	tpase_000446	32.5	11.0	0.9
neg_017968	26.6	tpase_001833	39.394	8.0	2.8
neg_006664	30.8	tpase_006261	31.915	21.0	0.071
neg_013140	25.0	tpase_001000	23.611	36.0	5.3
neg_020171	28.5	tpase_005911	42.308	5.0	1.5
neg_020214	25.4	tpase_003329	33.333	14.0	5.6
neg_005699	23.9	tpase_004521	30.769	30.0	4.1
neg_011729	27.3	tpase_001789	28.889	16.0	1.5
neg_017317	25.0	tpase_000042	63.158	21.0	1.1
neg_004549	27.7	tpase_001668	31.373	27.0	0.68
neg_014068	24.3	tpase_003895	36.364	21.0	6.6
neg_000653	26.9	tpase_000461	36.111	10.0	2.8
neg_019797	28.1	tpase_006679	22.222	19.0	1.4
neg_005339	27.3	tpase_000745	23.81	28.0	1.8
neg_020995	26.9	tpase_000279	26.667	22.0	2.7
neg_010452	28.5	tpase_003988	30.526	17.0	1.4
neg_002215	27.3	tpase_003087	28.44	30.0	1.7
neg_008127	26.9	tpase_002118	42.857	11.0	1.7
neg_015731	27.7	tpase_006515	34.211	33.0	0.22
neg_013211	30.4	tpase_002554	30.769	8.0	0.3
neg_019732	25.4	tpase_005253	30.508	19.0	7.0
neg_006307	25.4	tpase_000591	27.368	47.0	3.1
neg_016608	25.0	tpase_002704	37.931	22.0	2.1
neg_016205	27.3	tpase_001592	30.769	17.0	1.6
neg_014723	26.6	tpase_005394	37.037	18.0	1.1
neg_001088	28.9	tpase_002210	33.898	10.0	0.32
neg_004159	29.3	tpase_004770	26.23	21.0	0.39
neg_020132	26.6	tpase_004594	26.829	32.0	2.5
neg_002856	28.5	tpase_001622	34.043	14.0	0.85
neg_018925	28.9	tpase_003813	38.889	8.0	0.71
neg_009086	27.7	tpase_005793	28.947	3.0	5.7
neg_007308	27.3	tpase_004346	36.17	16.0	1.6
neg_002985	34.3	tpase_001838	36.17	9.0	0.018
neg_013501	25.8	tpase_005418	29.688	14.0	8.4
neg_000752	30.0	tpase_001365	29.126	7.0	1.7
neg_002647	25.4	tpase_003377	29.63	17.0	6.1
neg_019842	32.0	tpase_004088	29.897	22.0	0.091
neg_001287	25.8	tpase_005084	35.417	35.0	1.8
neg_018273	33.5	tpase_003078	21.839	16.0	0.046
neg_008761	23.9	tpase_004397	43.75	19.0	8.5
neg_005163	27.3	tpase_004711	30.0	28.0	1.0
neg_003991	26.2	tpase_002576	26.415	53.0	2.2
neg_007498	26.6	tpase_001096	21.014	48.0	3.2
neg_016286	27.3	tpase_003789	26.923	20.0	2.8
neg_017823	24.6	tpase_000918	34.615	10.0	7.8
neg_013603	30.8	tpase_006261	31.915	21.0	0.075
neg_012619	27.7	tpase_003230	26.667	29.0	0.93
neg_013822	31.6	tpase_004167	29.412	5.0	0.34
neg_013182	28.1	tpase_005126	29.231	12.0	2.1
neg_009494	30.4	tpase_001735	25.287	36.0	0.12
neg_019278	27.3	tpase_000267	51.724	13.0	0.84
neg_001812	28.1	tpase_002255	24.242	28.0	0.59
neg_007558	25.8	tpase_003141	58.824	21.0	0.38
neg_013585	25.4	tpase_002598	38.095	18.0	5.3
neg_006180	26.2	tpase_004161	39.474	44.0	0.32
neg_020786	26.9	tpase_004333	35.135	10.0	2.6
neg_005653	26.6	tpase_003589	32.353	14.0	2.5
neg_013300	29.3	tpase_004138	37.288	11.0	0.95
neg_010160	30.8	tpase_003306	28.455	47.0	0.1
neg_008045	25.0	tpase_001284	33.333	17.0	3.9
neg_001687	30.0	tpase_006944	22.785	20.0	0.33
neg_001001	24.3	tpase_006990	37.5	23.0	4.5
neg_003894	26.9	tpase_003455	40.0	8.0	2.5
neg_020536	28.1	tpase_002620	27.692	16.0	1.1
neg_005836	26.9	tpase_001301	27.907	12.0	2.6
neg_010692	28.1	tpase_001465	26.582	55.0	0.26
neg_016341	25.4	tpase_006800	51.724	28.0	0.97
neg_010137	31.2	tpase_003301	32.895	41.0	0.04
neg_016256	26.6	tpase_005737	25.225	75.0	0.67
neg_018111	27.3	tpase_006177	26.0	15.0	1.7
neg_017304	27.3	tpase_006845	29.167	20.0	2.2
neg_019623	27.3	tpase_005353	34.091	13.0	2.0
neg_017875	28.9	tpase_006638	27.184	20.0	0.89
neg_017848	28.1	tpase_001516	44.0	5.0	2.0
neg_010440	29.6	tpase_006490	26.471	21.0	0.29
neg_000448	29.6	tpase_000081	32.759	12.0	0.57
neg_011593	26.9	tpase_003315	29.688	19.0	0.8
neg_017557	26.6	tpase_005572	27.619	27.0	4.0
neg_001385	26.2	tpase_005978	63.158	6.0	4.5
neg_019573	26.9	tpase_002642	24.49	15.0	2.5
neg_005689	28.9	tpase_005238	31.25	9.0	1.6
neg_009868	31.6	tpase_004326	40.678	44.0	0.015
neg_018417	27.3	tpase_005058	33.333	14.0	2.5
neg_013371	27.3	tpase_002127	25.424	38.0	0.64
neg_018083	25.0	tpase_000906	25.862	29.0	5.1
neg_012015	26.9	tpase_001417	30.769	27.0	1.1
neg_012976	30.4	tpase_000130	43.75	6.0	0.41
neg_013133	30.0	tpase_001292	37.209	31.0	0.047
neg_018463	27.3	tpase_004598	27.419	39.0	0.48
neg_002245	28.9	tpase_002264	26.316	18.0	0.9
neg_005917	26.2	tpase_000593	29.787	23.0	2.0
neg_019598	25.4	tpase_006751	34.146	40.0	0.87
neg_017854	26.6	tpase_002243	25.424	20.0	1.3
neg_013706	26.6	tpase_004491	24.51	14.0	6.4
neg_001953	26.2	tpase_002735	41.379	21.0	1.2
neg_015785	26.2	tpase_004723	31.707	12.0	4.4
neg_005977	26.2	tpase_003779	24.194	46.0	2.5
neg_001878	32.0	tpase_002709	36.066	12.0	0.13
neg_001084	26.9	tpase_003433	25.49	12.0	3.1
neg_008920	28.1	tpase_002444	26.562	19.0	0.97
neg_010802	28.9	tpase_001316	26.23	9.0	1.3
neg_017428	30.4	tpase_004867	26.562	13.0	0.38
neg_019899	26.9	tpase_002793	25.974	31.0	1.9
neg_000160	26.6	tpase_004147	26.136	39.0	1.9
neg_001792	22.3	tpase_005191	42.857	41.0	8.0
neg_019793	28.1	tpase_003753	48.0	8.0	1.1
neg_013087	26.2	tpase_003029	34.286	23.0	0.64
neg_007332	28.5	tpase_002889	35.088	9.0	1.6
neg_006569	28.9	tpase_006836	34.211	19.0	0.32
neg_007426	32.3	tpase_004170	27.35	9.0	0.25
neg_019484	26.9	tpase_000981	40.0	10.0	2.0
neg_007083	29.3	tpase_003000	24.242	23.0	0.58
neg_009929	28.9	tpase_003334	30.952	9.0	1.1
neg_003416	28.1	tpase_000208	20.561	24.0	1.4
neg_020296	31.2	tpase_003955	28.302	20.0	0.059
neg_007877	32.7	tpase_004636	23.14	50.0	0.025
neg_017977	26.9	tpase_001233	28.333	43.0	1.8
neg_016826	26.2	tpase_004908	34.146	12.0	4.6
neg_013619	28.9	tpase_000916	43.243	4.0	1.8
neg_018916	27.7	tpase_002722	26.866	24.0	0.79
neg_017010	26.2	tpase_001527	50.0	5.0	3.5
neg_009489	28.1	tpase_004800	40.0	11.0	0.7
neg_000348	30.0	tpase_003101	29.213	19.0	0.41
neg_018237	30.4	tpase_005784	47.826	5.0	0.33
neg_004708	23.9	tpase_001106	36.111	23.0	7.3
neg_009664	24.6	tpase_005137	31.169	46.0	4.0
neg_019774	33.5	tpase_003375	44.444	5.0	0.035
neg_003286	26.2	tpase_006808	30.233	50.0	1.9
neg_003019	31.6	tpase_005129	28.0	18.0	0.13
neg_000445	34.7	tpase_001421	26.923	9.0	0.053
neg_014885	28.5	tpase_002292	39.394	13.0	0.56
neg_003209	30.0	tpase_002041	32.558	10.0	0.38
neg_004650	24.6	tpase_001051	25.0	30.0	8.2
neg_013434	29.3	tpase_001278	30.435	22.0	0.22
neg_007248	25.8	tpase_002045	32.203	19.0	3.3
neg_013049	25.8	tpase_002247	32.692	36.0	1.5
neg_005265	27.3	tpase_005004	28.205	9.0	2.6
neg_000404	28.1	tpase_002142	39.535	12.0	1.0
neg_007911	26.6	tpase_004083	31.818	28.0	2.3
neg_014439	25.8	tpase_006753	34.375	27.0	1.2
neg_017466	28.1	tpase_003943	24.638	24.0	0.7
neg_015134	30.0	tpase_004169	29.825	26.0	0.31
neg_017842	25.4	tpase_001550	36.364	18.0	3.3
neg_017076	29.3	tpase_003554	29.787	10.0	0.38
neg_002402	28.1	tpase_005490	25.203	17.0	2.5
neg_017701	26.9	tpase_001857	24.194	12.0	5.4
neg_001439	26.9	tpase_000054	46.154	10.0	1.7
neg_020464	32.7	tpase_003056	26.49	54.0	0.03
neg_010150	27.7	tpase_002765	28.571	10.0	1.7
neg_004139	29.3	tpase_005361	24.39	37.0	0.44
neg_009562	27.3	tpase_000139	30.435	41.0	0.3
neg_004614	26.9	tpase_000730	21.277	11.0	3.0
neg_017796	30.4	tpase_001778	37.5	12.0	0.21
neg_007830	27.3	tpase_002576	40.625	13.0	1.2
neg_019104	26.6	tpase_004084	35.526	24.0	2.2
neg_002943	29.6	tpase_002550	42.424	6.0	0.6
neg_019711	26.6	tpase_002826	30.12	27.0	2.7
neg_007508	28.9	tpase_003000	25.714	16.0	0.76
neg_004996	29.3	tpase_001791	42.0	28.0	0.18
neg_017582	27.3	tpase_000908	26.923	18.0	1.5
neg_013321	27.3	tpase_004598	22.388	27.0	1.2
neg_003321	24.3	tpase_006682	30.909	47.0	3.2
neg_014665	26.6	tpase_005208	32.143	37.0	0.85
neg_010907	25.8	tpase_000107	33.333	30.0	1.7
neg_019300	26.2	tpase_001378	32.143	21.0	3.3
neg_016348	26.9	tpase_003158	27.835	18.0	4.3
neg_017283	25.4	tpase_001246	33.333	11.0	7.5
neg_001576	24.3	tpase_004315	35.484	33.0	2.2
neg_016691	31.2	tpase_004182	35.714	18.0	0.13
neg_016097	26.6	tpase_001359	35.714	13.0	4.6
neg_000872	28.5	tpase_001309	19.231	19.0	1.5
neg_006574	26.6	tpase_006051	39.286	19.0	0.87
neg_000646	30.8	tpase_000836	26.374	22.0	0.2
neg_006651	26.9	tpase_006803	35.417	17.0	1.9
neg_009735	31.2	tpase_002520	37.5	8.0	0.32
neg_006671	25.8	tpase_000461	24.752	66.0	1.9
neg_013314	26.6	tpase_006915	28.889	22.0	1.8
neg_002891	25.0	tpase_004975	26.786	21.0	2.9
neg_002598	28.9	tpase_000187	27.273	29.0	0.59
neg_007511	25.4	tpase_006515	37.143	21.0	3.0
neg_012844	30.8	tpase_004437	32.258	10.0	0.39
neg_006981	24.6	tpase_005762	38.71	22.0	2.1
neg_015470	30.0	tpase_006499	27.66	19.0	0.42
neg_015261	28.9	tpase_005500	50.0	10.0	0.59
neg_014001	25.0	tpase_003653	26.866	42.0	3.4
neg_011756	28.9	tpase_004822	21.481	49.0	0.82
neg_017788	28.1	tpase_005124	27.5	20.0	1.2
neg_006886	28.5	tpase_003134	23.684	7.0	3.5
neg_016208	26.2	tpase_001570	28.947	23.0	4.4
neg_004989	27.7	tpase_006474	39.535	22.0	0.59
neg_014403	26.6	tpase_002245	40.0	15.0	1.9
neg_017055	27.7	tpase_000145	30.435	15.0	0.63
neg_014635	23.9	tpase_000588	29.07	94.0	2.3
neg_007250	25.0	tpase_001434	33.333	14.0	7.0
neg_010740	25.4	tpase_005116	26.19	25.0	2.6
neg_003767	27.3	tpase_005903	25.862	13.0	3.4
neg_018145	25.4	tpase_003705	48.0	25.0	0.57
neg_001877	28.1	tpase_002550	38.889	7.0	2.0
neg_006592	24.6	tpase_001293	31.915	34.0	3.0
neg_001142	28.5	tpase_006610	28.947	22.0	0.93
neg_000861	30.0	tpase_002273	37.255	3.0	1.3
neg_007905	27.3	tpase_002809	30.0	17.0	2.4
neg_010349	25.4	tpase_006515	37.143	21.0	3.0
neg_014652	24.6	tpase_005488	35.0	17.0	7.2
neg_007963	28.1	tpase_002371	24.096	45.0	0.23
neg_003832	33.5	tpase_003101	29.032	13.0	0.04
neg_004856	33.5	tpase_004175	48.148	5.0	0.044
neg_006199	25.4	tpase_001962	35.484	12.0	4.5
neg_005342	29.6	tpase_006423	25.0	7.0	1.4
neg_003113	32.0	tpase_000683	56.522	7.0	0.061
neg_010484	29.6	tpase_002639	30.0	33.0	0.093
neg_016164	27.7	tpase_003307	28.788	20.0	1.2
neg_000637	30.4	tpase_004294	30.357	9.0	0.46
neg_010838	29.3	tpase_006427	41.463	9.0	0.64
neg_009170	28.5	tpase_003537	32.787	14.0	1.0
neg_020327	23.5	tpase_003036	30.769	36.0	5.2
neg_020043	27.3	tpase_004549	30.909	14.0	2.2
neg_010335	25.4	tpase_006134	31.579	30.0	3.2
neg_004928	27.7	tpase_004096	36.508	23.0	0.78
neg_015054	30.4	tpase_003407	25.439	30.0	0.24
neg_012157	26.9	tpase_003984	34.211	6.0	5.5
neg_020262	27.3	tpase_001039	32.308	19.0	2.1
neg_016958	34.7	tpase_000876	44.444	14.0	0.008
neg_016933	30.0	tpase_005346	28.378	37.0	0.13
neg_020880	28.1	tpase_006490	28.916	29.0	0.88
neg_009893	27.7	tpase_007086	36.842	10.0	2.9
neg_007393	28.1	tpase_005488	28.571	16.0	0.82
neg_004230	28.5	tpase_006519	36.207	14.0	1.0
neg_007604	0.0	None	0.0	0.0	999.0
neg_000291	28.9	tpase_004249	32.609	15.0	0.18
neg_010401	25.4	tpase_002580	52.632	4.0	1.2
neg_010314	25.8	tpase_005955	42.857	15.0	1.4
neg_012740	28.1	tpase_003369	24.638	73.0	0.11
neg_019095	27.7	tpase_005562	35.0	19.0	0.57
neg_002657	28.1	tpase_002572	26.19	16.0	1.9
neg_017989	28.5	tpase_001239	32.432	32.0	0.44
neg_010404	29.3	tpase_001817	26.786	20.0	0.82
neg_001962	28.9	tpase_004662	23.913	35.0	0.45
neg_019439	38.5	tpase_006084	29.762	25.0	0.000561
neg_012291	25.8	tpase_001260	29.268	38.0	0.96
neg_007626	26.9	tpase_001688	24.138	28.0	3.0
neg_011415	28.9	tpase_006337	20.513	51.0	0.52
neg_003951	26.9	tpase_004652	37.5	17.0	1.3
neg_019663	25.4	tpase_006267	25.773	31.0	7.0
neg_012173	29.6	tpase_000965	25.532	11.0	0.39
neg_010551	28.5	tpase_002104	41.176	19.0	0.53
neg_017524	26.9	tpase_001418	35.135	25.0	0.75
neg_000522	27.3	tpase_002907	26.786	17.0	2.0
neg_004889	24.6	tpase_002295	27.119	36.0	5.1
neg_017821	29.6	tpase_001747	38.095	12.0	0.4
neg_014289	29.6	tpase_004871	31.25	19.0	0.21
neg_014415	25.8	tpase_002385	25.743	35.0	4.3
neg_013677	27.3	tpase_001035	34.483	25.0	1.2
neg_001402	26.2	tpase_007071	28.571	21.0	1.8
neg_013683	30.0	tpase_005827	37.288	5.0	0.26
neg_001093	26.2	tpase_002526	36.667	9.0	5.0
neg_015816	25.0	tpase_006631	29.851	71.0	1.2
neg_021049	26.6	tpase_000523	27.5	22.0	3.5
neg_014186	27.3	tpase_006621	37.5	3.0	2.7
neg_012462	29.3	tpase_001630	38.636	3.0	2.3
neg_001752	25.8	tpase_000122	25.0	27.0	2.6
neg_018560	26.9	tpase_006142	35.556	17.0	1.8
neg_007696	25.0	tpase_002540	35.714	18.0	3.3
neg_018714	28.9	tpase_005709	32.787	18.0	0.21
neg_006905	25.4	tpase_007036	40.741	9.0	2.2
neg_004144	29.3	tpase_000054	30.0	22.0	0.27
neg_003494	26.6	tpase_005907	28.723	15.0	6.3
neg_019872	31.6	tpase_005256	23.913	31.0	0.071
neg_003968	27.7	tpase_005456	27.206	70.0	0.53
neg_003935	26.6	tpase_007009	26.829	10.0	4.1
neg_005196	29.6	tpase_006304	29.67	57.0	0.11
neg_015736	28.1	tpase_003526	30.0	18.0	0.65
neg_002784	32.3	tpase_000681	25.0	15.0	0.12
neg_008998	30.8	tpase_001515	24.779	18.0	0.34
neg_011849	25.0	tpase_003683	60.0	10.0	5.6
neg_018639	27.3	tpase_003829	29.6	56.0	0.96
neg_001665	27.3	tpase_003319	34.483	16.0	0.69
neg_009806	27.7	tpase_006790	31.148	15.0	0.54
neg_018628	27.7	tpase_002471	32.099	22.0	1.7
neg_012208	30.4	tpase_003587	22.43	20.0	0.34
neg_005680	28.1	tpase_000120	23.2	22.0	1.9
neg_018548	27.3	tpase_000902	26.126	30.0	2.3
neg_005421	27.7	tpase_005884	29.167	30.0	0.47
neg_018215	26.9	tpase_001702	31.25	45.0	0.69
neg_016755	28.5	tpase_005376	33.75	20.0	1.1
neg_016096	26.6	tpase_004248	33.333	13.0	3.3
neg_016386	28.1	tpase_000561	37.931	12.0	0.7
neg_014765	26.2	tpase_003726	20.0	36.0	1.4
neg_013388	27.3	tpase_001825	34.615	21.0	1.0
neg_001274	30.8	tpase_005998	24.793	9.0	0.61
neg_001689	28.1	tpase_006812	23.171	26.0	0.89
neg_008747	26.9	tpase_005047	29.487	37.0	1.4
neg_003531	27.7	tpase_001622	34.043	14.0	1.5
neg_020179	25.8	tpase_004207	24.615	13.0	9.1
neg_009186	29.6	tpase_003866	28.889	23.0	0.13
neg_014999	26.2	tpase_004771	41.86	10.0	4.3
neg_012788	28.5	tpase_001438	22.078	10.0	2.4
neg_013891	27.3	tpase_005324	30.435	11.0	0.96
neg_000779	25.4	tpase_006038	29.825	50.0	0.72
neg_004195	30.0	tpase_001320	31.579	29.0	0.13
neg_006814	25.8	tpase_001309	30.645	24.0	4.0
neg_006791	27.7	tpase_002121	31.25	26.0	0.95
neg_010966	26.9	tpase_005382	21.429	53.0	0.7
neg_002656	28.9	tpase_002236	33.333	4.0	1.8
neg_014974	30.8	tpase_000386	32.609	12.0	0.17
neg_005156	28.5	tpase_003236	26.582	46.0	0.27
neg_004043	27.3	tpase_004618	23.077	19.0	2.5
neg_006191	25.8	tpase_004521	33.333	26.0	0.86
neg_011642	27.3	tpase_002809	28.889	55.0	0.57
neg_016294	28.1	tpase_003820	46.875	9.0	1.2
neg_013383	27.7	tpase_005341	31.034	27.0	0.72
neg_002816	28.5	tpase_006593	31.646	19.0	1.1
neg_000760	28.9	tpase_001711	21.591	52.0	0.25
neg_006658	26.6	tpase_003967	48.0	8.0	2.7
neg_015351	29.6	tpase_000163	26.154	21.0	0.35
neg_019032	27.7	tpase_005845	38.0	12.0	1.9
neg_007975	28.5	tpase_006946	26.506	27.0	0.88
neg_003593	26.6	tpase_003288	34.483	17.0	4.0
neg_015447	28.1	tpase_000148	32.692	11.0	1.9
neg_009978	28.5	tpase_005150	25.0	19.0	0.73
neg_000892	29.3	tpase_006092	27.143	5.0	2.3
neg_000009	33.9	tpase_001338	27.692	21.0	0.041
neg_005658	31.2	tpase_002778	28.283	63.0	0.028
neg_002775	28.5	tpase_002041	34.884	10.0	1.3
neg_009075	28.5	tpase_001736	48.571	7.0	1.1
neg_013206	30.0	tpase_006992	30.435	16.0	0.25
neg_012302	28.9	tpase_005684	37.838	4.0	1.7
neg_019267	30.0	tpase_005939	39.394	11.0	0.23
neg_001390	26.9	tpase_001257	29.825	30.0	1.3
neg_004882	25.0	tpase_005914	33.333	15.0	7.1
neg_020479	29.3	tpase_001453	31.25	7.0	0.64
neg_015979	28.1	tpase_002828	38.889	12.0	0.88
neg_019679	27.3	tpase_002420	42.857	8.0	0.6
neg_006376	28.1	tpase_001434	31.481	4.0	4.4
neg_010489	27.3	tpase_001791	38.0	28.0	0.85
neg_019463	0.0	None	0.0	0.0	999.0
neg_002316	28.1	tpase_002747	40.0	7.0	1.6
neg_020045	25.4	tpase_003537	29.73	10.0	9.0
neg_013830	30.4	tpase_003797	24.026	63.0	0.13
neg_018510	29.3	tpase_000511	29.412	15.0	0.66
neg_020851	26.9	tpase_001875	30.435	12.0	3.2
neg_004381	28.1	tpase_004607	31.481	10.0	1.7
neg_009857	24.3	tpase_005208	37.255	38.0	4.1
neg_015907	33.9	tpase_002698	35.714	10.0	0.026
neg_003843	25.4	tpase_004205	41.379	10.0	7.1
neg_013274	28.9	tpase_005641	28.0	32.0	0.39
neg_003425	27.3	tpase_006989	34.286	8.0	2.8
neg_018299	0.0	None	0.0	0.0	999.0
neg_020204	26.6	tpase_006073	32.075	16.0	3.5
neg_021134	30.0	tpase_000509	26.263	43.0	0.36
neg_004507	27.3	tpase_005716	34.211	4.0	4.4
neg_001070	26.6	tpase_003492	54.545	3.0	5.5
neg_001530	28.1	tpase_004411	39.024	10.0	1.2
neg_014750	26.2	tpase_006790	31.148	14.0	1.9
neg_013351	28.5	tpase_002449	38.462	7.0	2.1
neg_009515	26.6	tpase_004960	20.354	24.0	4.9
neg_009049	28.9	tpase_002722	40.0	4.0	2.0
neg_017211	0.0	None	0.0	0.0	999.0
neg_003419	33.5	tpase_002271	39.474	3.0	0.14
neg_002206	25.0	tpase_001076	38.235	36.0	0.88
neg_007924	25.4	tpase_005870	44.828	18.0	1.6
neg_009367	32.3	tpase_004076	32.184	21.0	0.054
neg_010780	27.3	tpase_006755	40.678	60.0	0.13
neg_007540	29.3	tpase_002444	28.125	19.0	0.43
neg_009071	28.5	tpase_002702	45.833	4.0	1.8
neg_020162	25.8	tpase_004474	25.21	65.0	1.7
neg_014616	27.7	tpase_001432	31.818	9.0	3.4
neg_008441	25.8	tpase_006285	34.921	36.0	0.85
neg_003582	27.7	tpase_000139	28.0	24.0	2.7
neg_010931	25.8	tpase_005435	35.135	42.0	0.56
neg_011147	25.0	tpase_005373	19.512	52.0	3.6
neg_018424	26.6	tpase_003934	38.095	19.0	1.4
neg_002949	28.9	tpase_004440	28.846	10.0	1.2
neg_001373	27.7	tpase_003101	27.273	18.0	2.1
neg_017804	26.2	tpase_004572	48.148	5.0	7.5
neg_012127	29.3	tpase_005257	25.397	16.0	0.65
neg_014143	25.0	tpase_003865	36.364	29.0	1.7
neg_001073	28.9	tpase_005526	36.842	13.0	0.46
neg_017363	27.7	tpase_004579	32.5	14.0	0.99
neg_005807	29.3	tpase_004438	45.0	33.0	0.079
neg_020709	26.6	tpase_004133	26.531	38.0	1.1
neg_001430	27.3	tpase_000128	26.389	18.0	2.5
neg_017496	29.3	tpase_002668	30.159	18.0	0.52
neg_013306	25.8	tpase_000040	28.814	24.0	3.9
neg_011553	26.9	tpase_002533	29.63	25.0	1.3
neg_014735	28.1	tpase_001276	30.909	7.0	2.9
neg_007031	29.6	tpase_005884	28.571	25.0	0.24
neg_000033	28.9	tpase_006758	24.0	35.0	0.22
neg_010109	28.9	tpase_004810	37.209	9.0	0.88
neg_018402	27.3	tpase_002704	25.352	71.0	0.2
neg_014779	29.6	tpase_002453	23.711	14.0	0.77
neg_017155	28.9	tpase_002739	25.676	22.0	0.6
neg_014530	24.6	tpase_005828	36.0	31.0	1.0
neg_005758	26.9	tpase_005852	30.0	14.0	2.3
neg_020350	25.8	tpase_003004	44.828	9.0	2.0
neg_006356	26.6	tpase_005835	30.233	32.0	1.9
neg_017166	29.6	tpase_006947	31.579	10.0	0.37
neg_017605	25.0	tpase_002808	33.333	12.0	6.5
neg_017949	26.2	tpase_005931	62.5	5.0	3.3
neg_015085	27.3	tpase_003771	48.0	13.0	0.76
neg_020264	26.2	tpase_001191	26.667	11.0	7.5
neg_001600	25.8	tpase_006170	27.273	43.0	3.3
neg_005105	25.8	tpase_000593	29.787	23.0	2.4
neg_003196	30.0	tpase_001630	23.944	23.0	0.25
neg_017655	26.2	tpase_005755	33.333	44.0	0.35
neg_012008	29.6	tpase_004493	33.333	21.0	0.32
neg_019829	28.5	tpase_001935	31.818	17.0	1.0
neg_012257	31.2	tpase_000107	24.219	16.0	0.38
neg_015562	24.6	tpase_006855	27.273	67.0	1.6
neg_014760	28.5	tpase_001453	30.0	22.0	0.34
neg_014862	28.9	tpase_004253	33.871	18.0	0.65
neg_008199	31.2	tpase_005171	30.189	10.0	0.2
neg_006006	27.3	tpase_002499	34.483	34.0	0.99
neg_017846	25.4	tpase_005588	34.483	8.0	2.8
neg_020000	33.9	tpase_000887	28.07	20.0	0.031
neg_003569	28.5	tpase_003139	32.692	21.0	0.35
neg_002788	28.1	tpase_006868	37.5	7.0	1.6
neg_004332	28.1	tpase_004395	35.714	26.0	0.34
neg_009820	25.4	tpase_001507	34.375	41.0	2.6
neg_006260	25.0	tpase_007020	26.667	21.0	2.8
neg_011241	33.9	tpase_000766	26.452	27.0	0.029
neg_012159	26.9	tpase_002652	37.037	7.0	3.0
neg_014692	32.3	tpase_003894	25.0	45.0	0.037
neg_016486	33.5	tpase_004960	28.986	17.0	0.03
neg_004736	26.9	tpase_000267	42.308	2.0	9.5
neg_011715	0.0	None	0.0	0.0	999.0
neg_006877	28.1	tpase_001220	29.231	39.0	0.32
neg_012196	25.4	tpase_002038	26.154	42.0	2.5
neg_017928	27.3	tpase_000114	30.769	19.0	2.1
neg_016828	28.5	tpase_004706	21.296	24.0	1.3
neg_010439	25.0	tpase_004017	50.0	11.0	3.7
neg_014252	27.3	tpase_006867	25.217	48.0	1.3
neg_002747	30.0	tpase_005084	39.583	35.0	0.053
neg_009668	23.9	tpase_003895	57.143	11.0	4.7
neg_010763	26.2	tpase_003587	28.571	29.0	2.6
neg_015070	28.5	tpase_006403	28.049	15.0	1.3
neg_000061	31.6	tpase_003101	30.682	18.0	0.14
neg_004777	26.9	tpase_006595	38.636	32.0	0.47
neg_015310	29.3	tpase_000234	30.303	19.0	0.44
neg_006977	26.9	tpase_006602	34.286	11.0	1.6
neg_017962	29.6	tpase_001723	32.0	9.0	0.53
neg_010114	25.4	tpase_002082	30.0	42.0	0.88
neg_010607	28.5	tpase_003782	26.606	19.0	1.5
neg_019482	29.3	tpase_003011	22.772	19.0	0.39
neg_017792	25.4	tpase_001048	29.545	43.0	0.97
neg_018455	0.0	None	0.0	0.0	999.0
neg_011050	30.4	tpase_006592	31.731	18.0	0.33
neg_000386	25.8	tpase_002150	26.415	35.0	4.8
neg_004114	25.4	tpase_002332	45.161	9.0	7.4
neg_010317	27.3	tpase_003728	30.508	27.0	1.1
neg_001339	30.4	tpase_001146	28.75	10.0	0.52
neg_008827	26.2	tpase_006834	42.857	9.0	3.0
neg_013756	29.3	tpase_002166	34.286	18.0	0.11
neg_019497	30.0	tpase_002552	25.0	24.0	0.26
neg_019816	27.7	tpase_002808	52.174	5.0	2.6
neg_015561	27.7	tpase_004960	30.263	21.0	1.3
neg_017191	28.5	tpase_005492	24.54	37.0	1.1
neg_015063	29.6	tpase_002172	26.923	15.0	0.43
neg_000762	30.4	tpase_003552	29.63	9.0	0.43
neg_004987	30.8	tpase_004007	27.692	40.0	0.04
neg_018939	26.6	tpase_006608	35.417	12.0	3.5
neg_005363	26.9	tpase_005369	23.81	23.0	1.5
neg_003615	25.0	tpase_005571	50.0	10.0	5.2
neg_012030	28.1	tpase_001170	46.429	17.0	0.15
neg_007030	24.3	tpase_001865	46.667	23.0	4.8
neg_017760	32.0	tpase_001500	23.404	27.0	0.064
neg_001416	28.9	tpase_006547	26.923	22.0	0.82
neg_018592	33.1	tpase_006764	23.864	35.0	0.045
neg_001311	28.5	tpase_002520	32.727	14.0	1.2
neg_008371	25.0	tpase_004243	38.095	21.0	1.2
neg_008312	28.1	tpase_006755	25.316	15.0	1.1
neg_019954	26.9	tpase_001451	32.394	58.0	0.42
neg_005529	27.3	tpase_006473	28.302	4.0	6.9
neg_008001	27.3	tpase_004058	28.889	18.0	0.98
neg_009003	28.1	tpase_004242	26.316	7.0	3.2
neg_008836	26.9	tpase_002617	26.804	60.0	0.85
neg_011945	26.2	tpase_000316	45.455	13.0	1.6
neg_015559	27.3	tpase_001673	45.455	6.0	1.3
neg_010800	28.1	tpase_002444	26.562	19.0	0.88
neg_017917	0.0	None	0.0	0.0	999.0
neg_012778	27.3	tpase_000243	38.71	6.0	3.5
neg_012687	28.9	tpase_006060	31.111	6.0	1.4
neg_015153	31.6	tpase_005346	31.522	45.0	0.039
neg_006631	30.8	tpase_003456	33.333	7.0	0.37
neg_001494	25.0	tpase_002524	47.826	19.0	2.0
neg_008899	29.3	tpase_006915	36.111	18.0	0.21
neg_016888	24.6	tpase_000005	42.857	18.0	2.9
neg_009850	24.6	tpase_001838	50.0	15.0	4.0
neg_013046	24.3	tpase_007108	20.833	56.0	6.8
neg_018212	26.9	tpase_004683	37.5	11.0	2.5
neg_017220	30.4	tpase_005191	26.606	23.0	0.25
neg_018397	34.3	tpase_001736	24.242	22.0	0.015
neg_011406	25.8	tpase_002127	25.424	36.0	1.8
neg_002704	31.2	tpase_003802	32.353	16.0	0.15
neg_006968	26.9	tpase_002019	53.571	18.0	0.77
neg_016207	32.0	tpase_001503	29.114	23.0	0.07
neg_007084	24.6	tpase_005137	31.169	46.0	4.0
neg_002752	31.2	tpase_002676	26.437	13.0	0.26
neg_008907	27.7	tpase_000607	42.857	13.0	0.66
neg_005762	26.9	tpase_005125	30.769	32.0	0.73
neg_008364	25.4	tpase_006548	31.429	37.0	0.59
neg_003463	26.9	tpase_004194	26.23	13.0	3.7
neg_017183	28.1	tpase_001513	20.0	19.0	1.0
neg_009801	26.9	tpase_005948	27.16	70.0	0.47
neg_014075	27.7	tpase_006049	47.826	10.0	0.71
neg_006915	26.2	tpase_001065	32.432	10.0	1.6
neg_004256	25.4	tpase_001954	34.375	12.0	6.6
neg_013209	25.8	tpase_006555	36.111	7.0	3.6
neg_003715	32.7	tpase_006038	28.736	19.0	0.056
neg_015004	25.4	tpase_001231	31.373	24.0	4.8
neg_015050	29.6	tpase_003792	36.585	9.0	0.53
neg_014399	30.8	tpase_006238	30.357	19.0	0.12
neg_008658	27.7	tpase_000607	54.167	15.0	0.28
neg_001023	26.6	tpase_004095	30.645	22.0	3.3
neg_012662	28.9	tpase_006558	31.646	25.0	0.15
neg_017311	27.3	tpase_000792	39.394	11.0	1.5
neg_010559	26.2	tpase_002641	33.333	17.0	1.8
neg_013985	27.7	tpase_004271	24.675	48.0	0.47
neg_001337	28.1	tpase_001313	27.103	13.0	3.0
neg_011882	28.5	tpase_000951	25.758	13.0	1.4
neg_015095	29.3	tpase_000851	33.962	12.0	0.58
neg_018672	30.8	tpase_006947	34.043	9.0	0.24
neg_001513	26.9	tpase_005366	37.5	18.0	1.1
neg_003109	30.4	tpase_002235	30.909	20.0	0.11
neg_015486	27.3	tpase_001838	40.541	11.0	1.4
neg_009151	27.3	tpase_005533	47.059	7.0	2.5
neg_008467	26.2	tpase_002656	22.881	28.0	4.0
neg_006679	28.1	tpase_004468	54.545	17.0	0.43
neg_019765	30.0	tpase_002340	41.176	6.0	0.53
neg_011495	27.3	tpase_005972	37.143	25.0	0.38
neg_017870	26.6	tpase_001534	37.5	8.0	3.9
neg_016075	29.6	tpase_004200	31.25	13.0	0.43
neg_010100	0.0	None	0.0	0.0	999.0
neg_001829	27.7	tpase_001215	27.434	49.0	0.65
neg_016665	27.7	tpase_006585	35.088	21.0	0.74
neg_000492	27.7	tpase_003291	37.778	9.0	2.3
neg_011513	30.0	tpase_006136	33.898	7.0	0.58
neg_008031	32.7	tpase_006985	26.506	59.0	0.025
neg_009484	38.9	tpase_002119	44.118	19.0	0.000108
neg_011705	26.6	tpase_002904	21.552	37.0	2.6
neg_008514	26.9	tpase_002598	21.687	89.0	0.24
neg_004942	26.2	tpase_004554	39.216	19.0	3.3
neg_009660	27.3	tpase_000745	23.81	28.0	1.8
neg_020736	34.3	tpase_006058	32.231	35.0	0.009
neg_020783	26.9	tpase_004745	31.818	11.0	2.8
neg_015509	26.6	tpase_004243	41.176	15.0	3.7
neg_004448	27.3	tpase_006570	26.804	64.0	0.5
neg_016781	25.4	tpase_004059	47.619	10.0	4.5
neg_012765	25.8	tpase_007095	32.5	7.0	9.4
neg_003775	25.8	tpase_001015	25.926	30.0	2.1
neg_012277	30.4	tpase_003552	24.719	16.0	0.33
neg_017088	30.0	tpase_005958	31.343	19.0	0.32
neg_014477	27.3	tpase_002714	31.081	42.0	0.48
neg_012273	27.7	tpase_005511	32.967	8.0	4.3
neg_014185	29.3	tpase_002127	34.783	4.0	2.2
neg_018169	32.0	tpase_003808	28.235	24.0	0.075
neg_014124	27.7	tpase_004900	36.842	13.0	0.9
neg_008569	28.1	tpase_005091	25.0	14.0	2.3
neg_007811	27.3	tpase_006586	26.923	17.0	1.9
neg_017054	29.6	tpase_006236	38.889	8.0	0.58
neg_017895	24.3	tpase_001273	41.667	29.0	1.8
neg_005988	31.2	tpase_002113	26.446	20.0	0.26
neg_011093	27.3	tpase_006486	51.852	14.0	0.7
neg_004814	25.0	tpase_001099	31.579	36.0	1.6
neg_009159	28.5	tpase_001872	25.424	14.0	1.2
neg_011473	25.0	tpase_002467	43.478	17.0	2.4
neg_000240	28.1	tpase_000878	45.161	4.0	2.9
neg_003709	0.0	None	0.0	0.0	999.0
neg_017413	28.1	tpase_001571	26.866	16.0	1.1
neg_004429	28.1	tpase_002444	26.562	19.0	0.88
neg_010704	27.3	tpase_003535	21.359	37.0	1.3
neg_012140	29.3	tpase_004197	30.645	26.0	0.27
neg_003829	26.2	tpase_001079	38.71	16.0	2.1
neg_001233	28.9	tpase_001814	25.0	10.0	1.5
neg_017223	29.6	tpase_000758	27.586	23.0	0.49
neg_013448	27.7	tpase_006162	26.126	80.0	0.36
neg_019105	29.6	tpase_003815	25.157	40.0	0.47
neg_000808	26.6	tpase_001791	29.688	22.0	2.8
neg_012244	25.0	tpase_004624	31.343	22.0	8.5
neg_011128	31.6	tpase_002665	27.211	9.0	0.45
neg_007185	24.3	tpase_003958	30.556	46.0	5.8
neg_007768	29.6	tpase_003104	33.333	35.0	0.14
neg_010747	27.3	tpase_000953	28.0	28.0	1.4
neg_008636	28.1	tpase_003265	26.446	17.0	2.1
neg_001019	27.7	tpase_001903	26.667	52.0	0.68
neg_011095	25.0	tpase_005563	33.333	38.0	0.98
neg_019203	32.0	tpase_002105	38.462	12.0	0.065
neg_016175	30.0	tpase_004003	41.026	12.0	0.32
neg_008631	25.4	tpase_002294	29.73	38.0	3.6
neg_002278	29.6	tpase_006765	31.646	25.0	0.29
neg_005599	25.8	tpase_006614	31.111	45.0	0.66
neg_010982	30.4	tpase_005562	33.75	10.0	0.67
neg_016237	29.3	tpase_006482	26.25	24.0	0.41
neg_014404	27.7	tpase_005277	20.833	27.0	0.41
neg_002983	25.8	tpase_004925	34.615	22.0	1.1
neg_017063	25.4	tpase_006297	38.462	29.0	1.5
neg_001867	29.6	tpase_000746	32.692	7.0	0.98
neg_010379	31.2	tpase_000122	30.702	17.0	0.25
neg_009017	28.9	tpase_005135	35.443	19.0	0.62
neg_019437	0.0	None	0.0	0.0	999.0
neg_018607	27.3	tpase_003291	32.812	23.0	1.8
neg_009457	28.9	tpase_002419	22.222	44.0	0.45
neg_013395	26.9	tpase_004620	23.913	26.0	2.6
neg_005305	23.9	tpase_003678	33.333	25.0	9.0
neg_016285	27.3	tpase_003748	28.448	24.0	2.7
neg_001913	29.3	tpase_005589	21.687	19.0	0.54
neg_002941	27.3	tpase_005553	26.866	15.0	2.2
neg_009384	29.6	tpase_004355	33.333	11.0	0.59
neg_000677	30.0	tpase_002271	32.075	4.0	1.7
neg_020121	22.7	tpase_001104	37.5	38.0	5.9
neg_005560	29.6	tpase_000461	28.244	47.0	0.24
neg_020686	28.5	tpase_006812	25.0	25.0	0.76
neg_016928	26.2	tpase_003993	37.736	15.0	4.7
neg_006744	30.0	tpase_001416	34.146	3.0	1.2
neg_015966	28.9	tpase_003114	29.787	28.0	0.46
neg_018545	27.3	tpase_003972	26.25	29.0	1.3
neg_014190	25.8	tpase_001276	36.842	19.0	3.0
neg_007573	26.6	tpase_005824	27.835	82.0	0.27
neg_017886	25.4	tpase_005795	29.787	12.0	8.1
neg_002254	29.6	tpase_004007	31.818	3.0	1.9
neg_016333	32.0	tpase_003973	21.849	25.0	0.071
neg_009427	25.4	tpase_005572	30.769	25.0	2.4
neg_020816	35.0	tpase_000982	32.258	17.0	0.011
neg_019325	0.0	None	0.0	0.0	999.0
neg_003905	25.0	tpase_005571	50.0	10.0	5.1
neg_018480	30.0	tpase_001415	38.776	10.0	0.46
neg_009132	26.6	tpase_003221	32.787	8.0	7.8
neg_009379	30.4	tpase_005733	25.641	51.0	0.16
neg_011253	28.5	tpase_002663	55.0	4.0	1.4
neg_008078	27.3	tpase_005004	28.205	9.0	2.6
neg_015057	26.9	tpase_002789	26.087	63.0	0.41
neg_001974	32.3	tpase_004440	18.045	26.0	0.091
neg_013432	31.6	tpase_006719	32.99	36.0	0.072
neg_015774	28.1	tpase_007034	48.387	10.0	1.1
neg_005032	27.7	tpase_001802	32.609	11.0	1.6
neg_010873	27.7	tpase_006990	26.667	10.0	2.8
neg_006499	25.4	tpase_006952	52.941	11.0	2.5
neg_000611	28.9	tpase_001897	52.632	10.0	0.23
neg_010189	25.8	tpase_000075	34.146	22.0	2.6
neg_016554	26.6	tpase_002038	37.143	7.0	5.7
neg_006161	27.7	tpase_006518	36.0	22.0	0.73
neg_002758	26.9	tpase_004041	25.397	12.0	4.8
neg_004163	27.3	tpase_003461	30.508	11.0	2.9
neg_013256	34.7	tpase_003078	25.743	32.0	0.009
neg_007351	25.8	tpase_004576	37.5	25.0	1.7
neg_002904	30.4	tpase_001266	28.916	16.0	0.31
neg_016637	26.6	tpase_004041	28.571	35.0	1.6
neg_016950	27.7	tpase_003728	41.304	10.0	1.9
neg_004529	26.2	tpase_001577	30.612	19.0	3.4
neg_014405	25.4	tpase_003141	37.143	42.0	0.55
neg_005521	25.4	tpase_002652	33.333	7.0	7.7
neg_003219	28.5	tpase_002210	35.714	12.0	0.51
neg_019413	25.8	tpase_006399	35.556	13.0	5.5
neg_013829	31.2	tpase_005170	24.242	13.0	0.32
neg_007860	25.0	tpase_001877	50.0	16.0	4.0
neg_018600	29.6	tpase_003195	30.588	23.0	0.34
neg_014158	28.9	tpase_000716	30.986	9.0	1.4
neg_004997	26.6	tpase_006051	39.286	19.0	1.1
neg_011490	28.1	tpase_002448	44.444	16.0	0.55
neg_008269	32.0	tpase_002815	31.579	41.0	0.011
neg_011958	0.0	None	0.0	0.0	999.0
neg_011987	26.6	tpase_003392	42.308	15.0	1.4
neg_008086	26.6	tpase_003896	29.091	18.0	2.1
neg_015773	29.3	tpase_004482	26.531	15.0	0.39
neg_001285	28.9	tpase_002710	21.368	27.0	0.87
neg_003805	26.9	tpase_002713	31.818	15.0	1.8
neg_020399	29.3	tpase_004194	20.779	21.0	0.48
neg_018576	26.9	tpase_000771	23.077	15.0	2.8
neg_003622	28.5	tpase_000825	23.377	36.0	1.1
neg_007292	24.6	tpase_000208	32.432	15.0	8.3
neg_002741	24.6	tpase_006825	33.333	20.0	8.8
neg_015113	32.7	tpase_001229	26.016	41.0	0.026
neg_005877	27.3	tpase_000304	27.941	37.0	0.6
neg_013036	30.8	tpase_002603	36.735	20.0	0.082
neg_009068	28.9	tpase_000902	52.174	4.0	1.3
neg_006869	24.3	tpase_005969	36.842	25.0	4.2
neg_012633	27.7	tpase_001791	40.0	28.0	0.55
neg_000129	26.6	tpase_004757	26.471	43.0	0.88
neg_001044	26.9	tpase_005220	52.381	5.0	3.8
neg_013992	26.2	tpase_006337	27.16	53.0	1.3
neg_009670	24.6	tpase_003895	47.368	15.0	3.1
neg_002339	27.7	tpase_007013	24.0	19.0	1.7
neg_006535	28.1	tpase_002078	34.483	11.0	1.0
neg_010170	26.9	tpase_004083	54.167	10.0	1.5
neg_015672	30.0	tpase_000590	26.613	25.0	0.42
neg_000521	28.1	tpase_001948	22.222	10.0	2.4
neg_015393	27.3	tpase_003221	31.818	14.0	1.8
neg_012001	29.3	tpase_004006	24.503	20.0	1.2
neg_014455	28.9	tpase_004345	22.4	11.0	1.5
neg_017395	27.7	tpase_005775	25.287	18.0	2.6
neg_012084	0.0	None	0.0	0.0	999.0
neg_013009	28.5	tpase_006408	26.415	19.0	0.71
neg_020082	23.9	tpase_003342	40.741	59.0	2.5
neg_011536	26.9	tpase_005335	38.462	17.0	0.85
neg_000785	27.7	tpase_007108	31.148	22.0	1.2
neg_014373	30.8	tpase_000590	51.852	2.0	0.78
neg_010593	26.6	tpase_000603	26.168	46.0	1.7
neg_017106	25.4	tpase_004063	28.947	30.0	3.7
neg_001684	30.0	tpase_001537	26.667	24.0	0.11
neg_013221	28.9	tpase_001119	27.2	10.0	2.6
neg_000287	26.9	tpase_000457	32.308	71.0	0.22
neg_000376	26.9	tpase_001920	36.207	20.0	1.8
neg_011577	26.9	tpase_005577	25.316	32.0	1.6
neg_015971	26.6	tpase_001762	30.435	33.0	1.6
neg_008984	28.9	tpase_002370	26.19	37.0	0.33
neg_007747	25.0	tpase_002569	34.375	35.0	1.6
neg_000938	28.1	tpase_000147	25.333	26.0	0.85
neg_006303	31.2	tpase_006582	28.571	14.0	0.18
neg_019697	28.1	tpase_000167	27.027	7.0	2.1
neg_018295	30.0	tpase_005908	28.736	18.0	0.36
neg_004567	29.6	tpase_003024	31.707	9.0	0.52
neg_002934	26.6	tpase_004259	21.951	61.0	0.84
neg_020290	29.6	tpase_005514	32.308	14.0	0.62
neg_014738	30.4	tpase_001965	23.529	11.0	0.45
neg_020213	36.2	tpase_002380	31.507	21.0	0.003
neg_010799	27.3	tpase_003326	28.916	24.0	1.2
neg_020128	28.1	tpase_002332	23.478	52.0	0.53
neg_020824	27.7	tpase_004633	25.275	26.0	1.5
neg_011330	30.0	tpase_004006	26.471	9.0	0.85
neg_006093	30.4	tpase_002665	26.829	7.0	1.1
neg_016987	28.9	tpase_001735	27.434	19.0	1.3
neg_013577	29.6	tpase_006069	28.0	26.0	0.16
neg_013198	29.6	tpase_006927	37.5	15.0	0.55
neg_020430	26.6	tpase_005346	31.169	16.0	4.1
neg_009620	25.8	tpase_006753	34.375	27.0	1.2
neg_008334	28.9	tpase_001736	29.268	25.0	0.47
neg_010380	34.3	tpase_004606	31.579	21.0	0.009
neg_015041	33.1	tpase_004341	30.0	13.0	0.035
neg_015267	28.1	tpase_001465	31.373	17.0	1.1
neg_010617	26.9	tpase_006413	43.478	5.0	3.3
neg_019630	27.3	tpase_000103	32.558	13.0	1.9
neg_019990	32.0	tpase_005073	23.77	35.0	0.083
neg_009656	28.1	tpase_001465	26.582	55.0	0.26
neg_002610	26.9	tpase_003889	44.444	6.0	3.7
neg_004240	25.8	tpase_002695	26.761	30.0	3.1
neg_004657	26.9	tpase_006595	38.636	32.0	0.47
neg_008393	28.5	tpase_006367	36.957	16.0	0.62
neg_002153	24.6	tpase_001239	34.043	54.0	1.1
neg_015649	27.3	tpase_004537	34.783	12.0	2.1
neg_005235	32.0	tpase_006987	33.333	14.0	0.099
neg_004937	28.5	tpase_004452	22.619	33.0	0.51
neg_014773	30.0	tpase_003040	52.0	5.0	0.63
neg_007390	30.4	tpase_003752	28.814	12.0	0.31
neg_012421	36.6	tpase_000022	28.205	46.0	0.000527
neg_000647	30.0	tpase_006615	33.962	19.0	0.19
neg_000422	28.5	tpase_006226	30.189	30.0	0.26
neg_016546	26.6	tpase_003297	28.889	9.0	4.3
neg_008327	28.1	tpase_004465	40.0	12.0	1.5
neg_007980	26.6	tpase_000899	27.273	45.0	0.59
neg_002006	32.0	tpase_003105	23.377	52.0	0.054
neg_012212	26.9	tpase_000081	25.714	42.0	0.99
neg_003308	32.3	tpase_002789	28.037	18.0	0.11
neg_007895	29.6	tpase_000072	40.0	10.0	0.072
neg_020767	29.6	tpase_000769	30.556	31.0	0.18
neg_017464	25.8	tpase_005842	30.357	15.0	6.5
neg_017461	25.8	tpase_005289	37.037	8.0	5.4
neg_002679	27.7	tpase_001523	28.571	10.0	1.2
neg_016747	26.2	tpase_003014	25.397	46.0	1.1
neg_012249	29.6	tpase_006423	25.0	7.0	1.5
neg_008341	31.2	tpase_001316	33.333	6.0	0.24
neg_003310	28.5	tpase_002808	39.474	3.0	3.8
neg_004027	30.4	tpase_006615	38.636	16.0	0.12
neg_001797	25.0	tpase_003895	25.974	68.0	0.98
neg_002376	30.8	tpase_000070	33.333	20.0	0.13
neg_014283	25.8	tpase_006519	37.209	14.0	6.1
neg_016234	26.9	tpase_001756	36.957	15.0	1.9
neg_007862	28.5	tpase_004355	27.143	49.0	0.56
neg_000005	26.6	tpase_006286	23.913	10.0	5.3
neg_008610	22.7	tpase_006713	34.211	48.0	5.0
neg_020590	23.9	tpase_000081	26.984	62.0	3.5
neg_001622	26.6	tpase_003919	28.846	9.0	6.5
neg_017579	30.0	tpase_001684	25.926	25.0	0.14
neg_009418	29.6	tpase_001921	27.273	8.0	0.98
neg_006265	27.3	tpase_006867	25.217	48.0	1.3
neg_009545	25.8	tpase_004565	38.235	21.0	2.2
neg_016244	27.3	tpase_004493	28.916	19.0	2.7
neg_006165	26.2	tpase_003037	55.556	3.0	9.0
neg_005186	27.7	tpase_003037	36.735	31.0	0.43
neg_018598	26.2	tpase_006907	30.556	12.0	2.1
neg_016868	31.6	tpase_004494	34.483	20.0	0.083
neg_017206	27.7	tpase_007020	48.0	7.0	1.3
neg_002130	27.7	tpase_002550	43.75	6.0	2.3
neg_019798	30.8	tpase_006810	27.119	30.0	0.18
neg_006437	24.6	tpase_006166	76.923	6.0	8.2
neg_012359	34.3	tpase_001865	32.927	17.0	0.024
neg_011440	27.7	tpase_003191	27.273	62.0	0.33
neg_003970	29.3	tpase_005196	25.0	10.0	0.73
neg_020808	33.1	tpase_006990	34.146	12.0	0.029
neg_018571	28.5	tpase_002531	32.857	27.0	0.47
neg_005813	29.6	tpase_005813	26.829	8.0	0.75
neg_002106	27.7	tpase_000058	37.879	11.0	0.66
neg_018774	27.3	tpase_004963	29.231	15.0	2.8
neg_018461	28.5	tpase_000680	20.312	32.0	0.34
neg_013202	29.6	tpase_004440	24.324	17.0	0.8
neg_008228	25.4	tpase_006515	37.143	21.0	3.0
neg_002081	26.9	tpase_003307	32.836	19.0	2.6
neg_013709	28.9	tpase_003014	25.333	52.0	0.12
neg_015479	27.7	tpase_000267	23.404	12.0	1.6
neg_006912	28.1	tpase_002444	25.397	19.0	0.8
neg_012134	27.7	tpase_005089	24.194	8.0	3.3
neg_009419	25.4	tpase_002914	24.176	29.0	5.9
neg_003602	29.6	tpase_001267	27.273	32.0	0.14
neg_012390	25.8	tpase_003748	40.0	33.0	1.5
neg_001989	30.4	tpase_001622	36.17	14.0	0.22
neg_013782	25.0	tpase_005066	39.474	9.0	6.7
neg_005360	27.3	tpase_003136	22.581	13.0	1.2
neg_013071	30.8	tpase_005838	34.848	6.0	0.72
neg_002545	25.0	tpase_005741	29.268	15.0	9.2
neg_001895	28.1	tpase_004326	45.0	9.0	1.6
neg_019655	24.6	tpase_006811	41.379	13.0	7.1
neg_020532	30.8	tpase_003066	34.211	11.0	0.15
neg_018574	26.2	tpase_004479	56.25	6.0	4.0
neg_014923	28.9	tpase_006602	30.435	34.0	0.26
neg_000780	28.5	tpase_003407	23.243	85.0	0.4
neg_013435	26.2	tpase_003841	34.328	43.0	1.4
neg_009470	31.6	tpase_002798	25.253	12.0	0.21
neg_001267	30.0	tpase_004256	27.434	24.0	0.38
neg_007315	28.9	tpase_003000	25.714	16.0	0.76
neg_006019	29.3	tpase_006626	25.49	65.0	0.12
neg_007152	26.2	tpase_003165	33.333	21.0	1.8
neg_013144	32.7	tpase_002241	23.148	52.0	0.012
neg_003280	27.7	tpase_006306	20.896	26.0	2.2
neg_019448	28.5	tpase_001479	32.558	24.0	0.68
neg_012983	30.0	tpase_004340	29.231	8.0	0.78
neg_015218	25.8	tpase_004812	33.929	17.0	5.9
neg_014366	29.3	tpase_006797	29.167	23.0	0.5
neg_016971	26.6	tpase_006679	35.484	12.0	1.8
neg_007183	23.9	tpase_003307	28.571	36.0	8.3
neg_006166	27.3	tpase_002295	38.182	29.0	0.79
neg_007991	24.6	tpase_005347	46.154	11.0	7.7
neg_016740	28.9	tpase_001904	26.214	16.0	1.2
neg_003759	30.4	tpase_002491	43.59	9.0	0.32
neg_017662	25.4	tpase_001272	26.316	13.0	5.7
neg_012211	29.3	tpase_001423	30.928	61.0	0.17
neg_004124	26.9	tpase_001184	31.373	27.0	0.85
neg_014771	26.9	tpase_001660	42.308	5.0	3.7
neg_012541	27.3	tpase_004007	31.148	27.0	1.1
neg_008897	24.3	tpase_003958	30.556	46.0	5.8
neg_013611	32.3	tpase_001298	27.559	14.0	0.19
neg_007902	30.0	tpase_006817	27.607	12.0	1.2
neg_002410	28.5	tpase_006525	25.676	15.0	1.4
neg_009407	29.3	tpase_004089	30.488	13.0	0.36
neg_015806	28.1	tpase_004621	30.645	19.0	0.95
neg_019517	27.3	tpase_002951	27.66	12.0	1.3
neg_005729	30.4	tpase_001515	35.714	13.0	0.17
neg_016050	28.5	tpase_002972	28.571	16.0	0.88
neg_014800	33.1	tpase_002922	28.283	12.0	0.077
neg_006214	30.0	tpase_002352	32.075	35.0	0.082
neg_018269	30.8	tpase_003237	28.571	38.0	0.08
neg_001086	25.0	tpase_005058	32.432	28.0	2.9
neg_000242	25.0	tpase_005475	38.462	16.0	1.9
neg_012600	28.9	tpase_006763	26.744	51.0	0.16
neg_020454	26.6	tpase_003101	31.915	32.0	0.97
neg_004210	28.1	tpase_002551	43.182	3.0	5.6
neg_007095	29.3	tpase_002271	27.273	20.0	0.67
neg_002158	0.0	None	0.0	0.0	999.0
neg_014150	26.9	tpase_004337	35.714	19.0	1.1
neg_007874	28.5	tpase_003145	26.471	31.0	0.38
neg_011972	25.8	tpase_004225	37.5	7.0	7.9
neg_000878	29.3	tpase_004645	33.962	4.0	2.1
neg_020169	26.2	tpase_001690	38.095	13.0	4.2
neg_017370	30.0	tpase_006306	31.507	14.0	0.43
neg_004418	29.6	tpase_001667	34.0	26.0	0.14
neg_019977	28.1	tpase_000022	19.469	25.0	1.3
neg_000241	26.9	tpase_004033	30.909	17.0	1.8
neg_010021	25.4	tpase_002653	28.571	39.0	1.8
neg_009661	27.3	tpase_005972	30.159	18.0	2.1
neg_018605	27.7	tpase_006804	32.051	20.0	1.9
neg_001718	28.9	tpase_002714	22.951	63.0	0.3
neg_003960	24.6	tpase_003895	45.455	23.0	1.7
neg_008618	30.4	tpase_001518	31.429	27.0	0.14
neg_012144	28.5	tpase_004058	25.0	14.0	1.2
neg_010845	26.9	tpase_002554	45.161	12.0	1.7
neg_002095	24.3	tpase_004887	32.727	41.0	5.3
neg_002699	27.3	tpase_000122	26.786	28.0	0.79
neg_010139	26.2	tpase_003589	32.353	14.0	2.6
neg_011532	30.4	tpase_001288	28.571	39.0	0.088
neg_018613	26.9	tpase_000524	19.048	16.0	4.6
neg_020348	25.8	tpase_000170	28.205	13.0	3.6
neg_014611	25.4	tpase_001795	35.0	45.0	1.2
neg_010387	27.7	tpase_003653	22.105	39.0	0.7
neg_011428	27.7	tpase_003682	26.415	21.0	0.9
neg_000015	26.6	tpase_002059	40.741	6.0	4.4
neg_017500	25.4	tpase_006852	25.743	50.0	3.2
neg_000645	26.2	tpase_002438	44.828	10.0	3.5
neg_007784	26.9	tpase_003036	40.625	12.0	1.6
neg_013228	28.9	tpase_004019	33.333	12.0	0.72
neg_001761	27.3	tpase_005832	50.0	6.0	2.5
neg_002585	27.7	tpase_003101	28.125	13.0	2.2
neg_019855	24.6	tpase_006194	30.769	39.0	1.8
neg_006483	29.6	tpase_001077	28.736	57.0	0.069
neg_018621	32.0	tpase_001363	32.381	28.0	0.086
neg_012105	32.7	tpase_004789	26.136	25.0	0.044
neg_010906	26.2	tpase_001177	34.091	37.0	0.9
neg_002073	30.4	tpase_000607	41.026	10.0	0.13
neg_007012	26.6	tpase_005910	25.424	50.0	0.53
neg_008289	29.3	tpase_003493	29.032	5.0	0.89
neg_014686	26.2	tpase_006883	32.727	22.0	2.5
neg_006609	25.4	tpase_003367	30.0	33.0	1.4
neg_003510	26.9	tpase_003924	48.0	11.0	1.3
neg_006754	28.9	tpase_000155	27.143	58.0	0.1
neg_003114	26.6	tpase_005959	40.0	14.0	2.7
neg_018622	26.6	tpase_003807	39.286	30.0	0.28
neg_003258	25.4	tpase_001409	21.978	98.0	0.39
neg_006222	28.1	tpase_005106	32.308	30.0	0.43
neg_013914	25.4	tpase_001768	31.707	36.0	1.1
neg_007838	27.7	tpase_003582	25.0	28.0	0.84
neg_003212	24.6	tpase_003820	27.368	71.0	3.5
neg_015616	28.1	tpase_004003	29.268	9.0	1.9
neg_005835	27.3	tpase_002858	27.397	13.0	2.7
neg_008155	24.3	tpase_000991	41.667	14.0	6.0
neg_013154	29.3	tpase_003080	45.714	4.0	0.85
neg_004140	23.9	tpase_006324	69.231	7.0	8.4
neg_010754	26.9	tpase_003022	33.333	19.0	0.74
neg_021025	28.1	tpase_000437	24.752	19.0	1.3
neg_018008	26.6	tpase_002262	23.077	17.0	3.6
neg_014706	26.2	tpase_005163	47.826	14.0	1.6
neg_013431	28.1	tpase_000886	32.308	14.0	1.4
neg_009521	25.8	tpase_003654	36.111	19.0	2.3
neg_001654	26.9	tpase_002041	30.233	10.0	4.2
neg_009949	27.3	tpase_002611	52.381	4.0	2.7
neg_018918	27.7	tpase_005079	35.484	13.0	0.82
neg_010362	25.8	tpase_003141	58.824	21.0	0.38
neg_001742	25.8	tpase_000742	44.828	16.0	3.0
neg_016284	28.5	tpase_003853	42.308	6.0	1.1
neg_005152	26.6	tpase_003589	32.353	14.0	2.5
neg_018086	28.5	tpase_001735	35.897	9.0	1.3
neg_003304	24.3	tpase_005164	22.973	62.0	2.9
neg_012800	28.1	tpase_002656	47.826	4.0	2.2
neg_014065	26.6	tpase_003777	30.357	35.0	1.2
neg_012499	27.3	tpase_002082	34.694	4.0	7.0
neg_001787	28.5	tpase_004411	39.024	10.0	0.93
neg_000235	28.5	tpase_000713	29.032	9.0	1.9
neg_000030	28.1	tpase_005954	25.0	44.0	0.52
neg_013788	32.0	tpase_005053	29.293	53.0	0.025
neg_012995	27.3	tpase_006586	26.923	17.0	1.9
neg_004487	31.6	tpase_001123	48.276	3.0	0.35
neg_014463	25.8	tpase_003236	22.222	54.0	1.5
neg_010476	27.3	tpase_001194	26.437	38.0	0.55
neg_017404	26.9	tpase_002463	30.233	43.0	0.32
neg_016280	26.6	tpase_006560	27.586	14.0	3.6
neg_012408	24.6	tpase_003535	38.462	15.0	5.8
neg_017534	26.9	tpase_004901	29.167	16.0	2.4
neg_019952	30.0	tpase_003701	24.793	55.0	0.12
neg_005390	25.4	tpase_004294	38.462	19.0	1.9
neg_017673	26.6	tpase_005011	42.857	28.0	0.37
neg_001433	28.1	tpase_004883	36.364	30.0	0.4
neg_011924	29.6	tpase_006430	26.804	14.0	0.89
neg_005245	33.5	tpase_005088	35.088	11.0	0.038
neg_018649	0.0	None	0.0	0.0	999.0
neg_000702	28.1	tpase_006158	28.0	17.0	1.3
neg_000732	29.3	tpase_003041	29.167	25.0	0.53
neg_018130	26.9	tpase_003927	45.714	24.0	0.6
neg_009201	29.3	tpase_001815	24.286	28.0	0.73
neg_013748	25.0	tpase_002381	35.714	61.0	2.2
neg_004271	27.7	tpase_002228	24.675	38.0	0.61
neg_007625	26.6	tpase_002224	22.535	15.0	5.1
neg_005640	25.8	tpase_003513	28.169	43.0	1.8
neg_012823	26.2	tpase_000748	34.0	6.0	4.5
neg_006925	28.5	tpase_005968	32.5	53.0	0.12
neg_014827	26.2	tpase_004702	48.387	6.0	5.5
neg_020862	30.4	tpase_005954	22.785	19.0	0.24
neg_000002	27.7	tpase_006765	26.23	18.0	1.5
neg_019508	28.1	tpase_002790	33.333	9.0	0.99
neg_013305	26.9	tpase_000603	24.219	56.0	1.5
neg_011757	26.2	tpase_006367	42.857	5.0	8.3
neg_002002	28.9	tpase_002666	23.664	10.0	3.0
neg_000874	28.9	tpase_000591	27.407	17.0	1.5
neg_017753	28.9	tpase_003394	21.368	18.0	1.3
neg_009443	28.9	tpase_000823	41.379	13.0	0.43
neg_014620	27.7	tpase_000387	34.694	31.0	0.28
neg_012411	25.8	tpase_003000	25.714	35.0	1.4
neg_003457	27.7	tpase_006802	39.13	16.0	1.1
neg_014070	25.8	tpase_003221	34.483	6.0	8.8
neg_001928	0.0	None	0.0	0.0	999.0
neg_015499	28.1	tpase_006708	29.508	16.0	1.0
neg_007129	26.2	tpase_006625	29.577	36.0	1.3
neg_004954	27.3	tpase_004837	29.545	18.0	1.1
neg_017611	25.8	tpase_001736	45.161	9.0	5.9
neg_004193	31.2	tpase_001945	28.846	63.0	0.006
neg_015185	26.2	tpase_001778	45.833	7.0	4.9
neg_002677	25.4	tpase_003387	37.838	15.0	2.5
neg_012629	27.3	tpase_006586	26.923	17.0	1.9
neg_005064	23.9	tpase_004521	30.769	30.0	4.1
neg_014362	30.4	tpase_005077	32.258	17.0	0.35
neg_008550	24.6	tpase_002620	20.513	57.0	3.5
neg_002391	32.0	tpase_002869	28.395	18.0	0.094
neg_012011	29.3	tpase_003934	28.814	9.0	0.99
neg_014969	28.1	tpase_000551	22.951	17.0	0.97
neg_012511	29.6	tpase_001791	26.744	32.0	0.23
neg_018502	23.5	tpase_005832	29.787	55.0	2.8
neg_006974	29.3	tpase_002842	28.302	16.0	0.48
neg_016269	27.3	tpase_006713	30.0	38.0	0.37
neg_010642	25.0	tpase_005118	30.0	39.0	2.6
neg_015875	25.8	tpase_002058	41.176	17.0	2.7
neg_012539	26.6	tpase_000226	51.724	24.0	0.56
neg_019222	28.5	tpase_006526	24.8	21.0	1.5
neg_007503	25.4	tpase_003367	30.0	33.0	1.4
neg_012043	0.0	None	0.0	0.0	999.0
neg_017483	25.8	tpase_003526	35.135	14.0	4.3
neg_005125	26.9	tpase_004094	33.962	17.0	2.2
neg_002393	28.5	tpase_006648	25.0	12.0	1.3
neg_012225	25.4	tpase_006242	43.333	19.0	2.6
neg_001492	31.2	tpase_003101	27.273	18.0	0.17
neg_005918	28.5	tpase_004441	22.857	34.0	0.36
neg_013255	31.2	tpase_003552	24.719	16.0	0.23
neg_006339	29.6	tpase_003667	70.588	12.0	0.067
neg_008376	25.0	tpase_005390	32.653	17.0	9.3
neg_006104	27.3	tpase_004736	31.081	18.0	2.0
neg_003261	27.3	tpase_003919	29.787	8.0	3.9
neg_015964	24.6	tpase_004739	40.0	44.0	1.6
neg_020015	31.2	tpase_000283	44.118	33.0	0.01
neg_018929	29.3	tpase_000686	29.897	55.0	0.15
neg_005954	28.1	tpase_000461	23.364	55.0	1.2
neg_002252	31.6	tpase_005963	28.767	6.0	0.36
neg_016517	25.8	tpase_001929	35.294	29.0	0.75
neg_002142	28.5	tpase_005869	23.704	14.0	2.8
neg_007348	30.0	tpase_003730	22.115	24.0	0.37
neg_020707	28.5	tpase_000110	42.857	8.0	0.9
neg_005711	24.6	tpase_001293	31.915	34.0	3.0
neg_017546	28.5	tpase_004468	51.724	6.0	1.4
neg_011006	26.6	tpase_002019	50.0	18.0	1.0
neg_021081	25.8	tpase_000161	31.111	20.0	3.5
neg_003015	26.9	tpase_006554	33.962	20.0	1.6
neg_009780	27.3	tpase_004565	38.095	35.0	0.26
neg_017105	25.0	tpase_002797	25.714	37.0	8.2
neg_012997	27.3	tpase_001671	25.564	33.0	1.7
neg_004466	28.1	tpase_006675	26.415	9.0	1.9
neg_009685	24.3	tpase_001464	42.857	29.0	2.1
neg_003101	30.0	tpase_006437	30.769	5.0	1.4
neg_016124	30.0	tpase_004894	40.0	8.0	0.26
neg_005430	25.4	tpase_000591	27.368	47.0	3.2
neg_017550	31.6	tpase_001235	41.026	13.0	0.077
neg_013988	26.9	tpase_000702	38.462	12.0	1.5
neg_016353	26.6	tpase_005559	28.571	22.0	1.3
neg_003087	25.4	tpase_005951	26.667	18.0	5.5
neg_012106	26.9	tpase_003950	34.286	11.0	2.2
neg_006890	26.9	tpase_002870	25.862	18.0	2.6
neg_011560	28.5	tpase_002901	29.31	11.0	1.6
neg_010511	26.9	tpase_000608	40.0	14.0	0.88
neg_012721	25.0	tpase_000991	45.833	14.0	3.3
neg_005519	30.0	tpase_000671	47.368	6.0	0.5
neg_017294	24.6	tpase_000825	26.0	36.0	2.9
neg_010843	26.6	tpase_003395	22.34	49.0	1.2
neg_018384	26.6	tpase_004174	37.931	8.0	1.5
neg_012617	30.0	tpase_001292	37.209	31.0	0.047
neg_005661	27.3	tpase_001508	61.111	15.0	0.29
neg_004947	25.8	tpase_001759	24.359	35.0	3.6
neg_003680	26.6	tpase_001765	26.712	38.0	3.9
neg_015324	28.1	tpase_002900	32.653	8.0	1.9
neg_015626	30.8	tpase_005676	32.727	11.0	0.24
neg_010945	26.6	tpase_001104	24.0	27.0	2.4
neg_020123	30.0	tpase_004493	30.952	31.0	0.22
neg_014208	26.6	tpase_004083	31.818	28.0	2.3
neg_006625	28.9	tpase_005916	29.577	39.0	0.085
neg_005088	28.5	tpase_001324	35.135	10.0	0.79
neg_018677	29.3	tpase_005302	24.324	26.0	0.56
neg_018106	25.0	tpase_005840	27.586	21.0	7.5
neg_020145	30.4	tpase_003874	26.126	36.0	0.084
neg_002162	28.1	tpase_004520	22.368	19.0	1.3
neg_015581	24.6	tpase_007108	50.0	9.0	8.9
neg_004315	28.9	tpase_002408	30.645	26.0	0.35
neg_005402	31.6	tpase_002623	39.024	11.0	0.084
neg_001449	26.2	tpase_003283	26.316	21.0	3.5
neg_016812	29.3	tpase_002578	26.744	19.0	0.7
neg_007073	29.6	tpase_001827	31.884	14.0	0.64
neg_011773	26.9	tpase_001182	25.234	52.0	0.96
neg_001464	25.4	tpase_002374	33.333	26.0	1.9
neg_015615	26.9	tpase_005079	20.0	9.0	4.5
neg_008201	30.4	tpase_000056	36.17	6.0	0.53
neg_001308	25.8	tpase_005331	58.824	7.0	4.0
neg_003277	26.2	tpase_004353	26.23	31.0	1.6
neg_000425	28.5	tpase_003902	28.916	36.0	0.39
neg_012132	31.2	tpase_006759	24.409	14.0	0.35
neg_018258	26.2	tpase_005002	32.258	15.0	3.8
neg_014707	26.9	tpase_005850	23.894	58.0	1.3
neg_010113	28.9	tpase_004810	37.209	9.0	0.88
neg_007081	25.0	tpase_003141	58.824	21.0	0.69
neg_012135	30.0	tpase_004577	37.931	4.0	0.72
neg_017816	28.9	tpase_003002	28.814	15.0	0.65
neg_009055	26.9	tpase_003884	36.364	4.0	5.1
neg_018400	28.5	tpase_002408	40.909	18.0	0.62
neg_000459	27.7	tpase_000025	47.826	14.0	0.43
neg_005844	31.2	tpase_000107	24.219	16.0	0.39
neg_015770	0.0	None	0.0	0.0	999.0
neg_007688	25.8	tpase_004158	28.169	21.0	4.2
neg_009836	24.3	tpase_000172	39.394	37.0	1.2
neg_000182	30.4	tpase_004205	42.857	7.0	0.45
neg_013281	24.3	tpase_004565	35.294	20.0	7.1
neg_016446	26.6	tpase_000715	46.154	25.0	0.43
neg_014347	28.5	tpase_005235	33.871	19.0	0.81
neg_003573	24.6	tpase_002334	29.167	49.0	1.7
neg_006937	27.3	tpase_006373	52.381	7.0	1.1
neg_016411	29.6	tpase_000208	33.333	8.0	0.61
neg_000282	31.2	tpase_002676	27.586	13.0	0.29
neg_018874	28.5	tpase_006519	34.286	46.0	0.24
neg_006875	28.9	tpase_006483	32.653	21.0	0.44
neg_010479	26.9	tpase_004441	32.653	23.0	1.2
neg_018591	29.3	tpase_006977	27.723	19.0	0.75
neg_017657	29.3	tpase_005230	46.429	6.0	0.77
neg_015133	28.9	tpase_004683	32.692	12.0	0.61
neg_013019	27.3	tpase_004551	24.719	32.0	1.4
neg_017730	92.4	tpase_002061	27.219	98.0	3.12e-22
neg_020233	28.1	tpase_006592	26.042	21.0	1.4
neg_016232	27.3	tpase_002339	34.328	16.0	2.4
neg_005024	28.1	tpase_005570	34.375	12.0	2.2
neg_009567	25.0	tpase_004624	31.343	22.0	8.4
neg_019419	29.3	tpase_001593	31.343	14.0	0.8
neg_005166	27.3	tpase_006755	40.678	60.0	0.13
neg_004356	30.4	tpase_001995	33.333	6.0	0.63
neg_020621	26.2	tpase_007098	26.761	67.0	0.43
neg_002700	28.1	tpase_000965	34.328	62.0	0.12
neg_009045	26.6	tpase_000960	55.556	3.0	6.5
neg_002506	30.4	tpase_002271	30.189	4.0	1.1
neg_006844	32.7	tpase_002524	32.787	5.0	0.24
neg_005579	29.6	tpase_002406	32.075	13.0	0.43
neg_004255	29.3	tpase_003220	43.333	6.0	0.79
neg_012927	27.7	tpase_001865	32.609	14.0	1.3
neg_009378	33.5	tpase_006837	26.027	12.0	0.046
neg_016480	26.2	tpase_006590	29.412	11.0	3.9
neg_012706	26.6	tpase_003506	53.571	23.0	0.52
neg_015195	25.0	tpase_003529	25.743	66.0	2.2
neg_011175	27.3	tpase_004579	25.225	33.0	1.5
neg_011215	25.4	tpase_002794	26.415	22.0	4.9
neg_011064	24.3	tpase_006027	30.435	29.0	6.1
neg_006079	25.8	tpase_005758	22.581	22.0	4.0
neg_000778	27.3	tpase_003701	52.174	12.0	0.9
neg_005609	25.8	tpase_006645	31.646	49.0	1.9
neg_002361	26.9	tpase_005493	34.375	8.0	3.6
neg_011186	28.9	tpase_006543	27.941	11.0	0.78
neg_000249	28.1	tpase_002907	29.412	41.0	0.3
neg_008716	25.4	tpase_002741	35.135	29.0	1.6
neg_011842	30.4	tpase_001265	28.571	19.0	0.28
neg_008522	26.6	tpase_000527	42.857	11.0	2.7
neg_004849	31.2	tpase_006342	27.957	19.0	0.19
neg_011544	27.7	tpase_003589	26.374	36.0	0.91
neg_015180	26.9	tpase_006465	25.581	28.0	1.7
neg_007149	27.3	tpase_003527	26.866	12.0	2.6
neg_017602	29.3	tpase_005077	26.0	16.0	0.5
neg_003982	27.3	tpase_000812	22.556	47.0	1.5
neg_021157	26.2	tpase_002296	28.283	24.0	4.3
neg_010242	27.3	tpase_001519	36.538	10.0	4.1
neg_006755	28.9	tpase_006834	34.426	23.0	0.31
neg_005980	27.7	tpase_006454	33.333	15.0	0.47
neg_018010	27.3	tpase_006343	41.176	8.0	2.5
neg_002854	31.6	tpase_000646	41.86	31.0	0.015
neg_018578	28.5	tpase_001292	29.452	31.0	0.85
neg_014378	27.7	tpase_004843	28.125	46.0	0.81
neg_017844	28.1	tpase_004707	32.609	18.0	0.78
neg_015578	27.7	tpase_000965	33.333	13.0	2.4
neg_020746	27.3	tpase_006526	31.915	13.0	2.2
neg_010736	29.6	tpase_002549	32.558	24.0	0.29
neg_017333	34.7	tpase_006699	44.444	33.0	0.000372
neg_014427	34.7	tpase_003078	25.743	32.0	0.009
neg_004426	25.0	tpase_002907	22.951	51.0	1.8
neg_014564	27.3	tpase_005184	26.744	29.0	0.51
neg_016138	25.4	tpase_006410	27.174	25.0	6.5
neg_017514	27.3	tpase_004436	20.635	23.0	2.7
neg_002484	0.0	None	0.0	0.0	999.0
neg_001734	27.3	tpase_006803	31.915	15.0	2.1
neg_014761	25.8	tpase_003906	27.119	24.0	2.9
neg_014629	29.3	tpase_002814	30.357	19.0	0.38
neg_000726	28.5	tpase_002341	21.818	15.0	2.5
neg_016125	29.6	tpase_001982	43.478	7.0	0.35
neg_015007	25.4	tpase_002653	30.851	51.0	2.9
neg_005404	30.8	tpase_000917	31.25	15.0	0.068
neg_009904	23.5	tpase_004212	50.0	16.0	5.3
neg_009990	27.3	tpase_006140	39.286	8.0	2.1
neg_003033	24.6	tpase_000372	28.571	14.0	8.8
neg_005425	25.0	tpase_005001	38.889	39.0	1.2
neg_007603	0.0	None	0.0	0.0	999.0
neg_008323	23.9	tpase_006776	29.545	41.0	4.2
neg_020873	29.6	tpase_005500	22.222	21.0	0.67
neg_000181	26.2	tpase_000742	41.667	19.0	1.8
neg_012659	28.1	tpase_000571	40.0	14.0	0.77
neg_012161	29.6	tpase_001736	32.836	14.0	0.54
neg_001176	25.8	tpase_000982	41.667	18.0	1.6
neg_008829	32.0	tpase_001827	32.5	16.0	0.11
neg_002264	28.5	tpase_004411	39.024	10.0	1.0
neg_005897	25.4	tpase_006515	37.143	21.0	3.0
neg_002379	28.9	tpase_002331	23.457	20.0	0.93
neg_007978	25.8	tpase_002715	27.536	19.0	2.7
neg_007707	31.6	tpase_006648	34.884	15.0	0.075
neg_008128	24.6	tpase_001000	23.611	36.0	5.6
neg_002386	28.5	tpase_003582	25.862	5.0	3.7
neg_020628	30.8	tpase_001709	27.869	12.0	0.28
neg_009772	26.2	tpase_005011	38.889	31.0	0.71
neg_005630	25.4	tpase_006847	30.233	33.0	5.5
neg_014789	26.2	tpase_006427	26.389	45.0	1.1
neg_019183	30.4	tpase_006915	36.17	11.0	0.34
neg_001800	27.7	tpase_001657	34.286	8.0	1.9
neg_017693	26.2	tpase_002740	52.941	6.0	1.2
neg_004132	31.2	tpase_000267	51.613	11.0	0.071
neg_007638	25.0	tpase_006048	39.474	27.0	2.5
neg_015427	29.6	tpase_004887	29.825	14.0	0.47
neg_007821	30.0	tpase_001292	37.209	31.0	0.047
neg_001937	26.9	tpase_000989	34.328	24.0	1.8
neg_019181	28.1	tpase_002118	24.113	34.0	1.4
neg_008942	28.9	tpase_003000	25.714	16.0	0.76
neg_017520	30.4	tpase_001933	34.884	34.0	0.02
neg_000473	28.1	tpase_004353	23.158	60.0	0.36
neg_006772	27.7	tpase_005239	32.308	31.0	0.78
neg_004704	27.3	tpase_006647	35.714	13.0	1.9
neg_017215	28.9	tpase_003744	27.027	22.0	0.72
neg_020849	28.1	tpase_001524	40.278	37.0	0.32
neg_013523	31.6	tpase_005493	28.455	10.0	0.44
neg_018645	28.9	tpase_001022	31.579	13.0	0.48
neg_011650	32.7	tpase_004474	37.879	15.0	0.06
neg_011651	27.7	tpase_001597	30.435	25.0	0.47
neg_006939	29.3	tpase_003866	23.913	88.0	0.09
neg_012806	0.0	None	0.0	0.0	999.0
neg_017427	26.2	tpase_005420	47.826	12.0	1.8
neg_016021	26.2	tpase_002609	25.352	20.0	4.8
neg_014803	30.4	tpase_003377	32.394	11.0	0.44
neg_000768	29.3	tpase_006638	32.432	5.0	2.4
neg_002170	0.0	None	0.0	0.0	999.0
neg_002987	29.6	tpase_000187	33.333	21.0	0.26
neg_012335	27.7	tpase_002289	34.694	33.0	0.29
neg_015480	24.3	tpase_001025	27.711	75.0	2.6
neg_003226	31.6	tpase_000434	24.59	9.0	0.37
neg_006348	25.8	tpase_003876	29.348	57.0	2.1
neg_009133	29.3	tpase_001596	44.444	5.0	0.8
neg_006706	26.9	tpase_000148	27.083	24.0	1.2
neg_011004	24.6	tpase_006986	38.462	47.0	1.2
neg_008402	31.2	tpase_005317	26.154	48.0	0.019
neg_010505	28.1	tpase_005910	27.869	51.0	0.2
neg_016390	27.3	tpase_002605	28.947	17.0	3.2
neg_003781	32.7	tpase_001320	48.387	10.0	0.031
neg_002768	27.3	tpase_002746	38.889	6.0	4.1
neg_016547	28.5	tpase_003097	26.23	32.0	0.85
neg_001216	29.6	tpase_005019	33.898	4.0	1.7
neg_012223	32.3	tpase_001260	33.333	9.0	0.11
neg_005982	29.6	tpase_003541	26.016	24.0	0.45
neg_003609	28.1	tpase_006046	38.095	4.0	3.1
neg_017625	26.6	tpase_003774	43.75	8.0	3.8
neg_013966	30.0	tpase_000898	26.364	9.0	1.0
neg_007766	24.6	tpase_001392	31.325	64.0	2.5
neg_004765	25.8	tpase_003653	35.897	27.0	1.5
neg_014333	24.3	tpase_005139	25.333	68.0	2.5
neg_017630	26.2	tpase_001833	26.0	13.0	4.4
neg_010934	26.2	tpase_001177	34.091	37.0	0.9
neg_005915	25.4	tpase_006515	37.143	21.0	3.0
neg_017704	27.7	tpase_004549	27.778	17.0	1.5
neg_015956	30.8	tpase_003235	32.787	12.0	0.26
neg_001466	24.6	tpase_000985	25.49	19.0	9.2
neg_008659	30.4	tpase_006989	27.068	15.0	0.57
neg_017747	25.0	tpase_000261	31.373	16.0	2.8
neg_000356	26.2	tpase_006482	37.931	12.0	2.9
neg_020142	28.9	tpase_002369	57.143	6.0	0.73
neg_012214	28.5	tpase_003358	23.125	88.0	0.31
neg_008513	28.1	tpase_001618	39.474	12.0	1.1
neg_011169	25.0	tpase_006015	34.783	27.0	3.3
neg_009828	24.6	tpase_001366	38.462	19.0	2.0
neg_006596	25.0	tpase_007108	29.545	47.0	1.2
neg_002989	30.0	tpase_005489	35.897	6.0	0.61
neg_004101	26.2	tpase_002078	33.333	30.0	1.3
neg_005857	26.2	tpase_001177	34.091	37.0	0.9
neg_016213	27.3	tpase_005259	22.222	16.0	2.4
neg_000876	28.9	tpase_005944	24.503	62.0	0.21
neg_008996	31.6	tpase_002160	23.711	11.0	0.32
neg_020021	29.3	tpase_006038	35.417	14.0	0.44
neg_020515	27.3	tpase_000556	29.688	10.0	3.0
neg_013784	27.7	tpase_002121	32.836	28.0	0.93
neg_005678	29.6	tpase_002441	28.169	12.0	0.76
neg_018066	26.2	tpase_004523	40.0	12.0	4.1
neg_014505	26.2	tpase_003096	27.273	15.0	3.4
neg_009673	27.7	tpase_000962	30.0	42.0	0.31
neg_013124	28.5	tpase_004019	39.024	13.0	0.89
neg_019471	26.2	tpase_001210	64.286	2.0	9.5
neg_006872	28.9	tpase_005693	28.07	24.0	0.37
neg_012616	26.9	tpase_002407	26.087	26.0	1.8
neg_019479	27.7	tpase_004243	23.364	25.0	1.8
neg_009359	26.2	tpase_007042	33.333	41.0	0.91
neg_020013	29.3	tpase_007024	29.032	12.0	0.37
neg_010414	27.7	tpase_006828	36.364	6.0	3.0
neg_011061	29.6	tpase_000736	32.203	33.0	0.1
neg_001664	27.3	tpase_002041	30.0	47.0	0.74
neg_009061	29.6	tpase_003522	34.118	7.0	1.3
neg_014361	27.7	tpase_006529	35.135	13.0	1.1
neg_005871	33.1	tpase_002835	29.31	42.0	0.005
neg_011216	32.0	tpase_001311	26.415	29.0	0.064
neg_004986	31.6	tpase_002737	41.026	3.0	0.5
neg_004312	28.1	tpase_005368	26.923	30.0	0.36
neg_000208	25.8	tpase_000390	31.429	18.0	5.4
neg_020462	0.0	None	0.0	0.0	999.0
neg_005333	28.1	tpase_002615	31.707	17.0	0.68
neg_020758	37.4	tpase_006746	35.135	14.0	0.001
neg_010862	35.0	tpase_006107	27.957	35.0	0.005
neg_006697	27.3	tpase_006051	30.769	32.0	0.56
neg_008428	29.6	tpase_003271	31.481	23.0	0.23
neg_002194	24.6	tpase_004171	29.091	22.0	8.2
neg_003574	30.4	tpase_004440	33.333	7.0	0.39
neg_015812	28.1	tpase_005335	25.926	13.0	1.3
neg_020075	28.5	tpase_001206	30.952	16.0	0.17
neg_014927	30.4	tpase_006697	31.667	11.0	0.31
neg_017140	29.6	tpase_002714	25.676	17.0	0.46
neg_012435	27.7	tpase_002212	30.357	24.0	0.98
neg_006428	27.7	tpase_001192	31.373	10.0	2.4
neg_002186	25.0	tpase_006840	39.286	15.0	3.6
neg_015528	27.7	tpase_002482	26.786	13.0	0.93
neg_016029	29.6	tpase_003992	48.0	6.0	0.58
neg_014341	30.8	tpase_003886	25.743	55.0	0.059
neg_018093	27.3	tpase_006699	31.765	17.0	2.7
neg_000402	31.6	tpase_001313	25.893	22.0	0.15
neg_016899	26.9	tpase_005618	34.091	14.0	2.4
neg_020365	27.7	tpase_000680	35.714	12.0	1.4
neg_013928	25.0	tpase_002803	22.807	28.0	5.5
neg_003040	29.6	tpase_005196	40.0	6.0	0.64
neg_020975	26.9	tpase_005693	33.333	11.0	2.5
neg_007034	25.8	tpase_001008	43.478	14.0	1.9
neg_018479	27.3	tpase_000846	37.143	7.0	2.2
neg_005456	27.7	tpase_003267	32.075	24.0	0.77
neg_007160	26.2	tpase_003523	38.235	22.0	1.2
neg_003682	31.6	tpase_001790	27.184	7.0	0.45
neg_008833	25.8	tpase_003370	32.558	7.0	5.4
neg_020879	27.7	tpase_003220	29.787	22.0	0.7
neg_015279	28.1	tpase_002614	36.667	25.0	0.18
neg_012131	31.2	tpase_005882	22.131	22.0	0.2
neg_002721	25.8	tpase_005890	32.895	14.0	2.5
neg_016631	25.8	tpase_006840	40.541	10.0	6.3
neg_001024	28.5	tpase_005493	37.5	8.0	0.94
neg_013502	28.5	tpase_001683	32.5	10.0	1.0
neg_006086	0.0	None	0.0	0.0	999.0
neg_020346	26.6	tpase_002958	25.0	13.0	5.4
neg_016609	32.0	tpase_004900	29.73	21.0	0.07
neg_008135	30.0	tpase_004340	29.231	8.0	0.81
neg_008808	36.6	tpase_002353	34.831	41.0	0.000576
neg_019475	28.9	tpase_001589	42.5	12.0	0.64
neg_005923	26.2	tpase_004761	36.585	13.0	4.6
neg_017859	28.5	tpase_003719	44.444	11.0	1.1
neg_008644	27.3	tpase_006879	41.176	22.0	0.63
neg_019984	28.5	tpase_003056	30.588	35.0	0.43
neg_011341	26.6	tpase_006109	31.373	16.0	3.3
neg_008577	27.3	tpase_003629	32.203	25.0	1.0
neg_012016	25.4	tpase_002434	34.375	20.0	2.6
neg_006384	27.7	tpase_001596	31.915	7.0	2.6
neg_010885	25.0	tpase_002247	32.609	29.0	3.1
neg_003685	26.9	tpase_004518	35.135	19.0	0.86
neg_006949	29.3	tpase_006026	40.0	11.0	0.1
neg_016206	26.9	tpase_002890	35.294	11.0	2.0
neg_012610	28.1	tpase_005928	32.653	22.0	0.55
neg_020571	25.4	tpase_002629	33.333	20.0	2.3
neg_007232	27.3	tpase_006086	28.947	12.0	2.1
neg_010516	28.5	tpase_000528	47.5	24.0	0.1
neg_020908	25.8	tpase_004436	35.897	11.0	6.0
neg_012725	24.6	tpase_006785	50.0	8.0	6.8
neg_012402	27.3	tpase_007006	29.213	36.0	1.1
neg_019020	29.6	tpase_002660	34.211	11.0	0.36
neg_005932	31.2	tpase_002526	22.642	40.0	0.08
neg_014592	25.4	tpase_002705	27.778	24.0	6.1
neg_008439	28.1	tpase_005212	23.301	17.0	1.5
neg_001810	27.7	tpase_001068	33.333	8.0	3.2
neg_016939	29.6	tpase_001573	34.545	19.0	0.24
neg_002882	26.6	tpase_004562	31.25	26.0	1.1
neg_018908	28.9	tpase_006346	61.905	4.0	0.98
neg_001134	28.5	tpase_002850	35.417	12.0	1.2
neg_007021	25.8	tpase_000081	50.0	9.0	4.0
neg_020631	31.2	tpase_001984	26.923	12.0	0.17
neg_020077	28.1	tpase_001722	26.389	15.0	1.8
neg_010555	23.9	tpase_000155	30.769	55.0	5.3
neg_019528	0.0	None	0.0	0.0	999.0
neg_012080	26.9	tpase_006355	46.429	19.0	0.66
neg_018837	29.3	tpase_002571	31.915	13.0	0.47
neg_003522	26.6	tpase_006059	36.364	45.0	0.35
neg_018331	26.6	tpase_004003	39.286	9.0	3.6
neg_000336	25.0	tpase_003649	50.0	15.0	3.8
neg_006945	24.3	tpase_003884	23.529	42.0	3.1
neg_018275	28.1	tpase_000519	34.921	11.0	2.0
neg_014398	25.4	tpase_005364	27.957	47.0	3.0
neg_017529	22.7	tpase_005708	42.857	26.0	4.7
neg_010338	26.2	tpase_004487	25.333	43.0	1.3
neg_006978	27.7	tpase_005931	26.374	44.0	0.63
neg_019256	27.3	tpase_002324	30.12	50.0	0.56
neg_010739	25.0	tpase_002441	44.828	13.0	6.0
neg_016257	30.8	tpase_005313	35.135	10.0	0.063
neg_000148	28.5	tpase_004199	31.429	5.0	1.8
neg_003526	0.0	None	0.0	0.0	999.0
neg_006385	28.9	tpase_006094	38.71	12.0	0.4
neg_003969	26.2	tpase_001539	31.034	33.0	1.5
neg_013455	26.2	tpase_003841	34.328	43.0	1.4
neg_001850	28.1	tpase_000317	27.885	34.0	0.79
neg_001905	26.9	tpase_003003	32.558	22.0	1.1
neg_020311	25.4	tpase_005339	31.111	20.0	1.4
neg_009057	30.8	tpase_004742	29.63	9.0	0.38
neg_005273	26.2	tpase_003685	20.455	51.0	1.5
neg_013697	27.3	tpase_005870	33.333	23.0	0.34
neg_011876	27.7	tpase_003829	36.735	22.0	0.7
neg_005219	25.0	tpase_004496	37.037	12.0	6.9
neg_017649	28.1	tpase_006717	23.529	25.0	1.1
neg_018594	30.4	tpase_003918	30.556	10.0	0.2
neg_010867	32.0	tpase_006162	31.507	6.0	0.38
neg_019353	25.8	tpase_007027	30.0	14.0	4.2
neg_005346	25.0	tpase_004624	31.343	22.0	8.4
neg_010914	28.9	tpase_003196	29.032	30.0	0.26
neg_019730	32.3	tpase_006357	37.705	13.0	0.026
neg_008769	23.9	tpase_000330	30.0	44.0	3.6
neg_012703	25.4	tpase_000172	34.0	26.0	1.9
neg_017421	27.3	tpase_006109	27.451	13.0	1.9
neg_009889	28.9	tpase_002640	36.17	8.0	1.2
neg_000675	26.6	tpase_002925	25.0	51.0	1.6
neg_014861	26.2	tpase_000191	27.66	9.0	2.3
neg_011742	26.2	tpase_000330	35.556	25.0	1.8
neg_018294	28.5	tpase_001484	26.562	67.0	0.28
neg_020379	24.6	tpase_006233	35.0	8.0	7.1
neg_016036	25.8	tpase_004796	30.769	17.0	2.4
neg_012137	27.7	tpase_001864	47.826	4.0	3.0
neg_013280	26.6	tpase_003654	50.0	15.0	1.3
neg_006847	29.6	tpase_003589	48.0	11.0	0.23
neg_008492	30.4	tpase_004335	33.333	25.0	0.2
neg_014069	23.9	tpase_003895	57.143	9.0	8.6
neg_008931	24.3	tpase_003307	28.571	36.0	8.0
neg_017073	28.5	tpase_002787	54.545	5.0	1.1
neg_010407	32.3	tpase_006585	30.952	9.0	0.1
neg_021050	28.9	tpase_005570	28.571	16.0	1.2
neg_007142	27.3	tpase_006951	29.333	26.0	1.4
neg_004967	30.0	tpase_005775	31.373	10.0	0.42
neg_018759	30.0	tpase_001502	26.316	17.0	0.38
neg_017439	27.3	tpase_002612	19.786	35.0	2.9
neg_008680	29.6	tpase_004399	26.087	13.0	0.66
neg_001553	28.1	tpase_005813	28.169	24.0	0.85
neg_018383	28.1	tpase_004984	23.611	14.0	1.7
neg_005832	29.6	tpase_005924	28.571	11.0	0.38
neg_006200	27.7	tpase_002042	41.935	27.0	0.22
neg_000818	28.5	tpase_004429	28.571	41.0	0.54
neg_015704	26.9	tpase_001518	31.148	22.0	2.2
neg_013177	27.3	tpase_002444	32.0	27.0	0.74
neg_016816	28.1	tpase_002912	28.395	27.0	1.0
neg_002990	32.3	tpase_005845	33.333	9.0	0.091
neg_015147	26.2	tpase_006552	34.286	11.0	1.6
neg_008544	24.6	tpase_003744	45.833	19.0	2.7
neg_000837	27.3	tpase_005406	23.469	34.0	1.5
neg_000039	29.6	tpase_004617	32.308	22.0	0.27
neg_014985	25.0	tpase_006590	31.25	10.0	8.6
neg_015289	28.1	tpase_000593	37.931	6.0	1.9
neg_004981	27.3	tpase_007006	29.213	36.0	1.1
neg_010941	33.9	tpase_002348	42.5	4.0	0.065
neg_018064	26.9	tpase_005337	40.0	9.0	2.5
neg_007666	26.2	tpase_002061	32.99	69.0	1.1
neg_011724	26.2	tpase_006702	31.707	28.0	1.3
neg_000329	29.6	tpase_002041	37.209	10.0	0.54
neg_007215	32.0	tpase_005170	25.253	13.0	0.18
neg_010437	28.1	tpase_006681	27.731	57.0	0.46
neg_019196	28.5	tpase_005818	21.569	36.0	0.59
neg_020945	30.4	tpase_000842	45.455	10.0	0.2
neg_017889	24.3	tpase_001864	30.556	23.0	5.9
neg_010996	32.3	tpase_002729	27.273	11.0	0.15
neg_007796	0.0	None	0.0	0.0	999.0
neg_004603	26.9	tpase_001075	39.394	14.0	0.63
neg_001052	28.9	tpase_002503	42.553	15.0	0.54
neg_003611	29.3	tpase_002246	31.746	6.0	1.9
neg_011145	29.3	tpase_003587	24.59	31.0	0.19
neg_007394	26.9	tpase_002118	42.857	11.0	1.5
neg_017302	28.1	tpase_003269	33.333	13.0	1.6
neg_020666	28.5	tpase_002744	45.652	10.0	1.3
neg_019747	27.3	tpase_000590	25.0	20.0	3.5
neg_017996	25.8	tpase_004397	32.143	7.0	7.0
neg_009079	26.9	tpase_005200	33.333	30.0	0.62
neg_001938	27.7	tpase_006584	28.395	38.0	0.49
neg_004322	25.8	tpase_004297	32.353	43.0	1.9
neg_020788	31.2	tpase_005375	32.812	18.0	0.12
neg_015591	28.1	tpase_007053	25.954	37.0	0.96
neg_000095	27.3	tpase_000054	35.556	15.0	1.1
neg_003796	23.9	tpase_000166	25.714	33.0	8.9
neg_019850	30.8	tpase_004683	31.25	16.0	0.15
neg_008000	25.8	tpase_001465	31.507	30.0	3.6
neg_012834	28.1	tpase_004926	27.692	7.0	3.5
neg_001838	26.2	tpase_003973	33.333	40.0	1.1
neg_006512	30.4	tpase_000088	24.742	38.0	0.15
neg_017954	26.9	tpase_005737	28.972	31.0	2.7
neg_006972	27.7	tpase_000166	28.704	40.0	0.95
neg_013150	25.8	tpase_006849	30.303	41.0	0.84
neg_014519	25.4	tpase_003534	29.851	31.0	1.9
neg_014580	24.6	tpase_004627	32.258	52.0	4.1
neg_010949	30.0	tpase_006127	28.09	7.0	1.4
neg_010096	29.6	tpase_002114	26.027	14.0	0.56
neg_006128	30.4	tpase_003691	31.579	23.0	0.14
neg_013715	0.0	None	0.0	0.0	999.0
neg_006998	29.3	tpase_003211	26.744	18.0	0.66
neg_014688	28.9	tpase_006889	33.803	14.0	1.1
neg_009652	25.8	tpase_000107	33.333	30.0	1.7
neg_010226	27.7	tpase_006432	33.333	9.0	3.2
neg_004878	28.9	tpase_002722	35.484	9.0	1.9
neg_001567	27.7	tpase_001838	28.571	8.0	2.0
neg_018935	27.3	tpase_000522	36.364	13.0	2.6
neg_008459	32.0	tpase_006664	21.656	48.0	0.062
neg_020573	26.9	tpase_001832	26.562	18.0	2.7
neg_012468	27.7	tpase_002823	30.645	7.0	4.2
neg_010457	29.3	tpase_005277	25.424	37.0	0.11
neg_014233	26.2	tpase_003523	38.235	22.0	1.2
neg_020435	31.2	tpase_002408	30.435	19.0	0.13
neg_013484	25.0	tpase_002883	25.641	25.0	8.9
neg_008923	25.8	tpase_000805	34.043	19.0	4.2
neg_014380	30.8	tpase_003137	34.615	26.0	0.062
neg_008750	28.9	tpase_000561	31.818	13.0	1.1
neg_016346	29.3	tpase_004095	25.316	24.0	0.44
neg_005578	33.9	tpase_000766	26.452	27.0	0.029
neg_012474	27.3	tpase_007066	32.143	35.0	0.35
neg_011686	27.3	tpase_003535	21.359	37.0	1.3
neg_016743	23.9	tpase_001285	40.541	19.0	9.3
neg_019025	28.5	tpase_002803	25.385	50.0	0.61
neg_004164	30.0	tpase_004148	21.667	41.0	0.22
neg_016271	27.3	tpase_004896	31.507	22.0	1.4
neg_000903	30.8	tpase_001839	31.25	8.0	0.4
neg_008363	29.6	tpase_002702	23.256	8.0	1.2
neg_009517	0.0	None	0.0	0.0	999.0
neg_007931	30.4	tpase_001145	37.037	27.0	0.078
neg_016634	26.2	tpase_002127	30.189	18.0	3.5
neg_019227	25.0	tpase_003981	32.143	26.0	1.5
neg_020699	24.3	tpase_002562	32.5	34.0	3.7
neg_004640	34.3	tpase_002440	27.586	52.0	0.009
neg_010673	27.3	tpase_006259	33.333	20.0	0.79
neg_001333	27.7	tpase_004595	28.571	21.0	2.0
neg_007249	27.3	tpase_006855	32.836	42.0	0.55
neg_008748	0.0	None	0.0	0.0	999.0
neg_004089	32.0	tpase_001418	29.897	33.0	0.057
neg_013249	26.2	tpase_001177	34.091	37.0	0.9
neg_014203	27.7	tpase_000927	40.741	9.0	0.82
neg_019812	28.5	tpase_001017	45.161	7.0	1.1
neg_018422	33.1	tpase_004235	23.077	40.0	0.028
neg_004769	29.3	tpase_001534	24.39	34.0	0.29
neg_013085	25.8	tpase_005722	42.857	19.0	1.7
neg_017778	0.0	None	0.0	0.0	999.0
neg_019637	27.7	tpase_006520	36.207	15.0	1.7
neg_009667	25.8	tpase_001177	26.316	53.0	2.3
neg_017237	30.4	tpase_004517	35.294	13.0	0.24
neg_007098	28.1	tpase_002445	30.508	17.0	1.3
neg_001886	28.5	tpase_003830	25.275	19.0	1.4
neg_008766	25.4	tpase_001144	27.473	74.0	1.1
neg_014921	27.3	tpase_003992	27.397	14.0	3.6
neg_013543	30.4	tpase_002102	46.429	9.0	0.18
neg_013334	26.2	tpase_005011	28.788	22.0	3.3
neg_014035	26.2	tpase_001089	27.632	22.0	1.7
neg_012307	27.7	tpase_001325	33.333	23.0	0.59
neg_011515	26.9	tpase_003124	35.135	26.0	0.62
neg_002298	25.0	tpase_006550	26.667	35.0	2.5
neg_014702	30.8	tpase_004810	30.769	6.0	0.54
neg_003823	25.8	tpase_006227	26.531	12.0	6.4
neg_013011	27.7	tpase_000265	26.786	23.0	0.64
neg_004151	32.3	tpase_002550	26.882	14.0	0.087
neg_003065	26.2	tpase_005768	36.957	25.0	1.0
neg_015508	24.6	tpase_006593	26.667	22.0	3.9
neg_004625	27.7	tpase_001864	50.0	12.0	0.77
neg_004084	25.8	tpase_001170	42.308	7.0	3.1
neg_015090	27.7	tpase_004520	33.333	24.0	1.2
neg_016023	28.1	tpase_002331	27.711	16.0	2.0
neg_015231	26.6	tpase_001534	33.333	17.0	3.3
neg_008765	23.9	tpase_005102	33.333	20.0	2.9
neg_013638	32.3	tpase_001948	27.869	19.0	0.038
neg_018103	27.3	tpase_002613	29.73	18.0	0.8
neg_002578	29.3	tpase_005665	30.0	13.0	0.59
neg_012789	29.3	tpase_006610	26.966	13.0	1.1
neg_013557	25.4	tpase_003582	35.593	60.0	1.0
neg_011414	30.8	tpase_001437	32.075	19.0	0.12
neg_011407	0.0	None	0.0	0.0	999.0
neg_006429	24.3	tpase_003702	30.556	21.0	6.2
neg_009358	28.1	tpase_005374	20.779	25.0	1.0
neg_003474	29.6	tpase_000128	27.848	20.0	0.5
neg_019485	28.9	tpase_006440	26.506	20.0	0.79
neg_009745	28.5	tpase_006350	29.268	18.0	0.42
neg_006088	29.3	tpase_006011	32.184	35.0	0.3
neg_007004	25.8	tpase_000749	27.586	45.0	2.1
neg_001227	27.3	tpase_005929	48.0	14.0	0.86
neg_013012	24.6	tpase_003434	28.889	19.0	8.3
neg_012564	30.8	tpase_005344	28.467	35.0	0.12
neg_008542	27.7	tpase_001061	26.667	21.0	1.1
neg_003345	33.1	tpase_003955	26.636	46.0	0.046
neg_008717	26.2	tpase_003682	52.174	12.0	1.9
neg_013656	27.7	tpase_003375	30.137	46.0	0.34
neg_016425	30.0	tpase_004247	39.535	11.0	0.24
neg_015526	26.2	tpase_003747	33.333	26.0	1.3
neg_003857	27.3	tpase_003017	35.714	21.0	1.4
neg_011369	27.7	tpase_003031	38.462	23.0	0.43
neg_013519	30.4	tpase_003752	28.814	12.0	0.33
neg_008737	30.4	tpase_002370	37.778	20.0	0.11
neg_016117	28.1	tpase_005315	48.276	7.0	1.3
neg_016457	27.7	tpase_002864	31.683	26.0	1.5
neg_002921	25.4	tpase_003211	18.519	45.0	4.4
neg_018096	27.7	tpase_002119	26.667	14.0	2.0
neg_007888	30.8	tpase_000190	52.0	10.0	0.11
neg_000163	28.9	tpase_005270	39.024	8.0	1.1
neg_014866	29.6	tpase_006192	30.357	12.0	0.45
neg_000218	26.9	tpase_003219	39.474	28.0	0.63
neg_008173	0.0	None	0.0	0.0	999.0
neg_007527	25.4	tpase_006515	37.143	21.0	3.0
neg_000261	28.9	tpase_004892	33.333	3.0	2.7
neg_020886	25.8	tpase_006903	60.0	4.0	6.4
neg_015605	27.3	tpase_003032	28.409	31.0	1.3
neg_005890	25.8	tpase_000805	34.043	19.0	4.2
neg_003041	30.8	tpase_003886	27.523	36.0	0.12
neg_005117	26.2	tpase_000805	34.043	20.0	2.8
neg_008308	25.4	tpase_004625	26.027	47.0	2.5
neg_009966	27.7	tpase_002919	27.778	23.0	0.42
neg_011994	30.4	tpase_006302	23.179	14.0	0.75
neg_013470	26.2	tpase_002904	21.101	45.0	2.1
neg_014915	26.6	tpase_001714	32.394	11.0	5.7
neg_007057	31.2	tpase_006261	31.915	21.0	0.063
neg_001345	26.2	tpase_006482	37.931	12.0	3.1
neg_019473	28.9	tpase_003846	24.691	49.0	0.2
neg_019815	27.3	tpase_006062	46.667	10.0	1.7
neg_007298	26.2	tpase_001877	39.394	19.0	1.6
neg_011684	25.0	tpase_002441	44.828	13.0	6.3
neg_006686	27.7	tpase_001317	28.788	22.0	1.2
neg_003890	29.3	tpase_004353	24.324	47.0	0.15
neg_009304	27.3	tpase_005333	38.636	17.0	1.1
neg_014572	32.0	tpase_002992	30.769	16.0	0.025
neg_016016	28.5	tpase_001703	35.294	9.0	0.84
neg_002900	25.0	tpase_001828	50.0	14.0	3.8
neg_017967	28.1	tpase_003998	27.143	13.0	1.8
neg_012972	27.7	tpase_002771	25.926	10.0	2.0
neg_003205	27.3	tpase_005958	21.538	15.0	5.0
neg_007865	26.2	tpase_001986	24.096	35.0	2.8
neg_010140	25.4	tpase_003507	26.984	33.0	2.6
neg_006206	31.2	tpase_002399	29.412	16.0	0.1
neg_014906	29.6	tpase_001261	35.088	14.0	0.38
neg_018504	34.7	tpase_002831	31.944	17.0	0.01
neg_018700	28.5	tpase_004742	26.415	13.0	1.1
neg_012718	28.9	tpase_001622	35.556	18.0	0.35
neg_001649	29.3	tpase_001519	44.118	7.0	0.89
neg_015832	30.4	tpase_002721	39.024	8.0	0.26
neg_018092	27.7	tpase_001381	28.947	23.0	1.5
neg_018717	28.1	tpase_005526	34.694	17.0	0.83
neg_021070	27.7	tpase_001179	37.5	12.0	0.92
neg_004051	29.3	tpase_006646	46.667	6.0	0.77
neg_009771	25.0	tpase_003938	29.412	31.0	3.5
neg_006407	27.7	tpase_000751	31.507	59.0	0.25
neg_009251	26.9	tpase_005394	32.353	46.0	0.54
neg_020545	31.6	tpase_000851	25.472	24.0	0.13
neg_003437	27.3	tpase_006615	46.154	10.0	1.4
neg_006582	27.3	tpase_006415	26.984	14.0	2.6
neg_002672	26.9	tpase_005775	30.769	13.0	1.9
neg_008003	27.7	tpase_006107	24.731	45.0	0.73
neg_013493	28.5	tpase_002272	30.909	22.0	0.65
neg_014490	27.7	tpase_006344	29.032	9.0	3.2
neg_009925	30.8	tpase_000532	37.5	5.0	0.42
neg_005713	35.4	tpase_002019	25.131	21.0	0.018
neg_020721	26.2	tpase_006367	38.462	5.0	7.6
neg_014964	26.6	tpase_003472	34.286	8.0	2.2
neg_006712	25.4	tpase_005452	29.091	32.0	2.4
neg_017744	29.3	tpase_003771	28.571	56.0	0.11
neg_000542	29.6	tpase_001069	39.394	23.0	0.083
neg_019208	27.3	tpase_003766	21.769	44.0	1.8
neg_007302	23.9	tpase_005277	30.303	21.0	5.7
neg_011496	26.9	tpase_002674	38.462	19.0	1.6
neg_011655	30.8	tpase_000882	25.217	39.0	0.14
neg_007705	29.6	tpase_001498	25.0	76.0	0.042
neg_018742	25.8	tpase_000867	26.087	11.0	7.3
neg_005725	25.4	tpase_002889	36.0	18.0	5.2
neg_001229	31.6	tpase_001790	27.184	7.0	0.45
neg_006809	25.0	tpase_004963	26.316	27.0	2.8
neg_017289	0.0	None	0.0	0.0	999.0
neg_018769	26.9	tpase_005169	34.615	9.0	1.8
neg_000536	27.3	tpase_001657	28.571	17.0	1.9
neg_008848	28.5	tpase_001317	41.379	6.0	1.5
neg_010741	25.8	tpase_006753	34.375	27.0	1.0
neg_003752	25.4	tpase_003797	33.333	32.0	1.8
neg_019054	27.3	tpase_005711	30.159	21.0	1.5
neg_013330	28.9	tpase_005909	45.455	20.0	0.18
neg_010125	29.6	tpase_001807	30.303	6.0	1.6
neg_003477	26.9	tpase_000054	41.667	13.0	1.7
neg_018640	30.4	tpase_002735	35.211	18.0	0.24
neg_020680	33.1	tpase_001058	23.529	22.0	0.028
neg_002373	27.7	tpase_001302	27.027	6.0	7.7
neg_008461	27.7	tpase_002834	26.984	24.0	0.7
neg_005481	28.9	tpase_000650	36.364	14.0	0.4
neg_020569	28.5	tpase_001837	27.0	40.0	0.32
neg_011613	27.3	tpase_000226	34.426	24.0	1.4
neg_002628	34.3	tpase_001838	36.17	9.0	0.018
neg_002279	26.2	tpase_005972	26.087	11.0	6.2
neg_020309	26.2	tpase_002977	41.176	38.0	0.38
neg_001795	25.0	tpase_003895	25.974	68.0	0.98
neg_001296	29.3	tpase_002438	21.769	21.0	1.1
neg_016662	30.0	tpase_006797	46.429	6.0	0.56
neg_015280	26.9	tpase_003190	24.691	48.0	0.89
neg_011986	27.7	tpase_002715	34.211	4.0	1.7
neg_007685	25.8	tpase_004595	31.034	18.0	2.1
neg_001169	25.0	tpase_004085	28.814	18.0	9.5
neg_018690	29.6	tpase_002169	23.529	32.0	0.51
neg_019539	33.5	tpase_004171	25.0	34.0	0.008
neg_012267	25.0	tpase_002381	35.714	61.0	2.2
neg_005281	25.4	tpase_005870	30.769	24.0	1.3
neg_019039	25.4	tpase_002305	31.579	11.0	7.4
neg_015595	27.3	tpase_000736	28.261	11.0	3.0
neg_014374	0.0	None	0.0	0.0	999.0
neg_014518	28.1	tpase_006304	26.531	26.0	1.1
neg_000298	30.4	tpase_006638	26.667	12.0	1.1
neg_010569	27.3	tpase_003896	21.168	48.0	1.4
neg_006441	26.6	tpase_002352	36.111	16.0	2.3
neg_009474	28.5	tpase_005931	28.431	32.0	0.68
neg_019769	27.7	tpase_006642	33.333	16.0	1.1
neg_010301	33.5	tpase_001192	33.333	6.0	0.089
neg_007677	27.3	tpase_001508	61.111	15.0	0.29
neg_009839	26.2	tpase_003522	32.5	28.0	1.0
neg_000087	32.3	tpase_002550	26.882	14.0	0.091
neg_001733	28.5	tpase_003003	26.531	33.0	1.0
neg_016658	26.6	tpase_002380	57.895	5.0	4.7
neg_002993	25.8	tpase_006615	42.308	10.0	3.6
neg_002332	28.1	tpase_003071	31.373	15.0	0.89
neg_016327	24.6	tpase_002673	29.73	41.0	1.5
neg_014617	26.6	tpase_000717	76.923	2.0	2.6
neg_012704	27.3	tpase_006867	25.217	48.0	1.3
neg_000713	31.2	tpase_001587	25.843	6.0	0.6
neg_008391	26.2	tpase_005214	40.0	16.0	2.0
neg_004090	26.9	tpase_006204	45.833	26.0	0.23
neg_017797	28.1	tpase_002676	28.302	9.0	2.4
neg_012605	28.5	tpase_006803	28.125	62.0	0.081
neg_010271	32.0	tpase_004381	22.314	39.0	0.05
neg_011970	26.6	tpase_003243	33.333	70.0	0.33
neg_000285	26.9	tpase_006852	21.739	24.0	0.97
neg_002736	26.2	tpase_005110	30.233	21.0	2.4
neg_014937	30.0	tpase_002706	35.211	16.0	0.39
neg_005436	31.6	tpase_001136	26.506	55.0	0.021
neg_017240	28.9	tpase_001894	50.0	5.0	0.79
neg_011841	28.5	tpase_005732	29.851	7.0	2.5
neg_019176	23.9	tpase_003669	40.0	32.0	2.9
neg_013955	25.8	tpase_005529	34.286	23.0	1.8
neg_008303	26.9	tpase_001200	35.135	14.0	1.8
neg_020843	28.1	tpase_006818	22.609	24.0	1.5
neg_018907	28.9	tpase_003193	21.429	20.0	1.1
neg_017342	28.9	tpase_002624	23.077	29.0	0.27
neg_020410	29.3	tpase_002777	25.424	16.0	0.57
neg_001643	30.0	tpase_001079	33.333	19.0	0.22
neg_006402	25.0	tpase_005082	38.095	42.0	1.2
neg_015727	26.2	tpase_005898	44.828	7.0	2.3
neg_002444	26.2	tpase_006482	37.931	12.0	2.8
neg_006436	28.5	tpase_002381	34.375	12.0	1.2
neg_007164	24.6	tpase_005137	31.169	46.0	4.0
neg_020005	27.7	tpase_001188	25.581	21.0	0.75
neg_008584	28.9	tpase_001537	29.091	17.0	0.55
neg_013057	27.3	tpase_001501	45.161	18.0	0.82
neg_002724	34.3	tpase_003101	30.682	18.0	0.02
neg_008548	27.3	tpase_000258	32.692	37.0	0.35
neg_004747	30.0	tpase_007021	29.787	10.0	0.33
neg_005532	29.6	tpase_002441	27.619	16.0	0.89
neg_017067	30.8	tpase_002118	24.138	11.0	0.31
neg_015619	27.3	tpase_003946	24.691	20.0	2.2
neg_012053	26.2	tpase_006061	27.419	26.0	3.0
neg_012495	0.0	None	0.0	0.0	999.0
neg_008490	32.0	tpase_002781	29.293	11.0	0.22
neg_020552	29.6	tpase_005068	30.233	10.0	0.46
neg_007419	26.6	tpase_002400	26.415	34.0	1.1
neg_001717	26.9	tpase_000724	23.469	33.0	1.8
neg_019226	30.0	tpase_003308	29.545	9.0	0.12
neg_019370	28.5	tpase_004632	24.37	26.0	1.1
neg_002087	31.6	tpase_003271	32.258	15.0	0.11
neg_010028	27.7	tpase_000072	36.667	10.0	0.33
neg_013964	32.7	tpase_003078	25.743	32.0	0.039
neg_009646	28.9	tpase_002665	35.714	66.0	0.036
neg_007884	27.3	tpase_000283	32.353	7.0	3.1
neg_020601	26.9	tpase_004883	39.474	22.0	0.88
neg_001171	29.6	tpase_001838	31.915	9.0	0.53
neg_002294	26.9	tpase_002073	27.273	44.0	0.91
neg_005759	29.6	tpase_004522	35.938	35.0	0.13
neg_002718	29.6	tpase_001415	26.471	21.0	0.4
neg_001764	25.0	tpase_006011	21.569	32.0	3.9
neg_005938	25.4	tpase_004205	42.424	13.0	5.5
neg_018247	29.3	tpase_006465	21.481	29.0	0.53
neg_005875	26.9	tpase_005380	33.766	43.0	0.55
neg_004871	25.8	tpase_001857	29.63	34.0	1.7
neg_010054	30.0	tpase_006058	57.692	8.0	0.26
neg_020703	28.9	tpase_003906	31.373	9.0	1.1
neg_003795	28.9	tpase_005122	36.0	6.0	1.4
neg_010217	27.7	tpase_005973	27.027	15.0	2.6
neg_002203	29.6	tpase_002714	27.473	6.0	2.1
neg_003782	28.5	tpase_004225	26.966	33.0	0.55
neg_004512	25.8	tpase_006464	38.462	4.0	9.6
neg_011456	25.4	tpase_001909	36.17	19.0	4.8
neg_019224	28.9	tpase_005960	48.718	11.0	0.72
neg_020510	27.3	tpase_003270	25.0	19.0	2.3
neg_009579	26.9	tpase_000035	35.417	31.0	0.42
neg_012145	28.5	tpase_002379	28.571	16.0	1.1
neg_013382	28.1	tpase_000203	30.667	45.0	0.24
neg_004200	35.0	tpase_001239	28.889	31.0	0.004
neg_000828	32.0	tpase_002676	25.287	13.0	0.14
neg_019875	28.9	tpase_000553	31.0	19.0	0.82
neg_003127	26.2	tpase_002669	47.826	5.0	7.3
neg_016186	26.6	tpase_000918	20.69	17.0	2.3
neg_012820	29.3	tpase_006817	20.87	29.0	0.54
neg_013282	27.3	tpase_006785	32.759	40.0	0.42
neg_008929	23.9	tpase_000521	32.609	28.0	8.0
neg_017640	26.2	tpase_005273	22.222	15.0	4.7
neg_002693	36.6	tpase_004256	29.825	23.0	0.004
neg_020308	27.7	tpase_000788	33.962	16.0	1.6
neg_014141	25.8	tpase_004642	46.154	5.0	3.6
neg_007942	26.2	tpase_007083	34.694	58.0	0.31
neg_014308	25.0	tpase_003833	33.333	25.0	3.7
neg_000921	26.9	tpase_006044	28.947	19.0	0.92
neg_010940	31.6	tpase_003407	27.368	21.0	0.13
neg_000250	0.0	None	0.0	0.0	999.0
neg_016688	33.1	tpase_003701	30.0	17.0	0.041
neg_002966	27.3	tpase_003701	52.174	12.0	0.9
neg_008182	29.6	tpase_006046	24.444	10.0	0.34
neg_016705	25.0	tpase_000571	30.233	18.0	6.7
neg_012571	28.9	tpase_004162	23.214	25.0	0.34
neg_007454	26.9	tpase_002407	26.087	26.0	1.8
neg_001638	28.9	tpase_004199	25.225	12.0	1.7
neg_011617	23.1	tpase_005882	42.857	32.0	7.3
neg_007445	32.3	tpase_005492	28.455	10.0	0.24
neg_019690	28.5	tpase_001865	29.545	13.0	0.75
neg_013876	27.3	tpase_001864	36.538	19.0	1.3
neg_020564	25.8	tpase_005343	35.088	10.0	10.0
neg_012654	25.0	tpase_006066	30.769	18.0	6.1
neg_008563	26.9	tpase_005078	24.771	24.0	3.3
neg_004445	28.1	tpase_002919	33.333	21.0	0.32
neg_006336	29.6	tpase_003553	30.189	7.0	0.66
neg_015914	27.7	tpase_001706	19.767	15.0	1.9
neg_017874	29.6	tpase_004622	22.857	78.0	0.057
neg_006254	28.1	tpase_004476	29.577	21.0	0.93
neg_012482	28.5	tpase_005826	24.286	21.0	0.93
neg_005031	30.0	tpase_006402	31.25	6.0	1.1
neg_010991	29.3	tpase_002508	27.273	5.0	1.8
neg_005417	25.8	tpase_003134	25.316	34.0	2.7
neg_015564	29.3	tpase_006333	27.397	17.0	0.76
neg_020325	28.9	tpase_003455	45.0	7.0	0.44
neg_019496	28.1	tpase_001736	40.741	8.0	1.1
neg_018961	24.3	tpase_002578	33.333	29.0	3.0
neg_010720	26.2	tpase_001518	32.5	20.0	2.5
neg_017178	26.6	tpase_005684	25.564	63.0	1.2
neg_000914	27.7	tpase_006835	25.0	21.0	2.5
neg_003222	28.5	tpase_001922	33.962	13.0	0.96
neg_009472	31.6	tpase_006825	32.836	7.0	0.34
neg_006503	26.2	tpase_004598	31.25	23.0	1.1
neg_020798	27.3	tpase_007055	38.462	5.0	2.7
neg_013679	27.3	tpase_001824	31.746	8.0	6.4
neg_015149	22.7	tpase_005951	39.474	42.0	6.5
neg_008486	31.2	tpase_002623	39.024	11.0	0.099
neg_009408	28.5	tpase_003377	32.558	48.0	0.065
neg_020441	25.8	tpase_001522	37.5	12.0	5.6
neg_012925	25.0	tpase_004624	31.343	22.0	8.4
neg_001635	27.7	tpase_005411	61.111	4.0	2.2
neg_002814	29.3	tpase_002797	30.38	11.0	1.3
neg_009736	28.1	tpase_005226	27.16	33.0	0.67
neg_000666	29.6	tpase_005008	29.474	20.0	0.51
neg_002372	31.2	tpase_006046	35.714	3.0	0.28
neg_018977	27.7	tpase_000149	26.027	16.0	1.7
neg_007689	26.9	tpase_002383	29.268	25.0	0.96
neg_003466	26.9	tpase_000016	27.711	25.0	1.4
neg_020968	31.2	tpase_002169	38.776	19.0	0.083
neg_018652	24.6	tpase_002702	36.17	20.0	8.7
neg_006126	25.8	tpase_005529	34.286	23.0	1.8
neg_012942	26.9	tpase_003901	37.037	3.0	5.8
neg_007107	30.0	tpase_005251	27.523	42.0	0.13
neg_015501	34.3	tpase_006319	26.374	45.0	0.013
neg_001908	30.4	tpase_003101	29.545	18.0	0.37
neg_010188	28.9	tpase_006803	29.231	63.0	0.061
neg_019173	26.9	tpase_006907	32.692	11.0	1.8
neg_014679	32.0	tpase_006501	43.333	10.0	0.055
neg_004935	25.0	tpase_002855	36.17	28.0	3.4
neg_016602	24.3	tpase_001173	27.119	37.0	3.6
neg_001277	28.5	tpase_004869	24.051	16.0	0.53
neg_017340	26.6	tpase_002994	30.952	10.0	4.2
neg_016957	26.9	tpase_006074	36.842	11.0	3.1
neg_018203	26.6	tpase_005739	41.667	13.0	2.6
neg_010304	31.6	tpase_003911	26.351	27.0	0.11
neg_005547	29.3	tpase_002738	21.642	25.0	0.84
neg_002831	29.6	tpase_005293	30.952	3.0	1.9
neg_003562	30.4	tpase_000939	35.556	15.0	0.096
neg_001994	27.3	tpase_003701	52.174	12.0	0.9
neg_000551	23.9	tpase_006603	27.273	49.0	4.9
neg_010993	28.5	tpase_001233	35.417	5.0	2.7
neg_009092	27.3	tpase_003535	21.359	37.0	1.3
neg_015566	31.2	tpase_005124	21.429	28.0	0.16
neg_021059	29.3	tpase_000603	32.0	16.0	0.55
neg_003838	26.6	tpase_004747	42.5	12.0	1.2
neg_004881	29.3	tpase_001963	36.364	10.0	0.57
neg_019056	30.0	tpase_004400	30.337	32.0	0.17
neg_003517	26.2	tpase_002735	41.379	21.0	1.2
neg_008567	26.6	tpase_005378	33.333	18.0	1.1
neg_004559	25.4	tpase_002119	31.25	27.0	2.8
neg_006780	26.9	tpase_007016	27.397	28.0	1.6
neg_004409	28.1	tpase_004260	31.667	11.0	1.9
neg_019009	29.6	tpase_005331	28.125	12.0	0.59
neg_016951	31.6	tpase_003924	30.0	14.0	0.11
neg_006174	26.2	tpase_005784	28.866	57.0	0.86
neg_006092	36.6	tpase_004186	27.273	15.0	0.007
neg_018841	29.3	tpase_002880	36.0	41.0	0.14
neg_012751	33.5	tpase_004399	24.096	56.0	0.024
neg_011988	30.8	tpase_002548	33.333	5.0	0.75
neg_008426	31.6	tpase_005209	28.704	37.0	0.056
neg_002271	28.5	tpase_000780	37.097	15.0	0.91
neg_004127	26.6	tpase_002680	33.962	20.0	2.0
neg_018282	27.3	tpase_001801	25.0	12.0	2.3
neg_014453	27.3	tpase_000751	44.444	9.0	1.7
neg_006900	28.5	tpase_004146	25.714	27.0	0.64
neg_017434	25.8	tpase_000855	29.091	18.0	4.8
neg_014749	27.3	tpase_003383	27.059	34.0	1.0
neg_018617	25.8	tpase_004741	31.915	32.0	1.5
neg_014715	28.5	tpase_001265	32.0	16.0	0.64
neg_016988	31.2	tpase_000475	25.564	26.0	0.18
neg_006970	28.5	tpase_006602	50.0	10.0	0.62
neg_002644	26.6	tpase_000896	39.13	6.0	4.0
neg_008347	32.7	tpase_002750	24.545	24.0	0.044
neg_008649	26.9	tpase_001191	33.333	20.0	0.66
neg_007846	0.0	None	0.0	0.0	999.0
neg_010611	26.9	tpase_005851	28.986	23.0	2.0
neg_014444	26.2	tpase_002247	47.619	13.0	1.5
neg_013880	28.5	tpase_005012	28.571	7.0	2.4
neg_012666	30.8	tpase_003912	58.824	3.0	0.57
neg_008549	30.4	tpase_005349	38.462	14.0	0.16
neg_006953	29.6	tpase_002795	38.235	19.0	0.12
neg_007470	26.6	tpase_005824	27.835	82.0	0.27
neg_000786	0.0	None	0.0	0.0	999.0
neg_018107	24.6	tpase_006266	23.288	22.0	8.4
neg_004238	28.1	tpase_004087	37.143	5.0	2.9
neg_020754	25.8	tpase_005172	45.455	11.0	2.5
neg_017172	27.3	tpase_000964	30.0	20.0	2.4
neg_005895	28.9	tpase_003000	25.714	16.0	0.76
neg_013327	26.6	tpase_006088	29.787	23.0	1.5
neg_015120	23.1	tpase_000051	45.455	22.0	6.0
neg_012071	33.1	tpase_003960	34.615	5.0	0.093
neg_005488	29.6	tpase_006134	27.143	14.0	0.55
neg_006133	27.3	tpase_001570	32.184	27.0	1.5
neg_019551	27.3	tpase_006135	41.935	9.0	1.2
neg_010998	25.8	tpase_000465	37.5	12.0	2.8
neg_017024	27.7	tpase_003982	37.931	7.0	1.8
neg_011111	28.9	tpase_006089	32.836	16.0	0.68
neg_021077	30.8	tpase_005214	45.946	12.0	0.14
neg_014594	26.2	tpase_003685	20.455	51.0	1.5
neg_006103	25.8	tpase_006469	35.417	8.0	3.6
neg_001766	26.2	tpase_006383	32.558	19.0	1.5
neg_000398	28.5	tpase_000514	28.261	12.0	0.94
neg_018863	28.5	tpase_006800	25.926	21.0	1.0
neg_000970	27.7	tpase_005917	38.71	6.0	2.0
neg_018947	30.4	tpase_003663	26.966	24.0	0.25
neg_009267	30.8	tpase_002323	32.812	37.0	0.048
neg_019975	28.9	tpase_000485	31.818	20.0	0.81
neg_004411	26.6	tpase_003047	24.638	57.0	2.0
neg_018098	26.6	tpase_001016	36.667	21.0	0.67
neg_007507	28.1	tpase_002444	26.562	19.0	0.91
neg_004444	27.7	tpase_002010	22.973	30.0	1.0
neg_011381	29.3	tpase_000703	30.435	20.0	0.3
neg_004328	26.2	tpase_005686	33.929	35.0	1.6
neg_016817	29.6	tpase_006354	35.0	7.0	0.59
neg_009960	30.4	tpase_002121	24.855	99.0	0.061
neg_001906	0.0	None	0.0	0.0	999.0
neg_002794	30.0	tpase_006799	29.268	9.0	0.4
neg_016401	24.6	tpase_006797	22.951	35.0	5.2
neg_007686	28.9	tpase_006906	26.364	17.0	1.3
neg_005272	26.9	tpase_006567	26.0	29.0	0.64
neg_000157	28.5	tpase_004107	23.288	88.0	0.041
neg_011834	27.7	tpase_002345	41.176	5.0	3.6
neg_008353	37.4	tpase_002751	30.769	23.0	0.001
neg_014920	28.9	tpase_004088	33.333	11.0	0.9
neg_014424	29.6	tpase_006423	25.0	7.0	1.4
neg_001630	28.5	tpase_001304	42.5	20.0	0.24
neg_004826	27.3	tpase_001508	61.111	15.0	0.29
neg_006007	25.4	tpase_001515	26.923	30.0	2.4
neg_001324	25.4	tpase_001119	52.632	7.0	6.2
neg_003347	26.9	tpase_001792	33.333	9.0	4.0
neg_010710	29.6	tpase_002549	32.558	24.0	0.29
neg_012003	0.0	None	0.0	0.0	999.0
neg_018831	28.9	tpase_006260	28.07	16.0	0.67
neg_012491	28.1	tpase_001679	43.243	11.0	0.9
neg_005761	27.7	tpase_003350	32.353	7.0	2.8
neg_011256	32.3	tpase_005301	27.5	47.0	0.011
neg_016561	28.1	tpase_000588	32.432	11.0	1.1
neg_020753	25.4	tpase_006788	26.471	50.0	4.2
neg_011595	28.5	tpase_000107	44.0	9.0	0.6
neg_001405	26.6	tpase_003601	32.609	47.0	0.32
neg_000735	27.7	tpase_006528	29.787	16.0	0.7
neg_004438	27.7	tpase_002169	37.209	14.0	1.3
neg_017057	27.7	tpase_005061	30.769	11.0	1.9
neg_002405	30.8	tpase_005940	30.588	18.0	0.2
neg_013095	27.7	tpase_000879	35.185	23.0	0.63
neg_009988	25.8	tpase_003653	35.897	27.0	1.5
neg_004595	30.0	tpase_004466	27.358	23.0	0.37
neg_014468	31.6	tpase_002602	24.691	23.0	0.098
neg_018648	28.9	tpase_003301	26.667	26.0	0.68
neg_005180	27.3	tpase_001559	39.394	20.0	0.62
neg_013883	27.7	tpase_005688	29.545	28.0	0.42
neg_020321	26.2	tpase_000719	31.579	13.0	3.7
neg_014598	23.9	tpase_003146	40.0	36.0	1.8
neg_015884	24.3	tpase_003022	26.389	59.0	3.4
neg_017072	27.7	tpase_003528	25.373	19.0	1.6
neg_012458	29.6	tpase_006858	33.333	8.0	0.87
neg_004786	28.1	tpase_003523	38.71	9.0	0.94
neg_005728	28.9	tpase_001316	35.0	13.0	0.98
neg_018834	28.9	tpase_004826	29.268	37.0	0.34
neg_016809	36.6	tpase_006058	33.333	27.0	0.002
neg_005056	27.7	tpase_005535	38.71	11.0	0.42
neg_003415	30.0	tpase_006345	26.144	34.0	0.3
neg_015873	23.1	tpase_003315	34.286	22.0	8.0
neg_014303	33.5	tpase_006332	26.374	20.0	0.029
neg_012701	32.0	tpase_000041	25.191	52.0	0.039
neg_005285	26.9	tpase_005577	25.316	32.0	1.5
neg_016946	26.6	tpase_006590	33.333	14.0	2.8
neg_008505	29.3	tpase_005032	45.455	15.0	0.24
neg_005311	28.9	tpase_003807	38.182	4.0	3.2
neg_007068	26.2	tpase_003523	38.235	22.0	1.2
neg_003770	28.5	tpase_004546	32.0	27.0	0.36
neg_002277	26.9	tpase_001257	29.825	30.0	1.3
neg_014797	26.6	tpase_001182	27.419	30.0	1.5
neg_000933	27.7	tpase_002040	25.641	11.0	3.3
neg_016055	26.2	tpase_004787	26.667	17.0	3.8
neg_008867	25.8	tpase_006621	25.0	22.0	1.6
neg_011302	28.1	tpase_003589	26.374	36.0	0.8
neg_000654	29.3	tpase_000836	35.294	9.0	0.59
neg_018442	28.9	tpase_005449	29.545	22.0	0.3
neg_012407	25.4	tpase_001507	33.333	22.0	2.8
neg_008414	32.0	tpase_003971	30.612	34.0	0.011
neg_014659	30.0	tpase_002500	26.214	18.0	0.16
neg_010121	28.5	tpase_000736	32.0	8.0	2.2
neg_015453	26.2	tpase_006585	44.444	9.0	2.9
neg_005130	26.2	tpase_000528	42.5	24.0	0.71
neg_016918	26.9	tpase_006994	48.148	6.0	3.3
neg_007524	28.9	tpase_003000	25.714	16.0	0.76
neg_011732	29.3	tpase_004241	40.0	29.0	0.1
neg_002445	28.1	tpase_003879	36.842	21.0	0.19
neg_016825	28.1	tpase_001631	25.301	21.0	1.3
neg_012057	26.2	tpase_006362	32.653	19.0	2.4
neg_010147	0.0	None	0.0	0.0	999.0
neg_004527	25.0	tpase_001503	53.846	12.0	6.0
neg_009349	27.3	tpase_006402	28.0	60.0	0.13
neg_008460	28.1	tpase_003035	34.043	18.0	0.74
neg_002947	0.0	None	0.0	0.0	999.0
neg_005617	25.8	tpase_003654	36.111	19.0	2.4
neg_018803	26.2	tpase_005293	35.294	7.0	6.8
neg_015112	28.9	tpase_006524	41.935	11.0	0.43
neg_001990	29.3	tpase_003777	33.333	6.0	1.2
neg_009131	28.1	tpase_004197	25.316	38.0	0.52
neg_018785	31.6	tpase_000968	31.481	24.0	0.04
neg_017128	27.7	tpase_003191	24.752	68.0	0.36
neg_018438	25.8	tpase_004410	64.286	6.0	2.9
neg_009372	26.6	tpase_003385	30.769	30.0	1.6
neg_010129	26.9	tpase_001958	47.826	11.0	1.2
neg_003488	32.3	tpase_006934	26.19	15.0	0.09
neg_013739	25.4	tpase_003078	29.091	18.0	4.8
neg_000523	33.5	tpase_002271	39.474	3.0	0.13
neg_000840	27.3	tpase_004771	27.941	17.0	1.7
neg_017903	29.3	tpase_000473	48.276	10.0	0.38
neg_001361	28.1	tpase_003101	28.409	18.0	1.7
neg_010325	28.9	tpase_004441	18.584	47.0	0.33
neg_006529	28.1	tpase_001489	32.432	10.0	1.3
neg_005951	30.8	tpase_000014	27.66	8.0	0.5
neg_004811	26.6	tpase_000915	32.143	18.0	2.9
neg_010594	25.8	tpase_003401	38.462	17.0	1.9
neg_012314	30.8	tpase_001418	25.581	34.0	0.1
neg_018453	30.8	tpase_001568	50.0	9.0	0.049
neg_009173	31.2	tpase_004530	32.911	20.0	0.12
neg_008582	25.8	tpase_001789	39.394	19.0	2.3
neg_018033	30.0	tpase_003243	37.143	7.0	0.37
neg_019552	28.5	tpase_003283	34.694	9.0	1.7
neg_010541	23.5	tpase_004021	36.667	18.0	8.0
neg_011931	30.0	tpase_002023	33.333	12.0	0.52
neg_021160	0.0	None	0.0	0.0	999.0
neg_020178	26.6	tpase_002060	36.842	8.0	5.4
neg_002732	25.4	tpase_006075	40.909	17.0	2.0
neg_018149	29.6	tpase_006792	30.189	11.0	0.64
neg_009877	25.8	tpase_001222	32.258	22.0	1.7
neg_014336	30.4	tpase_002311	24.167	20.0	0.37
neg_004422	28.1	tpase_005975	27.941	23.0	0.77
neg_005129	29.3	tpase_006301	27.737	26.0	0.78
neg_011558	23.9	tpase_000521	32.609	28.0	8.0
neg_001009	28.9	tpase_004621	43.478	11.0	0.82
neg_002212	25.4	tpase_003955	34.615	24.0	3.6
neg_014026	30.8	tpase_002962	51.724	19.0	0.037
neg_011606	27.3	tpase_000752	31.481	22.0	0.86
neg_019391	27.3	tpase_006516	32.759	65.0	0.11
neg_020052	26.2	tpase_005335	26.19	39.0	0.66
neg_018267	25.4	tpase_005277	23.529	12.0	6.9
neg_014685	26.6	tpase_005230	28.846	14.0	3.2
neg_000097	0.0	None	0.0	0.0	999.0
neg_004298	26.9	tpase_004851	37.5	16.0	1.2
neg_000233	28.9	tpase_006569	50.0	3.0	1.3
neg_019683	26.6	tpase_003670	33.333	8.0	3.6
neg_010558	26.9	tpase_005618	41.379	10.0	1.9
neg_007943	27.7	tpase_006790	31.148	15.0	0.54
neg_011156	31.2	tpase_004119	43.902	9.0	0.18
neg_010758	27.3	tpase_003288	29.231	30.0	0.96
neg_013413	28.1	tpase_004127	36.364	16.0	0.79
neg_006101	33.1	tpase_003769	27.007	16.0	0.075
neg_013480	29.3	tpase_005916	28.571	14.0	0.16
neg_005742	25.0	tpase_005125	29.07	38.0	5.1
neg_010578	23.9	tpase_004521	30.769	30.0	4.1
neg_018121	25.0	tpase_000748	30.303	9.0	5.9
neg_012606	26.9	tpase_006595	38.636	32.0	0.47
neg_011793	26.2	tpase_006079	29.412	85.0	0.23
neg_011366	28.1	tpase_001052	38.71	12.0	1.9
neg_000964	24.3	tpase_001935	38.889	19.0	7.4
neg_006164	27.7	tpase_002153	27.966	27.0	2.1
neg_012233	28.5	tpase_003011	33.333	30.0	0.16
neg_017354	32.0	tpase_006524	30.769	27.0	0.043
neg_008324	33.5	tpase_003329	25.758	27.0	0.018
neg_012290	30.4	tpase_002500	26.214	18.0	0.14
neg_017887	24.3	tpase_005237	30.137	70.0	2.1
neg_011181	33.1	tpase_005692	30.159	8.0	0.094
neg_007855	25.4	tpase_005970	29.545	27.0	2.3
neg_010817	28.1	tpase_005005	65.0	8.0	0.23
neg_002553	24.3	tpase_003752	32.609	31.0	5.1
neg_012365	28.9	tpase_000849	29.412	8.0	0.67
neg_019641	33.9	tpase_006602	26.263	29.0	0.013
neg_003647	32.3	tpase_007107	24.719	6.0	0.19
neg_017658	0.0	None	0.0	0.0	999.0
neg_000939	0.0	None	0.0	0.0	999.0
neg_001668	28.9	tpase_005794	27.273	11.0	1.4
neg_001240	28.1	tpase_000588	22.222	61.0	0.58
neg_013223	27.3	tpase_004812	24.031	21.0	4.1
neg_011131	27.3	tpase_007121	38.235	14.0	0.91
neg_006617	34.3	tpase_004606	31.579	21.0	0.009
neg_010864	30.4	tpase_002783	41.026	27.0	0.041
neg_015257	32.3	tpase_002092	35.955	22.0	0.048
neg_014847	24.6	tpase_004348	50.0	32.0	1.2
neg_014480	27.3	tpase_005030	31.169	7.0	3.4
neg_016287	33.5	tpase_003038	23.333	39.0	0.03
neg_018758	25.8	tpase_004076	22.794	36.0	6.2
neg_012807	28.1	tpase_004901	23.077	12.0	2.0
neg_011019	27.3	tpase_001135	27.632	41.0	0.66
neg_000410	23.9	tpase_005962	30.0	15.0	8.5
neg_014365	27.3	tpase_002247	70.588	13.0	0.48
neg_016005	25.8	tpase_004214	57.895	4.0	7.0
neg_013607	31.2	tpase_001827	32.5	16.0	0.17
neg_018387	30.8	tpase_002408	41.86	8.0	0.32
neg_012530	29.6	tpase_006754	27.273	31.0	0.063
neg_000379	25.8	tpase_001363	22.222	16.0	8.3
neg_012032	29.3	tpase_007034	30.0	23.0	0.34
neg_008877	26.9	tpase_002066	34.615	17.0	0.68
neg_013530	28.1	tpase_007020	22.018	44.0	0.69
neg_016305	28.1	tpase_002153	40.0	8.0	1.1
neg_011125	28.9	tpase_005268	39.706	26.0	0.43
neg_002060	25.8	tpase_001857	30.435	40.0	2.0
neg_003153	28.1	tpase_006972	29.032	14.0	1.6
neg_019943	26.6	tpase_003957	40.0	5.0	4.9
neg_013449	27.3	tpase_003918	31.148	32.0	0.8
neg_000222	25.8	tpase_006589	35.294	41.0	0.45
neg_009260	28.1	tpase_001123	31.507	41.0	0.42
neg_013379	25.8	tpase_004461	32.857	46.0	1.5
neg_001251	29.3	tpase_000911	28.846	12.0	0.74
neg_016230	28.5	tpase_003737	25.758	29.0	1.2
neg_006983	27.3	tpase_003846	38.298	21.0	1.2
neg_019794	28.1	tpase_006906	27.174	26.0	1.1
neg_013618	27.3	tpase_006900	40.0	4.0	2.2
neg_004388	29.6	tpase_007015	29.63	7.0	1.2
neg_020943	25.4	tpase_004158	46.429	8.0	7.9
neg_020964	25.4	tpase_001419	28.986	45.0	2.1
neg_012766	29.6	tpase_004352	22.917	25.0	0.53
neg_003306	30.0	tpase_003873	28.571	29.0	0.19
neg_004325	25.8	tpase_002351	36.842	23.0	2.4
neg_001253	27.3	tpase_006615	38.298	14.0	1.1
neg_020603	28.1	tpase_002766	27.778	53.0	0.68
neg_010341	29.3	tpase_004396	24.0	79.0	0.087
neg_020567	27.7	tpase_002341	22.222	17.0	2.7
neg_012331	27.7	tpase_006206	27.273	20.0	0.65
neg_006421	27.7	tpase_004271	24.675	48.0	0.47
neg_001873	25.8	tpase_001529	30.0	12.0	6.7
neg_002209	29.6	tpase_005492	36.066	12.0	0.44
neg_014615	27.3	tpase_005563	24.675	24.0	1.6
neg_007578	26.6	tpase_003967	48.0	8.0	2.7
neg_016448	29.3	tpase_001501	28.037	31.0	0.54
neg_014482	0.0	None	0.0	0.0	999.0
neg_008406	28.9	tpase_001313	25.217	11.0	2.3
neg_016106	29.3	tpase_005976	23.841	27.0	0.86
neg_008724	25.4	tpase_006210	23.636	21.0	3.2
neg_013991	26.9	tpase_005972	39.394	15.0	1.3
neg_013060	26.9	tpase_004619	28.571	29.0	1.3
neg_005113	24.6	tpase_005037	34.146	24.0	5.1
neg_015677	28.1	tpase_003526	32.692	14.0	1.1
neg_000245	25.4	tpase_004408	26.19	22.0	3.2
neg_000277	28.9	tpase_002210	32.258	11.0	0.33
neg_003541	24.6	tpase_007059	35.135	20.0	2.5
neg_019184	23.5	tpase_001934	37.037	30.0	3.2
neg_010288	28.9	tpase_000891	27.869	14.0	0.8
neg_011113	30.8	tpase_000853	24.658	42.0	0.12
neg_020047	26.2	tpase_001131	48.148	5.0	2.8
neg_010432	30.4	tpase_005126	30.851	6.0	1.4
neg_011784	29.6	tpase_006519	29.851	15.0	0.52
neg_020794	30.0	tpase_001587	25.143	46.0	0.24
neg_001168	26.9	tpase_005480	28.333	15.0	3.3
neg_016052	29.6	tpase_001912	32.203	15.0	0.44
neg_012512	26.6	tpase_004901	23.944	40.0	0.94
neg_009154	32.0	tpase_006934	25.781	39.0	0.071
neg_014032	28.1	tpase_002570	36.364	2.0	4.0
neg_010348	30.8	tpase_006261	31.915	21.0	0.075
neg_020196	27.3	tpase_000888	54.167	7.0	0.72
neg_006115	31.2	tpase_000107	24.219	16.0	0.38
neg_002094	29.6	tpase_002704	28.889	19.0	0.22
neg_014484	33.5	tpase_003167	28.767	11.0	0.051
neg_014034	27.3	tpase_006808	32.075	21.0	0.96
neg_015015	27.3	tpase_000842	38.095	8.0	3.2
neg_003242	29.3	tpase_006759	25.926	13.0	0.49
neg_019327	23.9	tpase_004890	27.907	42.0	3.2
neg_002120	27.7	tpase_001465	30.263	14.0	1.9
neg_003800	27.7	tpase_003956	63.158	6.0	1.6
neg_011546	25.4	tpase_003367	30.0	33.0	1.4
neg_013487	30.0	tpase_001292	37.209	31.0	0.044
neg_003080	28.5	tpase_004244	26.923	25.0	0.33
neg_018309	31.2	tpase_005171	28.378	17.0	0.17
neg_006332	28.1	tpase_000511	19.811	39.0	0.73
neg_019806	26.2	tpase_006800	22.642	33.0	4.4
neg_005820	28.1	tpase_004572	18.571	35.0	2.3
neg_007815	28.9	tpase_006741	26.05	39.0	0.49
neg_008149	27.3	tpase_004099	28.571	9.0	0.96
neg_006732	28.1	tpase_005044	38.235	15.0	0.61
neg_020078	28.9	tpase_004800	26.154	11.0	1.0
neg_017588	26.6	tpase_001905	37.838	13.0	5.7
neg_009563	27.3	tpase_002053	30.476	28.0	1.8
neg_005049	28.1	tpase_006110	25.0	35.0	0.8
neg_006986	29.3	tpase_002676	34.146	33.0	0.28
neg_015074	28.5	tpase_006166	31.818	21.0	0.92
neg_007879	28.5	tpase_003780	27.273	7.0	2.2
neg_018519	27.7	tpase_003901	37.209	10.0	1.3
neg_018573	26.6	tpase_000142	34.286	8.0	4.7
neg_010748	30.0	tpase_002919	25.0	43.0	0.06
neg_007544	27.3	tpase_001864	36.538	19.0	1.3
neg_017845	31.2	tpase_005884	25.532	16.0	0.26
neg_009851	25.0	tpase_006379	32.075	37.0	2.1
neg_007423	27.3	tpase_006454	32.258	11.0	0.59
neg_020797	29.3	tpase_001862	34.0	19.0	0.26
neg_011985	30.0	tpase_002881	27.119	9.0	0.63
neg_019993	24.3	tpase_001191	41.935	30.0	2.1
neg_002371	30.8	tpase_004440	18.978	27.0	0.25
neg_007563	30.8	tpase_006261	31.915	21.0	0.071
neg_005927	28.1	tpase_006658	23.27	54.0	0.81
neg_003618	26.9	tpase_003023	29.167	9.0	3.5
neg_012091	26.6	tpase_006126	31.579	17.0	3.1
neg_005069	28.1	tpase_003264	28.333	22.0	1.8
neg_013862	26.6	tpase_006618	25.581	16.0	2.4
neg_005872	27.3	tpase_001855	37.778	14.0	1.1
neg_006528	30.8	tpase_000590	51.852	2.0	0.76
neg_002438	28.1	tpase_002040	24.691	11.0	3.0
neg_009000	27.3	tpase_004913	25.926	9.0	6.5
neg_011029	25.0	tpase_004085	26.562	77.0	1.0
neg_003493	28.9	tpase_002550	32.143	11.0	0.95
neg_011142	28.1	tpase_000983	37.209	7.0	1.6
neg_009876	25.8	tpase_001222	32.258	22.0	1.7
neg_019729	40.0	tpase_000916	24.0	41.0	0.000214
neg_014418	25.0	tpase_001711	30.233	38.0	1.9
neg_017044	28.1	tpase_000851	27.174	37.0	0.63
neg_012825	26.2	tpase_003956	21.622	22.0	6.3
neg_001452	31.2	tpase_003802	32.353	16.0	0.15
neg_014612	28.1	tpase_002531	27.82	19.0	2.4
neg_004875	28.5	tpase_003896	22.388	49.0	0.55
neg_019078	30.8	tpase_003925	21.538	23.0	0.25
neg_009874	23.9	tpase_005741	30.612	36.0	5.8
neg_005379	25.0	tpase_005219	26.316	17.0	3.8
neg_002682	30.8	tpase_005205	26.415	83.0	0.056
neg_009657	26.2	tpase_003916	30.263	46.0	1.1
neg_006552	24.3	tpase_003307	28.571	36.0	8.0
neg_013743	27.3	tpase_006015	29.032	5.0	8.0
neg_012598	28.9	tpase_000784	30.769	31.0	0.17
neg_007671	28.9	tpase_002778	27.273	63.0	0.15
neg_017437	25.4	tpase_001341	36.842	15.0	1.8
neg_017799	33.1	tpase_005203	23.656	22.0	0.03
neg_018928	26.9	tpase_005044	21.538	36.0	2.8
neg_017094	26.9	tpase_004437	34.0	37.0	0.58
neg_010229	30.4	tpase_002826	30.233	7.0	0.51
neg_001514	28.9	tpase_003994	24.39	46.0	0.21
neg_000585	28.9	tpase_002451	34.884	11.0	0.83
neg_015078	30.8	tpase_000916	52.381	5.0	0.2
neg_002759	33.5	tpase_006856	34.091	29.0	0.018
neg_017511	27.7	tpase_003293	30.0	8.0	2.0
neg_012698	25.8	tpase_003401	38.462	17.0	1.7
neg_010585	25.0	tpase_007020	26.667	21.0	2.8
neg_016542	26.6	tpase_002819	26.761	31.0	1.5
neg_008080	30.0	tpase_002499	39.655	23.0	0.16
neg_015471	28.1	tpase_006302	30.159	17.0	1.3
neg_012218	27.3	tpase_004902	34.884	27.0	0.56
neg_013034	25.0	tpase_001387	23.333	20.0	9.0
neg_010102	28.5	tpase_006946	26.506	27.0	0.87
neg_004228	26.6	tpase_001606	23.256	60.0	0.61
neg_003272	26.6	tpase_001539	31.034	33.0	1.4
neg_020617	30.8	tpase_004595	39.024	10.0	0.21
neg_009869	31.6	tpase_004326	40.678	44.0	0.015
neg_018356	26.9	tpase_000195	25.275	30.0	2.1
neg_010487	28.1	tpase_004711	27.5	28.0	0.5
neg_002007	29.6	tpase_003101	28.409	18.0	0.66
neg_005499	26.6	tpase_001104	24.0	27.0	2.4
neg_009169	27.3	tpase_003669	31.25	33.0	0.47
neg_015013	29.6	tpase_004241	23.636	20.0	0.47
neg_000793	26.2	tpase_002142	43.182	12.0	5.1
neg_010082	28.9	tpase_003362	40.476	14.0	0.52
neg_003583	25.4	tpase_000208	34.146	22.0	3.8
neg_002522	28.1	tpase_000202	31.481	20.0	0.77
neg_007023	27.3	tpase_003853	39.286	35.0	0.12
neg_018731	27.3	tpase_004824	25.0	29.0	0.4
neg_019449	28.9	tpase_006947	30.0	16.0	0.64
neg_015853	26.9	tpase_000734	22.785	22.0	2.6
neg_005983	27.7	tpase_003428	21.637	54.0	1.4
neg_016083	28.5	tpase_006287	37.5	5.0	1.8
neg_012547	26.9	tpase_006161	31.25	23.0	0.59
neg_017828	30.4	tpase_001246	35.556	12.0	0.21
neg_004021	29.6	tpase_002041	37.209	10.0	0.59
neg_008221	28.1	tpase_002444	26.562	19.0	0.97
neg_017565	27.7	tpase_003547	20.667	46.0	1.3
neg_012750	24.6	tpase_001981	20.863	56.0	7.5
neg_000824	25.0	tpase_006249	35.0	20.0	4.8
neg_012368	26.9	tpase_006833	30.882	23.0	1.8
neg_015991	27.3	tpase_000820	28.0	16.0	2.4
neg_006409	28.1	tpase_006304	26.531	26.0	1.1
neg_011207	27.3	tpase_002549	31.707	25.0	0.71
neg_002334	35.4	tpase_001838	36.17	9.0	0.008
neg_010186	24.6	tpase_001799	35.294	24.0	4.1
neg_008921	26.2	tpase_000593	29.787	23.0	2.0
neg_015008	28.1	tpase_007020	24.031	39.0	1.1
neg_018123	29.6	tpase_002058	38.0	33.0	0.092
neg_018302	32.3	tpase_002085	26.852	25.0	0.075
neg_016512	29.3	tpase_006867	26.923	15.0	0.87
neg_016604	26.9	tpase_001670	35.135	13.0	1.7
neg_013898	25.0	tpase_003882	36.364	14.0	6.0
neg_006253	28.1	tpase_001609	34.884	10.0	0.92
neg_017369	25.8	tpase_005376	29.545	10.0	9.4
neg_005694	28.9	tpase_006836	34.211	19.0	0.33
neg_006014	27.3	tpase_001145	37.778	29.0	0.56
neg_011629	26.2	tpase_001223	29.73	29.0	0.95
neg_000537	26.2	tpase_002798	38.462	31.0	0.89
neg_016126	34.3	tpase_005741	30.337	25.0	0.013
neg_006537	26.6	tpase_006836	21.429	35.0	1.6
neg_011951	27.3	tpase_004059	21.552	25.0	2.9
neg_015885	0.0	None	0.0	0.0	999.0
neg_002478	30.8	tpase_005702	28.283	38.0	0.099
neg_018049	40.4	tpase_004182	29.688	36.0	0.000148
neg_003542	29.6	tpase_006615	40.0	12.0	0.17
neg_002662	28.5	tpase_003023	26.19	8.0	1.4
neg_004044	26.9	tpase_002838	30.303	71.0	0.21
neg_000975	32.0	tpase_003167	32.143	47.0	0.026
neg_018689	25.4	tpase_004408	23.611	24.0	5.0
neg_012224	25.0	tpase_005563	33.333	38.0	0.98
neg_002963	30.0	tpase_000054	48.387	12.0	0.18
neg_005669	26.9	tpase_001894	33.333	9.0	4.1
neg_010482	23.5	tpase_006986	35.897	47.0	3.4
neg_009019	32.3	tpase_001001	19.697	37.0	0.045
neg_012635	28.5	tpase_003896	22.388	49.0	0.55
neg_008099	0.0	None	0.0	0.0	999.0
neg_011753	28.9	tpase_004706	29.474	23.0	0.86
neg_011265	28.9	tpase_005211	25.373	40.0	0.59
neg_019108	32.0	tpase_000964	39.474	9.0	0.1
neg_015669	26.6	tpase_003175	25.0	28.0	3.6
neg_019612	28.5	tpase_003890	25.287	22.0	0.91
neg_015874	27.3	tpase_004546	31.579	9.0	2.3
neg_003168	29.3	tpase_000844	40.0	4.0	1.0
neg_007731	25.4	tpase_001018	27.083	31.0	2.2
neg_011443	28.9	tpase_004852	25.424	16.0	0.59
neg_008880	29.6	tpase_002042	24.528	13.0	0.52
neg_016316	28.5	tpase_005421	23.899	24.0	1.7
neg_010007	30.8	tpase_004390	24.074	13.0	0.67
neg_015497	25.8	tpase_004563	61.538	4.0	6.3
neg_000607	26.2	tpase_006477	35.556	13.0	4.1
neg_013273	28.1	tpase_003380	26.214	64.0	0.36
neg_005520	31.2	tpase_007037	27.66	7.0	0.25
neg_010793	26.6	tpase_005824	27.835	82.0	0.27
neg_014512	30.8	tpase_000766	23.894	33.0	0.15
neg_009651	25.8	tpase_000107	33.333	30.0	1.7
neg_006153	29.6	tpase_000842	42.857	22.0	0.058
neg_019130	25.4	tpase_001008	42.308	20.0	1.9
neg_011539	26.9	tpase_005382	22.353	53.0	0.87
neg_003540	30.4	tpase_002789	27.103	18.0	0.42
neg_016552	24.3	tpase_006674	25.758	65.0	1.9
neg_019762	26.2	tpase_006802	20.0	81.0	1.1
neg_014643	29.3	tpase_002079	30.263	28.0	0.27
neg_008032	28.9	tpase_003683	27.16	48.0	0.19
neg_000281	27.7	tpase_000033	32.727	11.0	1.8
neg_008096	25.8	tpase_003876	54.545	9.0	3.5
neg_010485	27.3	tpase_000166	28.829	40.0	1.1
neg_011327	26.6	tpase_000887	37.778	14.0	3.1
neg_017624	28.9	tpase_004073	24.107	34.0	0.74
neg_017146	23.9	tpase_004901	25.424	59.0	2.6
neg_005434	25.8	tpase_004261	34.483	13.0	2.9
neg_005825	27.7	tpase_004595	28.986	15.0	1.8
neg_010583	27.3	tpase_006867	25.217	48.0	1.3
neg_002235	31.6	tpase_003101	26.562	13.0	0.15
neg_017585	26.6	tpase_002722	22.5	17.0	5.3
neg_016657	25.4	tpase_004261	34.783	7.0	8.1
neg_006873	24.6	tpase_003622	31.111	46.0	1.5
neg_004653	26.2	tpase_004149	47.826	15.0	1.5
neg_001087	27.3	tpase_006513	40.625	7.0	2.7
neg_018544	25.8	tpase_005185	35.714	17.0	3.9
neg_010261	26.6	tpase_001138	29.825	24.0	1.7
neg_007728	32.3	tpase_002121	35.065	32.0	0.031
neg_013968	26.9	tpase_003901	37.037	3.0	5.8
neg_001320	26.9	tpase_000435	31.25	18.0	0.75
neg_009675	25.8	tpase_002439	22.222	88.0	0.63
neg_016959	29.3	tpase_001044	32.727	10.0	0.66
neg_000496	30.0	tpase_005171	26.214	7.0	1.6
neg_009067	28.9	tpase_000902	52.174	4.0	1.3
neg_019791	26.9	tpase_000215	43.75	10.0	2.2
neg_005115	27.7	tpase_006086	26.087	14.0	1.6
neg_015686	25.8	tpase_004622	42.857	25.0	1.2
neg_018047	23.5	tpase_006220	26.316	66.0	2.8
neg_020080	26.2	tpase_004135	26.437	49.0	1.5
neg_012150	26.6	tpase_002409	33.333	5.0	7.8
neg_004848	30.0	tpase_003512	32.308	8.0	0.69
neg_005121	29.3	tpase_003000	26.263	23.0	0.54
neg_007749	35.0	tpase_001501	34.783	8.0	0.022
neg_018062	24.6	tpase_004293	45.833	20.0	3.4
neg_010856	28.1	tpase_001077	36.364	21.0	0.62
neg_007601	27.7	tpase_003663	33.333	12.0	1.8
neg_008121	28.5	tpase_006136	32.0	48.0	0.08
neg_000383	27.3	tpase_003041	30.526	20.0	2.4
neg_004307	32.0	tpase_004381	22.314	39.0	0.05
neg_016551	30.8	tpase_000826	31.111	14.0	0.11
neg_016385	27.3	tpase_000475	37.5	7.0	2.4
neg_014387	26.6	tpase_000519	30.645	26.0	2.2
neg_007133	27.3	tpase_001690	25.287	29.0	1.6
neg_014516	26.2	tpase_007077	34.146	5.0	4.8
neg_018713	23.5	tpase_004665	32.258	27.0	6.0
neg_013102	25.8	tpase_001276	36.842	19.0	3.0
neg_002411	28.9	tpase_005149	35.849	7.0	1.4
neg_013720	28.1	tpase_006810	34.091	24.0	0.42
neg_005792	27.3	tpase_001705	30.0	39.0	0.71
neg_003014	24.6	tpase_002524	30.189	24.0	7.6
neg_007894	26.6	tpase_003859	35.294	15.0	1.4
neg_002940	29.6	tpase_006615	40.0	12.0	0.17
neg_012771	29.3	tpase_003654	42.105	6.0	0.98
neg_019877	29.3	tpase_002603	25.532	21.0	0.6
neg_018281	29.3	tpase_001865	39.535	13.0	0.46
neg_013612	27.7	tpase_002380	29.73	18.0	0.68
neg_019459	28.5	tpase_006717	27.381	21.0	1.1
neg_015012	32.0	tpase_003158	29.73	19.0	0.073
neg_016360	31.6	tpase_000830	21.29	31.0	0.13
neg_018308	29.3	tpase_001803	31.169	22.0	0.61
neg_014877	27.7	tpase_003415	26.829	22.0	1.7
neg_013624	27.3	tpase_000320	34.211	13.0	1.6
neg_001806	31.6	tpase_003191	55.172	4.0	0.27
neg_008948	25.4	tpase_006515	37.143	21.0	3.0
neg_009009	25.4	tpase_001999	35.0	12.0	6.2
neg_011959	30.4	tpase_006028	24.359	25.0	0.18
neg_014703	29.6	tpase_001363	35.417	15.0	0.34
neg_017005	27.7	tpase_002328	29.63	11.0	0.42
neg_007235	32.3	tpase_006935	35.294	10.0	0.11
neg_020792	32.0	tpase_000188	27.559	31.0	0.05
neg_019945	26.9	tpase_006176	32.609	14.0	2.3
neg_013050	27.3	tpase_002523	45.455	8.0	1.4
neg_005021	29.3	tpase_006893	24.242	11.0	0.94
neg_015058	27.3	tpase_000940	23.75	24.0	1.9
neg_005878	29.3	tpase_005125	32.692	32.0	0.14
neg_019237	26.9	tpase_006666	40.625	14.0	1.3
neg_007839	28.5	tpase_004115	41.463	14.0	0.68
neg_015476	28.9	tpase_003373	34.615	15.0	0.88
neg_020030	31.6	tpase_004000	47.222	25.0	0.02
neg_017644	24.6	tpase_005892	31.915	38.0	2.7
neg_015692	29.6	tpase_000981	46.667	6.0	0.58
neg_008772	28.1	tpase_001682	42.5	10.0	1.4
neg_016820	26.6	tpase_004200	33.333	19.0	2.8
neg_005511	0.0	None	0.0	0.0	999.0
neg_004685	32.3	tpase_005803	22.513	97.0	0.018
neg_014848	28.5	tpase_001590	30.693	27.0	1.0
neg_020954	33.5	tpase_006402	27.5	22.0	0.024
neg_007139	26.2	tpase_006362	32.653	19.0	2.4
neg_012645	28.5	tpase_000328	34.694	14.0	0.78
neg_019159	29.6	tpase_002169	23.529	32.0	0.49
neg_014121	32.7	tpase_002455	44.0	15.0	0.016
neg_019059	27.3	tpase_004696	32.075	14.0	1.7
neg_019290	28.1	tpase_006885	35.135	10.0	1.4
neg_000206	22.3	tpase_001222	64.286	17.0	6.7
neg_000443	27.7	tpase_000481	25.21	62.0	0.55
neg_009719	27.7	tpase_006723	35.294	15.0	0.97
neg_016098	0.0	None	0.0	0.0	999.0
neg_014834	26.2	tpase_004771	30.769	14.0	3.1
neg_019016	30.4	tpase_005373	23.0	27.0	0.26
neg_014082	29.3	tpase_003679	24.615	6.0	1.7
neg_019389	24.6	tpase_003370	37.5	18.0	1.9
neg_015408	28.1	tpase_000630	26.829	11.0	1.3
neg_013512	28.9	tpase_004135	28.571	25.0	0.55
neg_008906	27.7	tpase_000607	42.857	13.0	0.66
neg_017236	28.1	tpase_001771	34.0	50.0	0.11
neg_011819	30.0	tpase_004906	26.05	73.0	0.066
neg_015735	28.9	tpase_005663	31.111	12.0	0.72
neg_013441	26.6	tpase_001748	37.288	12.0	5.4
neg_000838	32.0	tpase_004076	23.81	12.0	0.35
neg_004166	26.2	tpase_001597	50.0	15.0	1.2
neg_012303	25.4	tpase_002324	26.667	31.0	8.6
neg_001673	26.6	tpase_002139	31.915	28.0	1.2
neg_014109	25.8	tpase_002723	50.0	17.0	1.1
neg_017980	0.0	None	0.0	0.0	999.0
neg_000792	26.6	tpase_000593	37.5	10.0	3.2
neg_010538	27.7	tpase_002969	31.25	31.0	0.39
neg_016842	26.9	tpase_005883	35.484	8.0	2.9
neg_017932	25.0	tpase_005198	37.931	31.0	1.0
neg_005966	26.9	tpase_005803	24.211	33.0	1.4
neg_000996	28.5	tpase_001888	32.692	10.0	1.3
neg_003159	27.3	tpase_004554	36.735	9.0	2.7
neg_004374	25.8	tpase_006992	27.778	14.0	3.7
neg_015106	29.3	tpase_003575	40.909	13.0	0.48
neg_001367	25.8	tpase_002187	31.148	32.0	2.6
neg_002593	26.2	tpase_001465	25.926	19.0	5.6
neg_020695	31.2	tpase_006701	36.842	8.0	0.16
neg_004096	28.9	tpase_002210	32.203	10.0	0.29
neg_000682	28.5	tpase_000507	30.769	6.0	1.9
neg_000301	27.7	tpase_006626	28.378	16.0	2.2
neg_014470	33.9	tpase_006821	41.667	4.0	0.043
neg_003720	31.6	tpase_002550	37.705	12.0	0.14
neg_020177	25.4	tpase_000845	40.0	39.0	0.68
neg_002221	24.3	tpase_001233	29.412	27.0	7.2
neg_013216	26.6	tpase_000151	31.707	13.0	0.84
neg_009615	28.5	tpase_002169	35.714	19.0	0.4
neg_019109	30.8	tpase_003582	24.706	20.0	0.21
neg_001629	26.2	tpase_002980	25.397	31.0	1.9
neg_017656	29.6	tpase_001307	35.0	9.0	0.48
neg_007203	24.6	tpase_005137	31.169	46.0	4.0
neg_009226	26.9	tpase_004744	27.174	19.0	1.2
neg_019495	29.3	tpase_002016	27.778	17.0	0.87
neg_013565	25.4	tpase_002572	40.741	23.0	1.5
neg_016363	25.0	tpase_001509	57.895	11.0	4.2
neg_014290	26.2	tpase_005008	24.615	22.0	4.2
neg_019011	27.3	tpase_003654	33.846	18.0	1.9
neg_015371	0.0	None	0.0	0.0	999.0
neg_012503	30.8	tpase_002282	37.288	8.0	0.097
neg_010532	25.4	tpase_006582	35.135	26.0	2.1
neg_008546	28.5	tpase_004850	37.5	5.0	1.1
neg_004541	25.4	tpase_001879	30.0	68.0	1.3
neg_000439	30.4	tpase_006713	38.462	3.0	1.1
neg_005471	23.9	tpase_002751	32.353	25.0	5.7
neg_015028	26.2	tpase_001316	27.536	16.0	6.0
neg_001082	28.5	tpase_000514	28.261	12.0	0.98
neg_020113	30.4	tpase_002278	35.714	11.0	0.32
neg_001735	0.0	None	0.0	0.0	999.0
neg_020465	24.3	tpase_004057	32.653	32.0	4.6
neg_011179	27.3	tpase_004368	33.333	7.0	4.2
neg_011714	26.6	tpase_001679	29.167	22.0	2.9
neg_002543	29.3	tpase_006638	32.432	5.0	2.4
neg_008930	26.6	tpase_005824	27.835	82.0	0.27
neg_012496	30.0	tpase_001002	24.786	22.0	0.45
neg_003539	28.9	tpase_006501	27.778	29.0	0.59
neg_014147	23.9	tpase_002907	22.951	51.0	4.2
neg_008689	25.8	tpase_002786	26.829	6.0	5.3
neg_019625	25.0	tpase_005407	27.5	27.0	1.2
neg_017185	30.8	tpase_004272	33.333	14.0	0.2
neg_011855	26.9	tpase_005421	28.235	31.0	1.6
neg_021107	28.1	tpase_002053	29.592	39.0	0.64
neg_002112	28.5	tpase_004214	26.582	44.0	0.28
neg_007623	28.9	tpase_001316	28.571	8.0	1.6
neg_003094	25.4	tpase_002601	45.833	13.0	3.4
neg_019710	28.9	tpase_000122	31.25	15.0	0.9
neg_003252	26.2	tpase_001465	58.824	9.0	2.3
neg_004313	24.6	tpase_003526	40.625	20.0	4.2
neg_005671	28.5	tpase_001525	35.0	5.0	2.4
neg_001578	30.0	tpase_002409	28.09	28.0	0.19
neg_018835	28.5	tpase_006212	31.579	14.0	1.1
neg_012125	30.0	tpase_002933	26.531	24.0	0.32
neg_015952	34.7	tpase_000288	29.412	18.0	0.016
neg_019123	26.6	tpase_003378	32.727	16.0	3.6
neg_019934	29.6	tpase_000594	26.562	18.0	0.29
neg_002712	29.3	tpase_004527	34.375	14.0	0.83
neg_016276	30.0	tpase_006671	28.866	22.0	0.34
neg_019570	26.2	tpase_003383	35.714	6.0	7.8
neg_000635	26.9	tpase_002556	28.571	26.0	4.1
