seq_id	score
tpase_004048	0.9988182
tpase_004403	0.99999964
tpase_004673	0.99774146
tpase_004684	0.99996233
tpase_002437	1.0
tpase_004384	0.9999316
tpase_006725	1.0
tpase_005887	0.0005534785
tpase_006445	0.9999995
tpase_005299	1.0
tpase_006150	0.9999788
tpase_005322	1.0
tpase_003228	1.0
tpase_002196	1.0
tpase_006029	1.0
tpase_001691	0.9999417
tpase_002281	0.99999976
tpase_000227	1.278678e-7
tpase_004987	1.0
tpase_000046	0.9996754
tpase_005258	1.0
tpase_002564	0.9999937
tpase_003875	1.0
tpase_000534	1.0
tpase_001328	0.9999752
tpase_001213	1.0
tpase_004356	0.9999994
tpase_002646	0.99964607
tpase_003834	0.9999994
tpase_004126	0.9999939
tpase_006405	0.9999896
tpase_005295	0.000078262536
tpase_002405	0.99998176
tpase_000643	1.0
tpase_001665	0.9999919
tpase_001887	1.0
tpase_003788	0.9999999
tpase_003481	1.0
tpase_000620	0.9999771
tpase_000089	0.99999964
tpase_005266	1.0
tpase_002696	1.0
tpase_005437	1.0
tpase_006896	1.0
tpase_002488	0.9996772
tpase_004996	0.9999511
tpase_001167	1.0
tpase_002539	1.0
tpase_003952	1.0
tpase_003365	0.9999995
tpase_004358	0.9999999
tpase_002971	0.9999999
tpase_006239	0.99984574
tpase_005120	1.0
tpase_001685	1.0
tpase_001916	0.99634224
tpase_000408	0.99999964
tpase_000873	1.0
tpase_003463	0.9999995
tpase_006762	0.99998796
tpase_003348	1.0
tpase_003627	0.9914806
tpase_002154	0.9999709
tpase_004962	0.99997187
tpase_005846	0.9999858
tpase_004762	1.0
tpase_003857	0.99999976
tpase_003268	1.0
tpase_005595	1.0
tpase_001908	0.9999999
tpase_005252	0.999964
tpase_005385	0.4929284
tpase_006448	0.9998147
tpase_000305	1.0
tpase_007010	1.0
tpase_005873	1.0
tpase_001625	0.99999905
tpase_005025	1.0
tpase_000921	0.999902
tpase_002218	0.99992144
tpase_004631	0.99999666
tpase_004506	1.0
tpase_005881	1.0
tpase_000048	0.99964416
tpase_001977	1.0
tpase_000957	0.99882966
tpase_002313	0.9999486
tpase_002475	0.9999999
tpase_001915	0.9998097
tpase_002343	1.0
tpase_003542	1.0
tpase_000912	0.9982875
tpase_000427	0.999984
tpase_006655	1.0
tpase_000900	0.99973017
tpase_005593	0.999923
tpase_002616	0.99996495
tpase_007070	1.0
tpase_003446	0.99977213
tpase_006122	1.0
tpase_004173	1.0
tpase_005041	1.0
tpase_004455	1.0
tpase_002148	0.9999721
tpase_002730	1.0
tpase_004775	0.99985623
tpase_005510	0.99999344
tpase_003404	0.9969676
tpase_005644	0.9999386
tpase_000822	1.0
tpase_006478	1.0
tpase_000426	0.9999968
tpase_001544	0.99957544
tpase_002953	0.9982961
tpase_003798	0.9999529
tpase_001601	0.99999964
tpase_005669	1.0
tpase_006188	0.9999962
tpase_004882	1.0
tpase_006072	0.9999068
tpase_002756	0.99997485
tpase_005398	1.0
tpase_004484	1.0
tpase_004376	0.028531805
tpase_000177	1.0
tpase_000410	0.99999964
tpase_000872	1.0
tpase_005017	1.0
tpase_004999	1.0
tpase_003832	1.0
tpase_006389	0.9967354
tpase_005861	1.0
tpase_004686	0.99950135
tpase_005616	0.9998964
tpase_003282	0.99999833
tpase_006637	0.99999714
tpase_000150	0.99844164
tpase_001740	0.99997234
tpase_003583	0.994601
tpase_004189	1.0
tpase_000418	0.9999999
tpase_006532	0.9999999
tpase_003563	0.9993981
tpase_004448	0.99996996
tpase_002116	0.99999213
tpase_003910	1.0
tpase_005296	0.99977726
tpase_001019	0.99985385
tpase_000814	0.9684506
tpase_001163	0.99957746
tpase_000937	0.9998659
tpase_001561	0.9999403
tpase_006942	0.9997398
tpase_004861	1.0
tpase_001741	0.999974
tpase_003465	0.9998809
tpase_002280	1.0
tpase_001976	1.0
tpase_002185	1.0
tpase_000201	1.0
tpase_000743	1.0
tpase_002957	1.0
tpase_003648	0.98215693
tpase_006773	1.0
tpase_003015	1.0
tpase_004937	1.0
tpase_003049	1.0
tpase_004380	0.27493075
tpase_003561	0.9995043
tpase_003933	1.0
tpase_002926	0.99994195
tpase_002299	1.0
tpase_002234	1.0
tpase_000755	1.0
tpase_005949	1.0
tpase_002354	1.0
tpase_005042	0.99999356
tpase_003715	1.0
tpase_005036	0.9999782
tpase_006954	1.0
tpase_000079	1.0
tpase_002755	0.99996054
tpase_003904	1.0
tpase_005072	1.0
tpase_006013	0.9996723
tpase_000973	1.0
tpase_002417	1.0
tpase_000914	0.99994266
tpase_001628	0.99979883
tpase_001973	0.99999905
tpase_005629	1.0
tpase_006294	1.0
tpase_003462	1.0
tpase_003637	0.9999865
tpase_003585	0.9998053
tpase_000068	0.9999999
tpase_004418	0.9999988
tpase_006447	0.99990726
tpase_003750	0.9991511
tpase_001485	0.9999708
tpase_003231	1.0
tpase_001033	0.9999809
tpase_003133	1.0
tpase_004949	1.0
tpase_001560	0.99998236
tpase_001914	0.9971904
tpase_006327	0.99963784
tpase_005182	1.0
tpase_003745	0.9999666
tpase_006712	1.0
tpase_005547	1.0
tpase_003504	1.0
tpase_004543	0.9999995
tpase_000237	0.9999819
tpase_004040	0.99799997
tpase_004371	1.0
tpase_001542	0.9994036
tpase_001511	0.9999957
tpase_002321	1.0
tpase_001424	0.99977046
tpase_005494	1.0
tpase_004945	0.9997205
tpase_004405	0.99999785
tpase_004833	0.99965215
tpase_006781	0.9999994
tpase_003862	1.0
tpase_007063	1.0
tpase_001859	1.0
tpase_005548	0.999848
tpase_002497	1.0
tpase_001496	1.0
tpase_005274	1.0
tpase_000935	0.99993896
tpase_002591	0.9999999
tpase_004932	0.052250568
tpase_005288	0.99997413
tpase_005405	0.999979
tpase_004950	1.0
tpase_005888	0.00036765053
tpase_004515	1.0
tpase_000661	1.0
tpase_000085	1.0
tpase_003566	0.9996896
tpase_004066	0.0025902612
tpase_001259	1.0
tpase_001161	0.99967766
tpase_004879	0.9999999
tpase_001626	0.9999988
tpase_000662	1.0
tpase_003871	0.9999999
tpase_006710	1.0
tpase_003280	0.9999759
tpase_000652	0.999995
tpase_000411	0.9999995
tpase_006933	0.000052197483
tpase_003327	0.996572
tpase_002402	0.9999964
tpase_001645	0.9997446
tpase_003500	0.9999964
tpase_004610	1.0
tpase_005308	1.0
tpase_002645	0.99946076
tpase_002955	0.99924254
tpase_002785	1.0
tpase_000285	1.0
tpase_000406	0.99999976
tpase_003275	1.0
tpase_004953	1.0
tpase_002056	0.99957377
tpase_001129	0.99997187
tpase_004674	0.99979645
tpase_000425	0.99999905
tpase_000086	1.0
tpase_003210	1.0
tpase_000656	0.9999963
tpase_003732	1.0
tpase_001397	0.99997306
tpase_005284	1.0
tpase_003848	0.00055099855
tpase_004781	0.99968135
tpase_004102	0.99999714
tpase_004700	1.0
tpase_003499	0.9999976
tpase_004934	1.0
tpase_004944	0.999566
tpase_004252	1.0
tpase_003313	1.0
tpase_004687	0.99999106
tpase_001913	1.0
tpase_005425	1.0
tpase_000834	1.0
tpase_000223	0.99990666
tpase_006282	0.999948
tpase_000404	0.9999994
tpase_006495	0.9979882
tpase_004514	0.3761078
tpase_004928	0.9999999
tpase_005264	0.5158015
tpase_003181	0.99998283
tpase_000526	0.99952936
tpase_001046	0.011413544
tpase_001162	0.99384683
tpase_002894	0.9999026
tpase_002522	0.99994624
tpase_003850	0.9999999
tpase_001506	1.0
tpase_005707	1.0
tpase_005021	0.9999759
tpase_005981	0.9997855
tpase_000655	0.9999969
tpase_004383	0.9999471
tpase_000653	0.99999666
tpase_002593	1.0
tpase_001402	0.9941355
tpase_002315	1.0
tpase_004463	0.99999976
tpase_005815	0.9998772
tpase_003565	0.99990606
tpase_006006	1.0
tpase_006497	0.9997687
tpase_005123	0.99982697
tpase_003763	1.0
tpase_005471	1.0
tpase_000835	1.0
tpase_000428	0.99997485
tpase_000389	1.0
tpase_004464	0.99999785
tpase_004855	1.0
tpase_003825	0.9999777
tpase_002947	1.0
tpase_006881	1.0
tpase_006221	0.9989502
tpase_005000	0.9999962
tpase_000744	0.9999523
tpase_006916	0.99860746
tpase_001910	1.0
tpase_005744	0.9999157
tpase_004407	0.99999607
tpase_004049	0.998798
tpase_003826	0.99969316
tpase_004370	0.02442501
tpase_002317	1.0
tpase_000815	0.9998012
tpase_000506	0.99940276
tpase_001991	1.0
tpase_004414	1.0
tpase_004878	1.0
tpase_003354	0.99999976
tpase_002454	1.0
tpase_004853	0.075326286
tpase_004784	1.0
tpase_006312	0.999658
tpase_005607	0.99998343
tpase_004834	0.9999391
tpase_006434	0.99989367
tpase_006275	0.99966264
tpase_001160	0.9999654
tpase_000405	0.9999994
tpase_000585	1.0
tpase_004047	0.9996308
tpase_001125	0.99999833
tpase_004856	0.9800403
tpase_004216	0.99992645
tpase_004318	0.9999709
tpase_000958	1.0
tpase_002195	1.0
tpase_006767	0.99999964
tpase_006313	0.99974626
tpase_002545	1.0
tpase_005285	1.0
tpase_002724	1.0
tpase_005980	0.9999907
tpase_005360	0.9999999
tpase_003572	1.0
tpase_007001	0.9988009
tpase_002567	0.99999344
tpase_004164	1.0
tpase_004777	0.9997718
tpase_003102	1.0
tpase_001861	1.0
tpase_000432	1.0
tpase_004121	0.99436176
tpase_004036	0.9999999
tpase_001499	1.0
tpase_001896	1.0
tpase_000412	0.9999999
tpase_004067	1.0
tpase_006087	0.99963915
tpase_001974	0.9999995
tpase_000934	0.99993384
tpase_000883	1.0
tpase_005383	0.999951
tpase_005157	0.9999995
tpase_001930	1.0
tpase_004052	0.99703
tpase_004288	0.99999845
tpase_004685	0.99959606
tpase_005836	0.999858
tpase_003614	0.9994752
tpase_001627	0.9999988
tpase_006392	1.0
tpase_007091	0.99883467
tpase_005558	1.0
tpase_000333	1.0
tpase_004776	0.99998176
tpase_003089	0.999699
tpase_003602	0.9619989
tpase_004859	0.39309958
tpase_004039	0.9994286
tpase_006300	1.0
tpase_005065	1.0
tpase_001403	0.9986216
tpase_001992	1.0
tpase_003697	0.9999628
tpase_004880	0.043504145
tpase_001487	0.9999808
tpase_001731	1.0
tpase_000920	0.9996762
tpase_005453	1.0
tpase_006321	0.9990871
tpase_004544	0.99999976
tpase_005615	0.9992636
tpase_001395	1.0
tpase_004955	1.0
tpase_007064	1.0
tpase_001406	0.9999417
tpase_001858	1.0
tpase_004103	0.999998
tpase_000658	0.99965835
tpase_003793	1.0
tpase_006199	0.9999763
tpase_006492	1.0
tpase_001620	0.9999963
tpase_004002	1.0
tpase_004454	0.9999958
tpase_006939	1.0
tpase_005569	0.99999166
tpase_003584	0.999977
tpase_000567	0.9993932
tpase_006643	1.0
tpase_003699	0.9999937
tpase_005622	0.9998671
tpase_006678	0.9999999
tpase_003564	0.9992105
tpase_003189	0.9999883
tpase_002134	0.99992454
tpase_006727	1.0
tpase_004933	1.0
tpase_001344	1.0
tpase_004295	1.0
tpase_003636	0.99972755
tpase_000423	0.99999416
tpase_005880	1.0
tpase_001853	1.0
tpase_002098	1.0
tpase_003347	1.0
tpase_001545	0.9997042
tpase_005168	1.0
tpase_004406	0.9999976
tpase_004123	0.99968743
tpase_005064	1.0
tpase_003870	1.0
tpase_006217	0.99984133
tpase_004361	0.97906333
tpase_006795	0.9999987
tpase_001128	0.99999225
tpase_002647	0.9998505
tpase_004783	0.9999299
tpase_005291	0.9998166
tpase_004478	1.0
tpase_004319	0.99974805
tpase_006650	1.0
tpase_006875	1.0
tpase_003184	0.99999785
tpase_001287	1.0
tpase_006457	1.0
tpase_002412	1.0
tpase_002200	1.0
tpase_004936	1.0
tpase_004613	0.9999912
tpase_001471	1.0
tpase_002595	0.055866234
tpase_005496	1.0
tpase_000913	0.9993069
tpase_002927	0.99942577
tpase_004737	1.0
tpase_005513	1.0
tpase_003445	0.99985516
tpase_007087	1.0
tpase_005395	1.0
tpase_002903	0.9999778
tpase_003883	1.0
tpase_007090	1.0
tpase_002985	0.99998605
tpase_004854	1.0
tpase_003688	0.9999862
tpase_004317	0.9995937
tpase_005817	1.0
tpase_002895	1.0
tpase_006111	0.9992441
tpase_004678	0.9827824
tpase_006223	0.99979657
tpase_003125	1.0
tpase_002592	0.004158463
tpase_004020	0.99999726
tpase_001718	1.0
tpase_002589	0.012318828
tpase_001457	1.0
tpase_003897	0.99999964
tpase_000123	1.0
tpase_003229	1.0
tpase_006391	0.999795
tpase_003867	1.0
tpase_003284	1.0
tpase_003083	1.0
tpase_004034	0.032574352
tpase_006372	0.9997744
tpase_003079	0.99999976
tpase_004873	1.0
tpase_005495	0.9999716
tpase_002863	0.99998903
tpase_004025	0.99999094
tpase_002954	0.99991584
tpase_003578	0.99963415
tpase_003183	0.99995375
tpase_000080	1.0
tpase_005837	0.999889
tpase_000419	0.99999857
tpase_004738	1.0
tpase_002074	0.99652845
tpase_005935	1.0
tpase_004289	0.99991846
tpase_004027	0.9999981
tpase_004362	0.9739977
tpase_003632	1.0
tpase_003075	1.0
tpase_005484	1.0
tpase_003314	1.0
tpase_005742	0.99967146
tpase_006222	0.9999418
tpase_001717	1.0
tpase_004961	0.99995935
tpase_005057	1.0
tpase_005297	1.0
tpase_006157	1.0
tpase_002355	1.0
tpase_001602	0.99999964
tpase_002688	0.99979204
tpase_006549	0.99995875
tpase_000504	0.99940133
tpase_005470	1.0
tpase_005399	1.0
tpase_001562	0.99996424
tpase_003824	0.9998623
tpase_001512	0.99991727
tpase_007068	0.99990344
tpase_003379	1.0
tpase_004611	0.99999976
tpase_005119	1.0
tpase_002584	1.0
tpase_004296	0.99993515
tpase_003103	0.9999999
tpase_006999	0.99955064
tpase_006097	1.0
tpase_006653	0.043961015
tpase_000660	0.9998627
tpase_003414	0.99991715
tpase_002147	0.9999516
tpase_003182	0.9999609
tpase_003273	0.99999785
tpase_001664	0.999964
tpase_000416	1.0
tpase_005446	1.0
tpase_003496	1.0
tpase_002007	1.0
tpase_004714	1.0
tpase_001130	0.9999522
tpase_003501	0.99995697
tpase_005956	0.9999398
tpase_007002	0.9998777
tpase_000422	0.9999958
tpase_005404	0.999982
tpase_006311	0.99964595
tpase_002871	0.99939716
tpase_006876	0.9997439
tpase_000569	0.99994564
tpase_003836	0.9999999
tpase_001591	1.0
tpase_002594	1.0
tpase_006606	0.9999833
tpase_000641	1.0
tpase_006496	0.99828833
tpase_002162	0.9999243
tpase_004591	0.99999976
tpase_000429	0.99999833
tpase_004432	0.99999154
tpase_002763	0.9999999
tpase_006273	0.9999889
tpase_004065	1.0
tpase_003905	1.0
tpase_001600	0.9999999
tpase_000284	1.0
tpase_003223	1.0
tpase_003332	1.0
tpase_004599	0.9999789
tpase_000083	1.0
tpase_004782	0.9999901
tpase_001407	1.0
tpase_001486	1.0
tpase_006406	0.99994266
tpase_005901	1.0
tpase_004489	1.0
tpase_000831	1.0
tpase_004364	0.005732415
tpase_005024	0.99996877
tpase_002424	1.0
tpase_001676	1.0
tpase_002476	1.0
tpase_000995	1.0
tpase_000414	0.9999871
tpase_001663	0.9999449
tpase_000654	0.99999714
tpase_001739	1.0
tpase_004817	0.96135753
tpase_000785	1.0
tpase_004366	1.0
tpase_004715	1.0
tpase_005388	0.99990356
tpase_006527	1.0
tpase_000015	1.0
tpase_002597	1.0
tpase_003899	0.99999964
tpase_003177	1.0
tpase_005069	1.0
tpase_004108	0.99962306
tpase_000933	0.9997217
tpase_004310	1.0
tpase_001294	0.99969876
tpase_002146	0.99999726
tpase_005009	0.9999857
tpase_006205	1.0
tpase_004780	0.9999397
tpase_002070	0.9999969
tpase_001389	1.0
tpase_004860	1.0
tpase_004035	1.0
tpase_004609	0.9999819
tpase_006240	1.0
tpase_003517	0.9185562
tpase_000403	0.99999917
tpase_006338	1.0
tpase_004290	0.9999664
tpase_006042	1.0
tpase_006691	0.99992204
tpase_000619	0.99999344
tpase_004688	0.9981261
tpase_004778	0.99993455
tpase_002069	0.999995
tpase_003336	1.0
tpase_004046	0.97236836
tpase_007003	0.9999144
tpase_001218	1.0
tpase_000420	0.9999988
tpase_005323	1.0
tpase_003724	0.99970776
tpase_001727	1.0
tpase_006998	0.988172
tpase_004125	0.999997
tpase_005426	1.0
tpase_001279	0.9999845
tpase_002054	1.0
tpase_000747	1.0
tpase_005544	1.0
tpase_006654	1.0
tpase_001940	0.9999968
tpase_004835	0.9996644
tpase_000407	0.999997
tpase_004299	0.99994516
tpase_001217	1.0
tpase_004795	1.0
tpase_001692	0.9999349
tpase_002021	1.0
tpase_004412	0.9999987
tpase_001693	0.999943
tpase_003690	0.9999845
tpase_000860	0.9988469
tpase_006609	1.0
tpase_003621	1.0
tpase_002596	1.0
tpase_001978	1.0
tpase_005598	1.0
tpase_005286	1.0
tpase_002123	0.9999391
tpase_001543	0.99978405
tpase_001431	0.99988294
tpase_006941	0.8168821
tpase_004938	1.0
tpase_006366	0.99996185
tpase_000642	1.0
tpase_000932	0.99956745
tpase_000176	0.9999374
tpase_004689	0.99978775
tpase_000617	1.0
tpase_002585	1.0
tpase_005071	1.0
tpase_004431	0.9999976
tpase_004201	0.99999344
tpase_003444	0.9990846
tpase_000922	0.9998876
tpase_003571	0.9802608
tpase_006050	0.9999999
tpase_006523	0.99999976
tpase_002974	1.0
tpase_004150	1.0
tpase_003613	0.99999917
tpase_001624	0.9999987
tpase_003689	0.9999969
tpase_004952	1.0
tpase_003121	0.9998049
tpase_000943	0.994335
tpase_004881	1.0
tpase_002966	1.0
tpase_003172	1.0
tpase_003698	0.99999523
tpase_006657	1.0
tpase_000810	1.0
tpase_001393	0.99983895
tpase_006323	0.99974245
tpase_004363	0.91156733
tpase_004490	1.0
tpase_001043	0.015551076
tpase_006182	0.99926835
tpase_003088	0.9691413
tpase_000076	1.0
tpase_003819	1.0
tpase_004301	0.9999645
tpase_002318	1.0
tpase_002260	1.0
tpase_007096	0.9998449
tpase_003835	0.99999976
tpase_001384	0.99999905
tpase_006936	0.00097539416
tpase_000566	0.99996626
tpase_005624	0.9998758
tpase_002363	0.00013166115
tpase_002132	0.9998091
tpase_002320	0.9999999
tpase_001394	1.0
tpase_004203	0.99993384
tpase_005450	1.0
tpase_004917	1.0
tpase_001725	0.99997866
tpase_000298	0.9999596
tpase_000421	0.99999964
tpase_003281	0.99999964
tpase_002967	1.0
tpase_002190	1.0
tpase_000816	0.9990325
tpase_006502	0.99999833
tpase_003560	1.0
tpase_003885	1.0
tpase_002940	1.0
tpase_003464	0.9997422
tpase_006546	1.0
tpase_006718	1.0
tpase_004372	1.0
tpase_000021	1.0
tpase_003212	0.9999031
tpase_001274	1.0
tpase_001936	1.0
tpase_004935	0.06972039
tpase_005454	1.0
tpase_005393	1.0
tpase_003619	1.0
tpase_006535	1.0
tpase_003276	1.0
tpase_003615	0.9999932
tpase_004122	0.9995283
tpase_005487	1.0
tpase_004449	0.99999523
tpase_004516	1.0
tpase_001258	1.0
tpase_004026	0.9999976
tpase_002796	0.9999982
tpase_005023	1.0
tpase_006160	0.99999964
tpase_005609	1.0
tpase_000909	1.0
tpase_006913	0.9993913
tpase_005599	0.9999665
tpase_001931	1.0
tpase_004578	1.0
tpase_000091	1.0
tpase_006493	0.99999964
tpase_006352	1.0
tpase_005282	1.0
tpase_001422	1.0
tpase_003497	1.0
tpase_001886	1.0
tpase_004309	1.0
tpase_002754	0.99998844
tpase_001481	1.0
tpase_002824	0.9999149
tpase_005645	0.99996936
tpase_005743	0.99985576
tpase_006965	1.0
tpase_004068	1.0
tpase_003076	1.0
tpase_001164	0.99879944
tpase_000821	1.0
tpase_005705	1.0
tpase_003187	0.9999958
tpase_005623	0.9998148
tpase_000424	0.9999999
tpase_005461	1.0
tpase_003312	0.7860388
tpase_003483	1.0
tpase_003352	1.0
tpase_003122	0.9993112
tpase_000413	1.0
tpase_005614	0.9999976
tpase_005175	0.9999707
tpase_000651	0.99999416
tpase_006774	1.0
tpase_002590	1.0
tpase_004298	0.99996555
tpase_003620	1.0
tpase_006322	0.9996958
tpase_006435	0.9999225
tpase_005372	0.08733933
tpase_006388	1.0
tpase_002141	0.9999449
tpase_005751	0.9999999
tpase_004453	1.0
tpase_002020	1.0
tpase_002151	0.9999571
tpase_002192	1.0
tpase_004998	0.9999789
tpase_005283	0.99923956
tpase_000941	0.99647266
tpase_003090	0.9943591
tpase_001127	0.99999106
tpase_000538	0.99992216
tpase_005519	1.0
tpase_004764	1.0
tpase_004202	0.99986804
tpase_005606	0.99991167
tpase_001598	1.0
tpase_001716	1.0
tpase_004997	1.0
tpase_004032	0.99999964
tpase_007000	0.9992855
tpase_005255	1.0
tpase_005468	1.0
tpase_003338	1.0
tpase_002398	0.99999976
tpase_003061	1.0
tpase_005412	0.9999287
tpase_006329	0.9999832
tpase_004016	1.0
tpase_003868	1.0
tpase_005272	0.99955004
tpase_007084	0.99993205
tpase_003863	1.0
tpase_001159	0.97465694
tpase_006289	0.99191624
tpase_000415	0.9999999
tpase_003849	1.0
tpase_004929	1.0
tpase_004153	0.99999523
tpase_006339	0.9997589
tpase_006404	0.99857473
tpase_003209	1.0
tpase_006401	0.99879277
tpase_003185	0.9999546
tpase_005685	1.0
tpase_001461	1.0
tpase_001420	0.9999919
tpase_002005	1.0
tpase_000430	0.9999989
tpase_006531	1.0
tpase_002401	0.9999999
tpase_003186	0.99994373
tpase_004462	0.99999833
tpase_000657	0.99999785
tpase_001699	1.0
tpase_003869	0.99999976
tpase_002194	0.99999976
tpase_004779	0.9999536
tpase_001060	0.9999609
tpase_004015	1.0
tpase_004447	0.99999785
tpase_006877	0.18631177
tpase_004580	0.99999964
tpase_005967	1.0
tpase_002411	1.0
tpase_001599	1.0
tpase_004217	0.99987376
tpase_003214	0.99999595
tpase_007069	1.0
tpase_006224	0.99915135
tpase_005026	0.999985
tpase_005224	1.0
tpase_001404	0.99867046
tpase_006091	0.35380945
tpase_002222	1.0
tpase_004877	0.011933438
tpase_004377	1.0
tpase_003356	0.99999976
tpase_005633	1.0
tpase_004218	0.9998808
tpase_004943	0.99977106
tpase_000871	0.023392249
tpase_002290	0.99992645
tpase_004206	0.9999455
tpase_006193	1.0
tpase_006102	1.0
tpase_003800	0.99999976
tpase_002899	0.99995613
tpase_000936	0.99982846
tpase_005534	1.0
tpase_004042	0.99658006
tpase_002362	0.9999491
tpase_005300	0.999936
tpase_004385	0.9999894
tpase_006786	0.99462247
tpase_006656	1.0
tpase_002103	0.99983287
tpase_000659	0.9997385
tpase_001245	0.9999999
tpase_004124	0.9999988
tpase_000129	0.99999976
tpase_001165	1.0
tpase_006431	0.9999701
tpase_005143	1.0
tpase_002762	1.0
tpase_000525	1.0
tpase_002191	0.9999124
tpase_001726	0.99999154
tpase_004365	1.0
tpase_005334	1.0
tpase_006605	0.9999938
tpase_003188	0.99997175
tpase_005151	0.99989784
tpase_002689	0.99997854
tpase_000286	1.0
tpase_002025	1.0
tpase_006299	0.99999905
tpase_000084	1.0
tpase_003337	1.0
tpase_000078	0.99999976
tpase_006948	0.9998497
tpase_003227	0.3540513
tpase_005180	0.9998103
tpase_006775	1.0
tpase_006943	0.9965018
tpase_000200	1.0
tpase_001126	0.99999917
tpase_005966	1.0
tpase_004029	0.9999932
tpase_001983	1.0
tpase_005474	1.0
tpase_006667	0.99846715
tpase_005448	1.0
tpase_001696	1.0
tpase_006334	0.9997905
tpase_001314	0.99974364
tpase_005174	0.99998164
tpase_006316	0.99977165
tpase_003616	0.99989164
tpase_004300	0.99997234
tpase_004857	1.0
tpase_004469	0.9999137
tpase_007102	1.0
tpase_001752	0.99996567
tpase_006830	0.9998981
tpase_003051	0.99999964
tpase_000861	0.9990262
tpase_006784	0.99938035
tpase_005745	0.99992704
tpase_003213	0.9999989
tpase_002511	0.9999324
tpase_004672	0.99998474
tpase_002759	1.0
tpase_000417	0.9999999
tpase_005545	1.0
tpase_001343	0.99927694
tpase_001919	1.0
tpase_001680	0.9999999
tpase_006117	0.99991894
tpase_004360	1.0
tpase_001678	1.0
tpase_004014	0.99999964
tpase_005957	1.0
tpase_004051	0.97488517
tpase_002619	0.9999993
tpase_006604	0.99993014
tpase_002006	1.0
tpase_006390	0.9998902
tpase_004419	0.99999833
tpase_001299	1.0
tpase_001510	0.99999607
tpase_005049	1.0
tpase_005070	1.0
tpase_006832	0.9999989
tpase_004858	1.0
tpase_002975	1.0
tpase_004050	0.9719339
tpase_003900	1.0
tpase_000862	0.9993617
tpase_003881	1.0
tpase_006360	0.9980648
tpase_005265	1.0
tpase_004236	1.0
tpase_003872	0.9999999
tpase_004378	1.0
tpase_004930	1.0
tpase_002599	0.99999964
tpase_000539	1.0
tpase_003120	0.99699616
tpase_002687	0.9999982
tpase_006844	0.1424099
tpase_004159	0.99999666
tpase_005281	0.99995637
tpase_001546	0.99997723
tpase_000942	0.99800617
tpase_005801	1.0
tpase_000335	1.0
tpase_004018	1.0
tpase_003638	0.99997437
tpase_006356	0.9999387
tpase_002314	1.0
tpase_001488	0.9999715
tpase_005083	1.0
tpase_005020	0.9999467
tpase_005889	1.0
tpase_004774	0.99983346
tpase_006446	0.9994541
tpase_006114	0.9999627
tpase_000289	1.0
tpase_006500	0.99999976
tpase_006689	0.99798065
tpase_005965	1.0
tpase_002573	0.99999976
tpase_000901	0.98484564
tpase_002201	0.9999393
tpase_003562	0.99945194
tpase_001086	0.9999368
tpase_003062	1.0
tpase_002414	1.0
tpase_005287	0.000050115563
tpase_002135	0.9999895
tpase_000583	1.0
tpase_003633	1.0
tpase_005664	1.0
tpase_000225	1.0
tpase_001563	0.99955016
tpase_003411	0.9998951
tpase_005022	1.0
tpase_005460	1.0
tpase_006152	0.0004750184
tpase_006690	0.9999188
tpase_005228	1.0
neg_006255	3.351467e-7
neg_014684	0.00054112246
neg_004353	0.00004212351
neg_005017	1.9860835e-8
neg_005845	0.0000014817545
neg_020334	1.0480282e-9
neg_015098	0.00000212755
neg_011094	0.0006427039
neg_019728	3.0412398e-10
neg_014675	2.1379499e-8
neg_006831	0.000013999359
neg_004073	0.00011126727
neg_018582	6.792868e-10
neg_004344	0.0021677713
neg_013632	0.000013790709
neg_004854	1.0776343e-7
neg_002176	0.0000024357837
neg_009865	0.00009417399
neg_002787	0.0000045411048
neg_008536	0.00002293608
neg_011619	0.000012214172
neg_015543	5.1123067e-7
neg_000511	0.00007705949
neg_007029	0.000011241195
neg_017280	2.1125977e-9
neg_016291	0.000010357948
neg_015983	0.09217988
neg_000567	0.0000028355614
neg_015799	0.0000054153306
neg_011110	1.4361353e-7
neg_012700	4.5655247e-7
neg_016945	0.000086332446
neg_018695	5.238926e-15
neg_006140	0.000011839616
neg_001212	6.1083097e-7
neg_002826	7.545414e-9
neg_009330	2.7820488e-7
neg_003963	0.00004374609
neg_002766	0.000002045208
neg_016143	2.0153175e-8
neg_002599	0.000011232366
neg_007965	0.000028772538
neg_007816	9.757437e-7
neg_009763	0.00004465837
neg_007495	0.0006045898
neg_016521	9.892207e-7
neg_010974	0.00010225324
neg_011349	7.847892e-7
neg_008009	0.000012102593
neg_004160	0.000004532287
neg_006815	0.00017595348
neg_007551	0.00077117124
neg_005719	0.00004439824
neg_010111	4.90637e-11
neg_018167	0.00088846666
neg_015121	0.0005557588
neg_015183	8.24618e-9
neg_011271	0.0000020248247
neg_020508	0.00015507374
neg_006840	0.00000478316
neg_015800	1.8360074e-8
neg_012021	0.0000018110785
neg_005801	3.1046006e-11
neg_019201	0.091907464
neg_010207	4.5444568e-7
neg_018509	7.799667e-11
neg_012726	3.0564095e-7
neg_018016	0.0000010370425
neg_020828	0.0039155004
neg_011726	0.00077969965
neg_012655	0.00011532575
neg_003507	5.81032e-8
neg_005308	0.00085509114
neg_011665	0.0000036419615
neg_013241	2.095363e-8
neg_013804	0.0000024777496
neg_016890	1.6837702e-9
neg_016154	5.822012e-7
neg_005252	1.0168004e-7
neg_003216	3.1789078e-8
neg_003459	2.47722e-7
neg_011317	2.930774e-10
neg_000007	0.00056162674
neg_016516	1.4705066e-7
neg_007993	0.00026535423
neg_004318	0.000051296036
neg_020025	0.000112239446
neg_008004	0.000022619484
neg_003398	0.0000038614967
neg_005941	0.00015615155
neg_001650	0.0000020809866
neg_019743	1.5136143e-9
neg_004667	0.0000015846272
neg_017916	0.00024593275
neg_019887	0.000029404322
neg_020216	6.901337e-11
neg_001633	0.00007177425
neg_009124	0.000008031617
neg_013599	1.6228508e-7
neg_016064	5.8787204e-8
neg_020951	6.2237504e-8
neg_010772	0.00006408383
neg_003361	7.12811e-8
neg_004380	0.00017526328
neg_006540	3.260463e-8
neg_010367	0.0003231221
neg_000164	0.000016267217
neg_006113	0.0000018480074
neg_004743	2.7324985e-8
neg_020518	3.1730365e-9
neg_020095	6.661158e-8
neg_013107	0.0000047505196
neg_005698	0.00000492372
neg_014411	0.000008733293
neg_021041	0.000055312736
neg_017809	0.002800205
neg_007323	0.000022952207
neg_003683	0.0000011744864
neg_010798	0.00088596693
neg_015639	0.000034676523
neg_020376	0.0000013815859
neg_012696	0.0000071988006
neg_014066	4.02162e-9
neg_013078	0.000005835431
neg_020643	1.9469429e-10
neg_005127	8.752684e-7
neg_012384	0.0009494305
neg_017424	4.674528e-10
neg_018134	6.907661e-10
neg_013396	0.0011999959
neg_001016	1.9645111e-7
neg_002744	0.000084681255
neg_018425	0.00001763729
neg_007171	3.7610178e-8
neg_012479	3.7093326e-7
neg_003972	0.00014175143
neg_019607	4.817575e-9
neg_017562	0.0000010802021
neg_012916	0.0000012410231
neg_016160	2.9671625e-8
neg_007995	0.0003747315
neg_006187	0.000023271037
neg_012545	0.000021484251
neg_017961	5.9834787e-10
neg_000054	0.000003022489
neg_014031	8.633153e-10
neg_015397	1.8176552e-8
neg_020449	0.000005103011
neg_018231	1.1346577e-8
neg_017221	3.0143799e-10
neg_006386	1.1438575e-9
neg_017405	0.0000021730407
neg_004197	0.0000015650013
neg_013453	0.00017036991
neg_008581	0.003651293
neg_016270	0.00022614136
neg_011525	0.000037381265
neg_002188	1.25116735e-8
neg_010069	0.12578388
neg_006797	0.00002565889
neg_004836	4.0838083e-7
neg_000475	0.0006592743
neg_005886	0.000005246432
neg_016216	1.0548407e-9
neg_019050	2.5187225e-7
neg_014583	0.000042606454
neg_014356	0.012881459
neg_001357	0.0000015865552
neg_002255	0.0000013962647
neg_013240	4.188259e-7
neg_013355	1.4831795e-7
neg_013797	0.00044299563
neg_018413	5.2223615e-16
neg_007517	0.000008257598
neg_000868	8.2004755e-7
neg_012936	0.0000012538761
neg_020408	2.924149e-8
neg_014957	3.4940462e-7
neg_019339	2.3460863e-8
neg_000209	0.003353678
neg_018847	0.00034688518
neg_003922	0.00009589919
neg_008473	0.00008281275
neg_000575	7.388673e-8
neg_012039	0.0000018020644
neg_010171	0.000020037434
neg_016417	1.0267333e-8
neg_011264	0.000034774414
neg_020419	0.0025396214
neg_020939	0.00001238709
neg_003766	0.0000350946
neg_016583	1.2144604e-7
neg_010093	0.0008103997
neg_018223	3.1170842e-7
neg_012866	0.00023780663
neg_001141	0.000007262474
neg_007207	6.065215e-7
neg_011305	1.1087591e-14
neg_005912	0.000052392574
neg_016217	0.000105318635
neg_015765	0.0016235792
neg_019890	1.8803107e-8
neg_004394	0.000031067382
neg_010383	0.000010248617
neg_000172	0.000033569635
neg_020535	5.413402e-10
neg_013304	6.543492e-7
neg_004804	0.0000030353317
neg_017650	0.0000069095654
neg_007205	0.0002563513
neg_008551	0.000030079853
neg_020565	1.1382185e-9
neg_012678	0.0000019793029
neg_000114	0.000003919371
neg_004823	0.00032664964
neg_007448	0.000017709815
neg_018375	9.907563e-12
neg_009411	0.000039138267
neg_008817	0.0006961464
neg_010416	1.1834054e-7
neg_000570	0.000038745737
neg_003787	0.000037796286
neg_000662	0.0000014821417
neg_002226	4.1934067e-7
neg_013515	1.9270286e-7
neg_012797	3.88975e-7
neg_006367	0.000011422029
neg_004057	0.000005754113
neg_009853	0.0000030109236
neg_019561	0.00016854038
neg_003529	1.0515708e-8
neg_010709	0.00001710299
neg_016936	0.003934226
neg_016925	8.179153e-7
neg_016033	5.245904e-8
neg_014006	0.00014154949
neg_018371	7.2425546e-9
neg_003214	0.0000034475124
neg_020525	0.0000065741688
neg_001116	0.0000065493628
neg_005974	0.00013981314
neg_008458	9.325757e-8
neg_002078	4.724676e-7
neg_010968	0.00046173658
neg_012711	3.061865e-7
neg_015837	1.14494554e-7
neg_017364	0.000025805733
neg_001017	0.000002456602
neg_000387	8.3277075e-7
neg_013269	6.904375e-8
neg_020663	7.578374e-12
neg_014632	0.000008796284
neg_005465	0.0000011849947
neg_011589	0.0000012783798
neg_003456	0.0000038867943
neg_018806	0.0000116487045
neg_013868	5.890761e-9
neg_007490	0.000001012438
neg_019701	7.445956e-8
neg_012981	0.0000012537124
neg_001031	0.0038413722
neg_001163	1.5845079e-7
neg_004001	0.000011240745
neg_018944	0.0000108238855
neg_004783	4.7422898e-8
neg_009493	0.00018062291
neg_018352	1.0553604e-8
neg_007869	1.4763014e-11
neg_020443	1.9586781e-7
neg_016121	8.5395907e-10
neg_014919	5.324725e-7
neg_000913	0.0000039959796
neg_013506	2.6072445e-7
neg_005043	0.000004495919
neg_010854	0.000017696782
neg_003287	0.00000643657
neg_017027	0.01654509
neg_016893	0.00013111166
neg_017480	0.0000033611475
neg_010197	0.00001199788
neg_002362	0.000022945727
neg_012191	0.000001488103
neg_004003	0.00013742577
neg_008793	6.390349e-9
neg_006635	0.00002984276
neg_006807	0.000036464557
neg_010742	0.0017493998
neg_020255	1.625836e-9
neg_016184	6.102755e-7
neg_006687	0.0000012100318
neg_005451	0.0003049431
neg_000040	0.000006318695
neg_020606	2.4717407e-11
neg_007699	0.000016783906
neg_013642	0.00006595062
neg_006284	0.005365143
neg_012072	0.000054936034
neg_011759	1.9418535e-7
neg_016434	8.222565e-11
neg_014908	1.5438955e-8
neg_005123	0.0000060406983
neg_021118	0.000102380945
neg_006642	0.000024929828
neg_000263	0.000007641711
neg_015630	3.039532e-8
neg_012128	0.00015744798
neg_019863	0.0000014899973
neg_017626	8.3908285e-9
neg_008023	2.985331e-10
neg_018084	0.000055471206
neg_007190	0.000016369304
neg_003017	0.0000024727217
neg_010017	0.000002835464
neg_005510	0.0001248887
neg_018082	2.218581e-14
neg_011537	0.0000011989791
neg_010597	0.000106148516
neg_009939	0.0014630061
neg_016852	0.0001038552
neg_003717	0.0000029543999
neg_015651	1.286504e-7
neg_010311	0.0000021704848
neg_014135	9.205368e-9
neg_011075	2.2813685e-8
neg_000309	0.0000072284365
neg_009442	0.000001876769
neg_008869	1.2274521e-8
neg_001069	0.000036311594
neg_009119	0.0718144
neg_018609	0.00011463522
neg_020653	0.0000025272404
neg_017878	4.374927e-10
neg_009121	0.00006980237
neg_002071	2.6231304e-12
neg_014272	0.013182969
neg_020109	1.287044e-7
neg_010466	0.00006628561
neg_020007	0.000011190069
neg_010520	0.0000038589087
neg_018182	7.061084e-9
neg_002197	7.0947965e-7
neg_000978	0.000044763598
neg_016279	0.000016434891
neg_012984	0.000040416504
neg_001354	0.0000013127407
neg_001245	0.000004523819
neg_008565	0.002489596
neg_020306	4.859366e-11
neg_003597	9.219847e-9
neg_015968	0.00057900493
neg_017078	1.9509463e-10
neg_012760	0.000011984524
neg_000543	0.00001400299
neg_008230	0.0006045898
neg_018821	3.732867e-8
neg_011102	0.000011723686
neg_003833	5.6965035e-7
neg_009564	0.014475425
neg_001864	7.725397e-7
neg_004898	8.178857e-7
neg_008517	0.000111265465
neg_009240	8.6132346e-10
neg_020858	3.9888338e-8
neg_018156	3.313122e-8
neg_012599	0.000021528182
neg_013553	0.000005575834
neg_019822	0.0010967493
neg_006403	0.0026964687
neg_017259	4.4210984e-17
neg_012849	7.2813265e-8
neg_008756	0.0000493939
neg_002485	0.000001461655
neg_004352	0.0000068652034
neg_004985	2.366613e-7
neg_003645	0.000040546136
neg_018583	3.9706176e-11
neg_001029	0.0000020036084
neg_006443	2.2345056e-7
neg_001788	0.0000035277872
neg_018173	0.6524895
neg_018987	2.215314e-9
neg_003011	0.000014846904
neg_017921	1.4234504e-9
neg_017966	7.289814e-9
neg_012446	0.0000025644988
neg_007103	0.0011573578
neg_009126	1.9792431e-7
neg_018974	4.6618025e-11
neg_014213	0.0000024015128
neg_016802	3.8696678e-11
neg_018085	9.572689e-9
neg_015908	2.0453687e-7
neg_010087	0.000009128402
neg_007853	0.00059254305
neg_017604	0.0005701839
neg_004740	0.000060012044
neg_000634	8.2153167e-7
neg_002267	0.005495924
neg_004564	0.00011523197
neg_001263	0.0013759205
neg_020032	0.0000029530702
neg_013430	7.7063237e-7
neg_019379	3.572555e-7
neg_001144	0.00037531691
neg_011172	4.475905e-7
neg_012998	5.8444647e-7
neg_015221	1.7220868e-8
neg_017618	2.5334751e-8
neg_007299	0.00029448705
neg_004890	1.9751627e-7
neg_006331	0.00004009511
neg_001767	0.00023551949
neg_013870	0.0054076286
neg_011681	0.0000058024016
neg_004684	0.002461248
neg_008357	3.316759e-11
neg_020664	0.03492284
neg_000159	0.0000026268915
neg_005716	3.7823767e-8
neg_013897	0.00007304446
neg_000917	0.0000018322015
neg_003817	0.0000016716931
neg_020187	2.6031763e-10
neg_020642	0.00020229294
neg_005462	6.354509e-8
neg_015331	0.000095901196
neg_002269	0.000003586986
neg_014693	0.000018808934
neg_011627	0.000004846119
neg_021143	0.00012009995
neg_020652	8.111667e-8
neg_016342	7.039021e-8
neg_020867	0.0000017296834
neg_001231	0.0000044005087
neg_013232	0.00005507504
neg_002436	0.0002126806
neg_018699	0.0001005971
neg_003806	0.012516004
neg_004395	2.6072445e-7
neg_015641	1.3297431e-9
neg_002818	0.00006339057
neg_016572	2.1907466e-8
neg_015466	0.0012465708
neg_019412	5.486169e-8
neg_010385	0.00080022734
neg_018246	1.1246236e-12
neg_003070	0.0003219598
neg_004920	0.000009332726
neg_000279	0.0000776471
neg_009333	7.1387353e-7
neg_006208	2.0983592e-7
neg_011949	0.000020510723
neg_015343	0.00013844378
neg_001723	0.0006878554
neg_000834	0.0061457213
neg_008718	9.119583e-8
neg_016402	0.00056942087
neg_015353	7.574296e-9
neg_010112	1.545734e-8
neg_009403	0.00023660797
neg_002911	0.000033659584
neg_009244	0.000015677286
neg_005353	0.000040343493
neg_009414	0.000034517398
neg_012463	3.7093326e-7
neg_011710	0.001172244
neg_005005	0.0003692681
neg_006371	0.0000034267766
neg_005808	3.1577275e-7
neg_005464	0.000040276682
neg_010623	0.0000032216346
neg_000745	7.750841e-7
neg_006961	0.0004175543
neg_008083	3.202649e-8
neg_008070	0.000008703312
neg_004303	0.0000013944124
neg_002720	0.000006232509
neg_000474	0.000008035524
neg_009228	0.00013828982
neg_015464	0.000015946229
neg_013420	0.00004291023
neg_011620	0.000012024088
neg_000969	0.0022220628
neg_013851	0.000114444854
neg_002021	0.00019886091
neg_015899	6.510601e-7
neg_006045	0.000013623703
neg_000912	0.0000016323845
neg_014214	0.0021237219
neg_018933	0.000076598226
neg_017071	0.0000041968897
neg_001939	0.00046702698
neg_011026	0.000388011
neg_002520	0.0000041091457
neg_000205	2.3530245e-7
neg_003898	7.639663e-8
neg_003764	0.000003153056
neg_020125	1.958626e-7
neg_011719	0.000039476265
neg_016453	0.0000044756202
neg_015033	0.000009300395
neg_016873	0.000007699854
neg_001353	1.3357433e-7
neg_007099	0.0000046682258
neg_020037	5.384317e-7
neg_021086	1.0470746e-10
neg_010878	0.0000028072502
neg_017678	0.0000041918056
neg_019615	0.000002250718
neg_017741	7.226733e-15
neg_011098	0.0000015597059
neg_019343	9.714608e-10
neg_006001	4.5643932e-7
neg_007230	0.00016738153
neg_020447	0.0000038489006
neg_012772	0.00002857443
neg_018728	1.7180344e-9
neg_000899	0.00014850959
neg_002537	4.7920334e-9
neg_004280	0.0000032697787
neg_014250	3.9770742e-7
neg_008891	0.00026386222
neg_009918	0.005432171
neg_004076	8.840417e-7
neg_014737	0.00001389606
neg_006134	0.00003544328
neg_003064	0.00001038916
neg_002167	0.000008035891
neg_016462	0.000021261798
neg_007322	4.847237e-7
neg_010154	0.0018981184
neg_008358	4.497017e-11
neg_008650	1.2147171e-8
neg_010686	2.6882378e-7
neg_019628	0.0003527739
neg_005935	0.000012784024
neg_006498	0.00086927717
neg_020199	1.327858e-8
neg_001816	0.00044783636
neg_010231	5.048117e-10
neg_006692	0.00027579375
neg_020352	0.000014502067
neg_007887	0.000010665503
neg_010361	0.0017200812
neg_006458	3.0849753e-10
neg_009778	2.2579319e-7
neg_004373	2.3709953e-7
neg_016672	9.2589005e-7
neg_017008	5.994276e-9
neg_013191	5.5701406e-7
neg_010221	3.989747e-8
neg_010666	0.00002122258
neg_018796	3.795969e-9
neg_010715	0.0004962802
neg_009858	0.000003857062
neg_007602	0.00009281601
neg_013608	2.8661115e-10
neg_007406	2.3037894e-10
neg_007145	0.000016369304
neg_019939	0.000012902376
neg_014383	0.00019414947
neg_002260	0.000004164428
neg_007347	0.0000089438745
neg_007358	0.00014889512
neg_000027	3.6340506e-7
neg_003879	1.4535853e-7
neg_004901	0.0035381669
neg_007701	0.00024202831
neg_007970	0.00027349812
neg_005177	0.000091696376
neg_009288	0.0005994802
neg_010746	6.357806e-7
neg_000863	0.0000026280893
neg_007721	1.1285275e-9
neg_002307	5.5398806e-7
neg_000102	0.0000034984248
neg_006771	0.0006359439
neg_013657	3.5711653e-7
neg_013812	2.4069647e-7
neg_011052	0.0002456253
neg_005060	0.000015071345
neg_002272	1.7545628e-7
neg_007082	3.2143038e-10
neg_012111	7.1339036e-7
neg_009900	5.1982834e-8
neg_005585	0.00045181278
neg_011963	2.8638365e-7
neg_006439	1.4575636e-7
neg_016368	0.003541923
neg_021063	5.4714424e-9
neg_020760	2.188725e-8
neg_013364	0.00025581245
neg_003703	0.0016435824
neg_001780	0.0000011137603
neg_003037	1.1423955e-7
neg_011018	0.000005911682
neg_001155	0.00006552478
neg_003697	0.000016965365
neg_020969	0.00068141136
neg_006486	0.000009211032
neg_020648	0.000053014683
neg_001286	0.000006431992
neg_016520	2.9071717e-7
neg_006337	0.0013257918
neg_009370	0.00038098707
neg_000943	5.5577453e-7
neg_004710	0.0000144131645
neg_012148	1.05885265e-8
neg_005527	2.7069142e-8
neg_003835	5.944206e-7
neg_020730	2.4704818e-7
neg_007265	0.00023794113
neg_005796	0.000030789688
neg_018716	0.000004683016
neg_012099	0.00009241179
neg_005443	0.00048121487
neg_005026	2.782255e-8
neg_009053	0.000039018047
neg_019991	0.000032991262
neg_019406	0.0002997429
neg_004560	0.000008937446
neg_020193	0.0003831009
neg_019114	9.802021e-8
neg_010056	8.4704806e-11
neg_020034	1.231782e-7
neg_014742	0.000016860686
neg_002873	0.0711296
neg_017330	0.0000053714716
neg_001972	0.00001113256
neg_019501	1.4285024e-7
neg_014220	0.0000015272734
neg_012279	0.000017814753
neg_007115	4.2736764e-7
neg_016857	0.000036021673
neg_002974	0.000004073449
neg_016086	0.000038795504
neg_017247	0.0000022195143
neg_006863	0.00063407014
neg_018686	0.0000020277773
neg_013594	0.000012400067
neg_006470	0.000002563022
neg_009509	8.7965844e-7
neg_014085	0.000015918546
neg_014731	1.312047e-9
neg_001729	0.0000013445919
neg_009108	8.871767e-7
neg_018629	0.00007914469
neg_016915	0.000015276348
neg_012519	0.000016826409
neg_008343	0.00010881076
neg_017100	5.4861374e-7
neg_016439	1.2108217e-8
neg_000696	0.00016082636
neg_006752	0.0021677713
neg_003530	0.0000020600285
neg_020398	1.276846e-10
neg_017968	2.1176503e-7
neg_006664	0.0006045898
neg_013140	0.0023475785
neg_020171	1.9582285e-9
neg_020214	5.936051e-11
neg_005699	0.0000071988006
neg_011729	5.211932e-9
neg_017317	6.724756e-8
neg_004549	0.0029631162
neg_014068	1.1050525e-9
neg_000653	3.040651e-8
neg_019797	0.000011357639
neg_005339	0.0000036875213
neg_020995	8.3712797e-7
neg_010452	4.3076716e-7
neg_002215	0.000045259458
neg_008127	9.481253e-7
neg_015731	0.1301767
neg_013211	0.0029691828
neg_019732	0.0001916006
neg_006307	0.0000011429049
neg_016608	2.1297477e-9
neg_016205	3.6036187e-7
neg_014723	5.48693e-9
neg_001088	0.0000010799981
neg_004159	0.0000014215053
neg_020132	2.0057525e-9
neg_002856	5.4463413e-7
neg_018925	8.310542e-8
neg_009086	0.0000024161416
neg_007308	1.3419417e-10
neg_002985	0.0000071076624
neg_013501	0.0001339171
neg_000752	0.000012702164
neg_002647	0.00024609556
neg_019842	0.00004356703
neg_001287	0.000046559482
neg_018273	0.000040755243
neg_008761	0.000030466586
neg_005163	0.000032717428
neg_003991	0.00009014791
neg_007498	3.1274425e-10
neg_016286	1.4102868e-9
neg_017823	3.8430132e-14
neg_013603	0.00077637663
neg_012619	0.00005779146
neg_013822	0.000002440113
neg_013182	1.7170005e-7
neg_009494	0.000006397544
neg_019278	4.727513e-9
neg_001812	4.879928e-7
neg_007558	7.883374e-8
neg_013585	0.000109452834
neg_006180	2.0352772e-8
neg_020786	0.00009416133
neg_005653	0.00018615102
neg_013300	1.510086e-7
neg_010160	0.000020286003
neg_008045	0.000031870102
neg_001687	8.787126e-7
neg_001001	0.0021853496
neg_003894	0.0000013523038
neg_020536	7.1627403e-7
neg_005836	5.425747e-9
neg_010692	8.871767e-7
neg_016341	0.0000626478
neg_010137	2.5042457e-8
neg_016256	0.0006423784
neg_018111	5.5332143e-9
neg_017304	8.5324835e-8
neg_019623	1.4318877e-7
neg_017875	0.00005369832
neg_017848	0.0021731455
neg_010440	0.000012494151
neg_000448	0.0000056300046
neg_011593	0.00032761303
neg_017557	8.002901e-10
neg_001385	0.000042965716
neg_019573	1.4713173e-7
neg_005689	1.2557026e-8
neg_009868	0.0000062601844
neg_018417	1.7405891e-12
neg_013371	0.00008185186
neg_018083	3.998542e-10
neg_012015	7.133604e-7
neg_012976	1.4840024e-8
neg_013133	1.9270286e-7
neg_018463	0.000013584588
neg_002245	0.000006061542
neg_005917	1.4913606e-7
neg_019598	2.8258024e-10
neg_017854	8.285816e-9
neg_013706	2.62862e-8
neg_001953	0.0000047111334
neg_015785	9.120714e-8
neg_005977	6.68682e-7
neg_001878	0.000004480843
neg_001084	7.9167035e-7
neg_008920	2.4718974e-10
neg_010802	3.6517473e-8
neg_017428	8.3916467e-7
neg_019899	1.95287e-7
neg_000160	0.00011426133
neg_001792	0.0000025686402
neg_019793	8.309523e-9
neg_013087	0.00003868644
neg_007332	0.00058287836
neg_006569	7.2099465e-7
neg_007426	9.2306024e-8
neg_019484	0.0000088870875
neg_007083	0.000120750345
neg_009929	0.000006287708
neg_003416	2.7638652e-7
neg_020296	1.649581e-10
neg_007877	0.000091134636
neg_017977	5.928846e-14
neg_016826	9.690815e-7
neg_013619	3.2703082e-9
neg_018916	4.12157e-9
neg_017010	1.4638665e-10
neg_009489	0.007984618
neg_000348	0.0000023217667
neg_018237	0.0000073142496
neg_004708	0.00012867774
neg_009664	1.1865202e-14
neg_019774	0.00003087378
neg_003286	0.0008503302
neg_003019	2.507262e-7
neg_000445	0.000024549869
neg_014885	0.00021960803
neg_003209	0.000022945202
neg_004650	0.000019980247
neg_013434	0.000009274761
neg_007248	0.0000026178236
neg_013049	0.0000017684451
neg_005265	0.000047759284
neg_000404	0.00020544483
neg_007911	0.00003604765
neg_014439	0.0000072698476
neg_017466	0.000005826184
neg_015134	1.090694e-9
neg_017842	0.0000032608664
neg_017076	0.00038535264
neg_002402	9.552152e-7
neg_017701	2.65845e-7
neg_001439	0.0000011949769
neg_020464	2.8663877e-8
neg_010150	0.00007173709
neg_004139	7.904785e-8
neg_009562	0.0018905317
neg_004614	0.000046988847
neg_017796	5.846257e-9
neg_007830	0.00002599449
neg_019104	5.843545e-10
neg_002943	6.970016e-7
neg_019711	2.8719046e-7
neg_007508	0.00025987555
neg_004996	0.0000055948503
neg_017582	0.000005359764
neg_013321	0.0006696507
neg_003321	0.00018976499
neg_014665	0.00001492706
neg_010907	4.803291e-8
neg_019300	3.3391168e-10
neg_016348	0.0000028066668
neg_017283	1.3175397e-8
neg_001576	0.0027531427
neg_016691	9.4952964e-7
neg_016097	4.7937544e-8
neg_000872	8.1422166e-7
neg_006574	0.0000058993032
neg_000646	2.0484961e-7
neg_006651	0.00033547322
neg_009735	4.6829754e-7
neg_006671	0.00015881662
neg_013314	0.0000122105375
neg_002891	0.00013438797
neg_002598	6.4152164e-7
neg_007511	1.0774046e-14
neg_012844	0.0000019734769
neg_006981	1.013002e-8
neg_015470	1.3433611e-9
neg_015261	5.9077774e-8
neg_014001	1.0890314e-8
neg_011756	0.0003848574
neg_017788	0.002287025
neg_006886	0.0000033087633
neg_016208	1.8233469e-7
neg_004989	4.793407e-7
neg_014403	0.000002693632
neg_017055	0.0000752028
neg_014635	0.0000025338143
neg_007250	0.0000013882743
neg_010740	7.7998906e-11
neg_003767	2.5241042e-7
neg_018145	0.0002308943
neg_001877	0.0000040940627
neg_006592	3.7037265e-7
neg_001142	0.0009991884
neg_000861	0.0000032237922
neg_007905	2.2599865e-8
neg_010349	1.6626994e-14
neg_014652	0.0000012605977
neg_007963	6.7627525e-7
neg_003832	0.000008133796
neg_004856	6.44766e-9
neg_006199	1.8280512e-7
neg_005342	0.00002491386
neg_003113	0.0000022908362
neg_010484	1.17427206e-7
neg_016164	0.0000080491145
neg_000637	0.0000010062256
neg_010838	0.00010854877
neg_009170	0.0018208347
neg_020327	0.00015980142
neg_020043	4.261694e-8
neg_010335	0.0000019563684
neg_004928	0.0000052903038
neg_015054	0.000022592601
neg_012157	2.4617332e-11
neg_020262	0.00012161202
neg_016958	7.215718e-10
neg_016933	0.0000010831988
neg_020880	1.0636412e-9
neg_009893	0.00006094907
neg_007393	0.000022213493
neg_004230	9.538808e-7
neg_007604	0.000025203031
neg_000291	9.769335e-7
neg_010401	4.912436e-8
neg_010314	0.0029390822
neg_012740	8.0773435e-7
neg_019095	3.1869342e-7
neg_002657	0.000012081928
neg_017989	6.5536476e-8
neg_010404	9.982789e-7
neg_001962	6.7243777e-10
neg_019439	3.3946382e-10
neg_012291	0.00020610249
neg_007626	0.00001116174
neg_011415	0.000002983899
neg_003951	2.79138e-9
neg_019663	2.7926903e-9
neg_012173	1.3662114e-9
neg_010551	0.00021699959
neg_017524	0.00032094782
neg_000522	0.0000034719747
neg_004889	1.450958e-9
neg_017821	3.8219582e-7
neg_014289	0.000051609964
neg_014415	7.995399e-9
neg_013677	8.253876e-7
neg_001402	4.3162416e-7
neg_013683	0.000030366282
neg_001093	0.000058466016
neg_015816	0.0000021284309
neg_021049	7.9482965e-12
neg_014186	0.0000022286476
neg_012462	0.000038045124
neg_001752	8.2674276e-8
neg_018560	6.074703e-10
neg_007696	9.3597796e-11
neg_018714	1.12977176e-10
neg_006905	3.2667097e-10
neg_004144	0.0000035277872
neg_003494	0.0000019163601
neg_019872	0.00014149323
neg_003968	0.000040918803
neg_003935	0.000027605498
neg_005196	0.0000012617644
neg_015736	9.871775e-9
neg_002784	0.000005534406
neg_008998	0.000009001651
neg_011849	0.000003119795
neg_018639	1.1042608e-8
neg_001665	1.238694e-8
neg_009806	0.00037543644
neg_018628	7.573656e-10
neg_012208	6.788328e-8
neg_005680	2.5973467e-8
neg_018548	0.000025346617
neg_005421	5.46342e-10
neg_018215	0.000007964359
neg_016755	3.6116667e-9
neg_016096	1.2704783e-7
neg_016386	0.0000048872766
neg_014765	0.20588645
neg_013388	0.0000017502759
neg_001274	0.000089206565
neg_001689	0.0000012999064
neg_008747	0.00304726
neg_003531	1.1808146e-7
neg_020179	4.863068e-10
neg_009186	0.0000019553574
neg_014999	0.00017716493
neg_012788	1.944832e-9
neg_013891	0.00048777298
neg_000779	2.6004554e-7
neg_004195	0.03052484
neg_006814	0.0013064451
neg_006791	0.0015846421
neg_010966	3.560297e-7
neg_002656	0.0000019175118
neg_014974	0.0007665126
neg_005156	0.0000836319
neg_004043	0.0000043717637
neg_006191	0.000053289405
neg_011642	0.00020067135
neg_016294	4.2843516e-7
neg_013383	0.000013914918
neg_002816	0.000019111632
neg_000760	0.00010948519
neg_006658	0.0003117426
neg_015351	1.9274329e-7
neg_019032	3.928745e-12
neg_007975	0.0000048299794
neg_003593	0.000006374201
neg_015447	0.00012563846
neg_009978	0.00049586245
neg_000892	0.000008752136
neg_000009	0.0000011503374
neg_005658	1.4999946e-9
neg_002775	0.000031812047
neg_009075	0.00013038194
neg_013206	0.0000832965
neg_012302	0.000007198114
neg_019267	0.00009171999
neg_001390	0.0000012271429
neg_004882	0.0013257918
neg_020479	0.000021076594
neg_015979	1.1717345e-8
neg_019679	1.9200096e-8
neg_006376	3.4277463e-7
neg_010489	0.0000029994712
neg_019463	0.0000011149804
neg_002316	0.0000040002196
neg_020045	1.4699311e-8
neg_013830	0.0031832203
neg_018510	5.3014553e-9
neg_020851	2.6917979e-8
neg_004381	0.000012371459
neg_009857	0.000003857062
neg_015907	0.00040772217
neg_003843	7.914861e-7
neg_013274	0.0000012714252
neg_003425	0.0000141133005
neg_018299	2.0560895e-8
neg_020204	4.702902e-11
neg_021134	4.386856e-7
neg_004507	0.000004541269
neg_001070	3.5098898e-7
neg_001530	0.000020021409
neg_014750	0.0003309497
neg_013351	0.000002843317
neg_009515	0.000006268979
neg_009049	3.962075e-8
neg_017211	8.2389595e-10
neg_003419	0.000031611453
neg_002206	0.000011305573
neg_007924	4.8156035e-11
neg_009367	0.0000063792368
neg_010780	6.466555e-7
neg_007540	3.3110784e-10
neg_009071	3.2474117e-7
neg_020162	0.00041355749
neg_014616	2.4923759e-8
neg_008441	0.25544477
neg_003582	0.0000032083249
neg_010931	0.000029129851
neg_011147	3.9007833e-7
neg_018424	0.000009070159
neg_002949	0.0000030342203
neg_001373	0.0000024464484
neg_017804	0.0004342553
neg_012127	0.0000015149026
neg_014143	0.00002335659
neg_001073	0.00008359874
neg_017363	0.0007897655
neg_005807	0.00014839563
neg_020709	0.000044193195
neg_001430	0.00015126217
neg_017496	0.000012777368
neg_013306	0.000012781902
neg_011553	0.000005246432
neg_014735	0.000006909736
neg_007031	0.0001410678
neg_000033	0.000003900258
neg_010109	0.000018042061
neg_018402	0.0029899306
neg_014779	1.1009947e-8
neg_017155	5.951901e-11
neg_014530	8.9311743e-7
neg_005758	4.057501e-9
neg_020350	3.0455325e-8
neg_006356	0.00008367283
neg_017166	0.00000795798
neg_017605	3.2399566e-7
neg_017949	0.0000014105668
neg_015085	2.086946e-9
neg_020264	0.0000044307944
neg_001600	0.000023962828
neg_005105	1.1676767e-7
neg_003196	9.443154e-7
neg_017655	3.2996672e-10
neg_012008	0.000004887412
neg_019829	0.000017185228
neg_012257	0.00040429956
neg_015562	0.0000352422
neg_014760	0.00007962637
neg_014862	2.3573696e-10
neg_008199	1.891125e-9
neg_006006	9.4693246e-7
neg_017846	0.08843814
neg_020000	0.0000048163733
neg_003569	0.00006608043
neg_002788	3.1379376e-8
neg_004332	2.5732732e-8
neg_009820	0.0000018247224
neg_006260	0.0000043953164
neg_011241	7.109115e-8
neg_012159	0.0000022419047
neg_014692	0.00006993843
neg_016486	0.000005317202
neg_004736	5.552035e-7
neg_011715	0.00006213991
neg_006877	0.000029104529
neg_012196	3.2690446e-7
neg_017928	2.0198893e-8
neg_016828	0.00003064749
neg_010439	0.000023202032
neg_014252	0.000070534
neg_002747	0.000065123364
neg_009668	0.006684997
neg_010763	0.000020350642
neg_015070	5.208853e-8
neg_000061	9.58281e-7
neg_004777	0.00384365
neg_015310	2.4711112e-13
neg_006977	3.1929603e-10
neg_017962	2.3100222e-8
neg_010114	0.000015009882
neg_010607	0.00022661343
neg_019482	2.1787335e-7
neg_017792	2.3784598e-7
neg_018455	4.689113e-9
neg_011050	1.2435758e-7
neg_000386	0.00013002947
neg_004114	1.7439497e-7
neg_010317	0.0000047423723
neg_001339	0.00000279102
neg_008827	3.0471193e-7
neg_013756	0.0029240015
neg_019497	0.000002086129
neg_019816	5.6700975e-7
neg_015561	0.000001887096
neg_017191	4.975644e-8
neg_015063	5.950209e-11
neg_000762	9.2159274e-7
neg_004987	0.0000036307154
neg_018939	5.082128e-8
neg_005363	6.328745e-8
neg_003615	0.000048242986
neg_012030	2.0431152e-7
neg_007030	0.000008068205
neg_017760	1.6195601e-8
neg_001416	0.000006547377
neg_018592	3.368836e-11
neg_001311	0.0000020052603
neg_008371	0.00006985738
neg_008312	0.000021523789
neg_019954	0.00011633216
neg_005529	3.6569258e-8
neg_008001	7.240637e-7
neg_009003	0.00001229162
neg_008836	0.0267993
neg_011945	1.8459788e-9
neg_015559	0.00031849957
neg_010800	2.8405656e-10
neg_017917	0.0000011559448
neg_012778	6.2285835e-8
neg_012687	0.000016515507
neg_015153	7.864928e-9
neg_006631	0.0004273201
neg_001494	0.00001766798
neg_008899	7.3478316e-7
neg_016888	2.2224331e-16
neg_009850	2.428968e-7
neg_013046	9.332711e-9
neg_018212	3.2127664e-13
neg_017220	8.645915e-12
neg_018397	0.0018698784
neg_011406	0.000046043497
neg_002704	0.00012070188
neg_006968	1.5605613e-7
neg_016207	0.0009012093
neg_007084	1.1865202e-14
neg_002752	4.3527254e-7
neg_008907	0.00034710416
neg_005762	0.00013873544
neg_008364	0.018726131
neg_003463	0.0000010255628
neg_017183	4.1727017e-8
neg_009801	3.2218353e-10
neg_014075	0.0000024676167
neg_006915	1.9890784e-8
neg_004256	0.0000024917351
neg_013209	7.9501905e-7
neg_003715	1.694054e-7
neg_015004	1.2941865e-9
neg_015050	2.9803812e-10
neg_014399	0.00034609635
neg_008658	7.0114446e-8
neg_001023	3.9046688e-7
neg_012662	0.0000015447871
neg_017311	3.098196e-10
neg_010559	3.82397e-8
neg_013985	2.0490386e-8
neg_001337	2.3613735e-7
neg_011882	0.0000022779393
neg_015095	0.00003559788
neg_018672	6.158599e-9
neg_001513	2.046289e-8
neg_003109	0.0000013968801
neg_015486	0.000017220238
neg_009151	0.000013978
neg_008467	0.0001763245
neg_006679	0.0000038922913
neg_019765	5.3812265e-8
neg_011495	0.000023049815
neg_017870	1.2723594e-12
neg_016075	4.42885e-7
neg_010100	3.4979868e-7
neg_001829	0.000045005352
neg_016665	2.620666e-7
neg_000492	0.000001957141
neg_011513	0.0000027670271
neg_008031	0.00010019511
neg_009484	0.0032067879
neg_011705	0.0000030751733
neg_008514	0.000016077303
neg_004942	0.000984202
neg_009660	0.0000043777213
neg_020736	0.0000015294713
neg_020783	1.2187556e-7
neg_015509	7.286335e-10
neg_004448	8.166418e-7
neg_016781	0.000001136954
neg_012765	2.51342e-11
neg_003775	1.7953518e-8
neg_012277	0.0000042810943
neg_017088	1.010793e-10
neg_014477	5.6529063e-7
neg_012273	0.00032481313
neg_014185	4.7134787e-7
neg_018169	0.0000029138548
neg_014124	0.00022913524
neg_008569	0.00013176867
neg_007811	2.8711435e-7
neg_017054	0.00014485492
neg_017895	5.225696e-10
neg_005988	9.467595e-8
neg_011093	2.133555e-7
neg_004814	0.007848296
neg_009159	0.0031870387
neg_011473	5.7500256e-7
neg_000240	6.7723295e-7
neg_003709	0.000016943892
neg_017413	0.00002022579
neg_004429	2.8405656e-10
neg_010704	0.0017493998
neg_012140	6.2773176e-11
neg_003829	0.000020002344
neg_001233	0.000007070681
neg_017223	2.6956307e-8
neg_013448	3.9413027e-7
neg_019105	1.0574701e-8
neg_000808	0.0016356466
neg_012244	3.6333464e-10
neg_011128	0.0000034003622
neg_007185	0.000016369304
neg_007768	6.1224347e-7
neg_010747	0.00090938003
neg_008636	0.00007354862
neg_001019	0.00032331378
neg_011095	0.000011746696
neg_019203	0.000010417664
neg_016175	0.0000027285355
neg_008631	0.0000011129662
neg_002278	0.00025924624
neg_005599	7.358934e-10
neg_010982	1.8455367e-7
neg_016237	0.000001966987
neg_014404	0.00027213438
neg_002983	0.00055723544
neg_017063	0.0005048987
neg_001867	0.000002770267
neg_010379	3.410204e-8
neg_009017	0.028790265
neg_019437	1.3675019e-9
neg_018607	0.000029482606
neg_009457	0.00025749282
neg_013395	0.000004363791
neg_005305	0.0045897076
neg_016285	0.005511035
neg_001913	0.0000025223621
neg_002941	0.0000055085197
neg_009384	0.00009412382
neg_000677	0.00001470812
neg_020121	0.000008041274
neg_005560	0.00008383647
neg_020686	8.587628e-10
neg_016928	0.0000020212324
neg_006744	0.0017657123
neg_015966	2.2029826e-7
neg_018545	1.2901013e-7
neg_014190	0.000018441468
neg_007573	0.00028618102
neg_017886	2.713769e-8
neg_002254	0.00005295319
neg_016333	2.6307754e-9
neg_009427	8.8239527e-10
neg_020816	8.408965e-9
neg_019325	9.390798e-16
neg_003905	0.000041035644
neg_018480	2.020202e-7
neg_009132	0.000031339983
neg_009379	0.000027091874
neg_011253	3.367358e-7
neg_008078	0.000047759284
neg_015057	3.7016315e-10
neg_001974	0.0000065455542
neg_013432	0.0000012236358
neg_015774	9.838299e-7
neg_005032	0.000010972067
neg_010873	0.00046898946
neg_006499	3.333531e-9
neg_000611	0.00013303381
neg_010189	4.2348333e-7
neg_016554	1.7163654e-11
neg_006161	5.6697405e-7
neg_002758	0.0000030279418
neg_004163	0.000006025175
neg_013256	0.000015759671
neg_007351	0.000020556112
neg_002904	0.000008922049
neg_016637	1.6613024e-9
neg_016950	0.000021403841
neg_004529	0.000035413785
neg_014405	4.2989055e-7
neg_005521	0.0000025212655
neg_003219	0.0000015149199
neg_019413	0.0000026957857
neg_013829	0.00033839777
neg_007860	0.00001188091
neg_018600	0.000013511447
neg_014158	0.000015643145
neg_004997	0.000013736552
neg_011490	0.0000066415582
neg_008269	0.0000019853317
neg_011958	0.00003718855
neg_011987	0.0000012942991
neg_008086	0.0005207205
neg_015773	4.7156616e-9
neg_001285	0.0000011761364
neg_003805	1.9027455e-10
neg_020399	8.761172e-8
neg_018576	8.710552e-8
neg_003622	6.764724e-9
neg_007292	0.000013195941
neg_002741	4.2384812e-10
neg_015113	0.0000034094999
neg_005877	8.010924e-7
neg_013036	3.8411054e-7
neg_009068	1.1048912e-7
neg_006869	0.0000026174591
neg_012633	0.0000020459202
neg_000129	0.0021046826
neg_001044	5.28844e-7
neg_013992	0.000013267893
neg_009670	0.000141924
neg_002339	4.7998473e-8
neg_006535	0.0000042885804
neg_010170	0.000082358114
neg_015672	0.000106781416
neg_000521	0.0000017606654
neg_015393	0.0000027220692
neg_012001	6.531185e-8
neg_014455	6.08574e-11
neg_017395	0.0000014499055
neg_012084	0.00006947266
neg_013009	0.000005797374
neg_020082	0.0000065543986
neg_011536	6.193594e-10
neg_000785	0.0000028362647
neg_014373	0.0000071087875
neg_010593	0.0000022209647
neg_017106	6.572374e-8
neg_001684	1.4763373e-8
neg_013221	1.6394112e-7
neg_000287	2.8709465e-7
neg_000376	0.000030511192
neg_011577	0.00033587727
neg_015971	4.3991813e-7
neg_008984	1.495573e-8
neg_007747	0.000023308572
neg_000938	0.0000041552125
neg_006303	2.0452127e-7
neg_019697	0.00005090619
neg_018295	0.000001980853
neg_004567	0.000052123567
neg_002934	0.001317131
neg_020290	2.3824912e-8
neg_014738	2.0390074e-8
neg_020213	0.0000010912698
neg_010799	0.000016806714
neg_020128	0.000018621284
neg_020824	0.00003562328
neg_011330	0.0000016746577
neg_006093	6.718961e-7
neg_016987	6.353267e-10
neg_013577	0.00040479007
neg_013198	0.000002994458
neg_020430	0.000004147338
neg_009620	0.0000072698476
neg_008334	0.040677246
neg_010380	0.0017521415
neg_015041	1.0599716e-9
neg_015267	1.461406e-10
neg_010617	7.6742157e-7
neg_019630	0.0000010491647
neg_019990	1.6735802e-11
neg_009656	8.871767e-7
neg_002610	5.410414e-7
neg_004240	0.00012179423
neg_004657	0.00384365
neg_008393	3.0569523e-11
neg_002153	0.0000029864784
neg_015649	1.4813538e-10
neg_005235	5.4743674e-7
neg_004937	0.000011496976
neg_014773	0.00039730952
neg_007390	0.000017797754
neg_012421	0.00055460806
neg_000647	0.0000014928193
neg_000422	0.0007474828
neg_016546	0.000001267099
neg_008327	0.000075631
neg_007980	0.00002162118
neg_002006	0.0001201964
neg_012212	2.1552278e-8
neg_003308	8.5376416e-7
neg_007895	0.0000035546116
neg_020767	8.3110486e-8
neg_017464	2.056823e-8
neg_017461	2.0396246e-13
neg_002679	0.000007665477
neg_016747	7.2883816e-13
neg_012249	0.000021973472
neg_008341	1.134385e-8
neg_003310	0.00010340528
neg_004027	0.000001534067
neg_001797	0.0026860584
neg_002376	0.00058516586
neg_014283	0.000031732357
neg_016234	3.4260395e-8
neg_007862	0.000003461669
neg_000005	0.000040687668
neg_008610	0.0000233309
neg_020590	0.00015815336
neg_001622	0.0000010958271
neg_017579	5.5174685e-13
neg_009418	0.0000011022743
neg_006265	0.000070534
neg_009545	3.2444045e-14
neg_016244	4.56778e-8
neg_006165	0.00016395235
neg_005186	0.000010047508
neg_018598	2.027762e-10
neg_016868	2.8819684e-7
neg_017206	0.0000043755344
neg_002130	0.0000019470842
neg_019798	2.563574e-7
neg_006437	0.00003051573
neg_012359	0.0002528187
neg_011440	0.0035735115
neg_003970	0.0000012033412
neg_020808	1.1464796e-7
neg_018571	0.00013445296
neg_005813	1.7476719e-8
neg_002106	0.000003453475
neg_018774	6.3673546e-9
neg_018461	0.000001273714
neg_013202	2.9972636e-8
neg_008228	1.0774046e-14
neg_002081	3.2259774e-7
neg_013709	0.0000052387727
neg_015479	0.000004033155
neg_006912	4.2020812e-10
neg_012134	6.013942e-8
neg_009419	0.0014455313
neg_003602	0.00017025704
neg_012390	0.0004320759
neg_001989	7.331536e-7
neg_013782	0.000032537024
neg_005360	0.000005387519
neg_013071	0.00027793238
neg_002545	1.3479374e-9
neg_001895	6.2197387e-7
neg_019655	1.5353924e-10
neg_020532	5.370337e-12
neg_018574	4.1410118e-8
neg_014923	8.7511265e-10
neg_000780	0.0022916694
neg_013435	4.5014865e-8
neg_009470	1.5440698e-7
neg_001267	0.000006330336
neg_007315	0.00025987555
neg_006019	0.000018445266
neg_007152	0.000022051605
neg_013144	0.000003435369
neg_003280	0.000003586986
neg_019448	0.0000010937505
neg_012983	0.0000917492
neg_015218	0.0000033317963
neg_014366	0.00014878598
neg_016971	5.93777e-7
neg_007183	0.000014623559
neg_006166	0.00006160241
neg_007991	0.00041114297
neg_016740	2.261457e-8
neg_003759	0.0000035715163
neg_017662	3.6413546e-9
neg_012211	5.355781e-7
neg_004124	0.000014106357
neg_014771	0.000051323634
neg_012541	0.000003279591
neg_008897	0.000016369304
neg_013611	5.1864804e-11
neg_007902	0.000008753789
neg_002410	0.000007064036
neg_009407	0.00017654587
neg_015806	8.72237e-7
neg_019517	0.00028855418
neg_005729	1.9874988e-10
neg_016050	0.000008140733
neg_014800	0.0007788776
neg_006214	1.0181094e-9
neg_018269	2.533092e-9
neg_001086	0.000033744687
neg_000242	0.0001384352
neg_012600	0.000045719324
neg_020454	0.00067550736
neg_004210	0.000021827982
neg_007095	0.00027216136
neg_002158	0.00001229679
neg_014150	0.0000017691063
neg_007874	6.757389e-7
neg_011972	5.9326186e-7
neg_000878	0.000013337897
neg_020169	8.802257e-7
neg_017370	3.6431422e-7
neg_004418	0.0007735039
neg_019977	0.0000027969406
neg_000241	0.000029032619
neg_010021	3.0975025e-7
neg_009661	0.00028526352
neg_018605	2.5436576e-8
neg_001718	0.00000267383
neg_003960	0.0001890484
neg_008618	0.9033433
neg_012144	1.2618158e-7
neg_010845	0.00008775912
neg_002095	0.00013303547
neg_002699	3.1918924e-7
neg_010139	0.00005798777
neg_011532	6.8701803e-7
neg_018613	3.314277e-9
neg_020348	0.00054552563
neg_014611	0.01407507
neg_010387	0.005858369
neg_011428	0.000016732462
neg_000015	0.000010100318
neg_017500	4.6679222e-8
neg_000645	0.000026657775
neg_007784	0.0000010886743
neg_013228	0.0000044534168
neg_001761	1.6111034e-7
neg_002585	0.0000021621095
neg_019855	0.000021534115
neg_006483	0.0000024474027
neg_018621	2.9983716e-9
neg_012105	0.0010079474
neg_010906	6.733863e-10
neg_002073	3.518824e-8
neg_007012	0.0010438199
neg_008289	0.0000025965896
neg_014686	0.00048677385
neg_006609	0.000001012438
neg_003510	0.00002941049
neg_006754	0.00004212351
neg_003114	1.4971005e-7
neg_018622	0.0001685158
neg_003258	0.0000013774483
neg_006222	0.000006399906
neg_013914	0.0005045547
neg_007838	0.00001172277
neg_003212	0.0000022515894
neg_015616	0.000009079124
neg_005835	3.3016033e-8
neg_008155	9.1018375e-9
neg_013154	0.00024241745
neg_004140	0.000008035524
neg_010754	0.000024022134
neg_021025	0.00008498461
neg_018008	0.000030854706
neg_014706	0.0047052586
neg_013431	0.00018076952
neg_009521	6.5916066e-7
neg_001654	0.000005895417
neg_009949	0.000032160577
neg_018918	0.0000025024515
neg_010362	7.883374e-8
neg_001742	5.088899e-8
neg_016284	4.0025135e-8
neg_005152	0.00012770048
neg_018086	0.0000019075787
neg_003304	7.979223e-8
neg_012800	8.395569e-7
neg_014065	6.3358323e-9
neg_012499	0.00011921066
neg_001787	0.000020348585
neg_000235	7.872945e-7
neg_000030	0.000057538124
neg_013788	0.0009871663
neg_012995	2.6072445e-7
neg_004487	5.792163e-8
neg_014463	0.0000013663888
neg_010476	0.0001009774
neg_017404	0.00018701244
neg_016280	0.000003269289
neg_012408	5.228667e-10
neg_017534	4.6140233e-8
neg_019952	0.000003156522
neg_005390	0.0000012075119
neg_017673	0.00000160683
neg_001433	0.0009807784
neg_011924	4.5659882e-11
neg_005245	5.0142864e-7
neg_018649	0.0010673337
neg_000702	0.0000038039475
neg_000732	0.0000021617136
neg_018130	0.0003907389
neg_009201	0.0064940597
neg_013748	3.760336e-8
neg_004271	0.000007360046
neg_007625	7.339338e-10
neg_005640	2.2900648e-9
neg_012823	0.000011728406
neg_006925	0.000028607885
neg_014827	1.108059e-11
neg_020862	7.5400794e-7
neg_000002	8.0660743e-7
neg_019508	0.0000032168452
neg_013305	0.0000030213764
neg_011757	1.8177147e-7
neg_002002	0.00001352604
neg_000874	5.770846e-7
neg_017753	2.2928544e-8
neg_009443	0.0000036093488
neg_014620	0.0007820957
neg_012411	4.4383355e-9
neg_003457	4.4429794e-7
neg_014070	0.000005582022
neg_001928	0.0000013905614
neg_015499	0.00000267619
neg_007129	0.00039021327
neg_004954	0.0001264437
neg_017611	0.00031968966
neg_004193	0.00027635545
neg_015185	7.269808e-7
neg_002677	0.010866618
neg_012629	2.6072445e-7
neg_005064	0.0000071988006
neg_014362	2.7935549e-8
neg_008550	8.5954673e-7
neg_002391	1.0353906e-7
neg_012011	7.1863184e-12
neg_014969	2.8601129e-8
neg_012511	0.00018661344
neg_018502	9.288633e-9
neg_006974	0.0010578517
neg_016269	0.00011600581
neg_010642	0.000002904073
neg_015875	0.000008730595
neg_012539	0.00009697567
neg_019222	0.00004270094
neg_007503	0.000001012438
neg_012043	0.00007304446
neg_017483	0.0000026356645
neg_005125	0.0000015879644
neg_002393	0.0000064032142
neg_012225	9.182747e-9
neg_001492	0.000007572864
neg_005918	0.0000016731605
neg_013255	0.000005253852
neg_006339	0.0000014872943
neg_008376	1.5357395e-8
neg_006104	0.000003984579
neg_003261	0.0000013607347
neg_015964	0.020285709
neg_020015	1.245557e-9
neg_018929	5.598246e-9
neg_005954	1.4022883e-9
neg_002252	0.000021566444
neg_016517	0.0002784939
neg_002142	0.0022361884
neg_007348	0.000063927095
neg_020707	5.0035687e-11
neg_005711	3.7037265e-7
neg_017546	0.000005173297
neg_011006	1.501052e-7
neg_021081	0.110825896
neg_003015	0.00088504516
neg_009780	8.063369e-8
neg_017105	0.00013351877
neg_012997	0.00015536752
neg_004466	3.116038e-7
neg_009685	0.000016242044
neg_003101	0.000016609803
neg_016124	0.0000075343382
neg_005430	9.3816664e-7
neg_017550	4.26843e-7
neg_013988	0.000011436264
neg_016353	1.8474792e-9
neg_003087	1.1587568e-9
neg_012106	0.00033064032
neg_006890	0.000051196046
neg_011560	4.896412e-7
neg_010511	0.0000067335745
neg_012721	2.6718691e-8
neg_005519	0.0000058387322
neg_017294	1.6190805e-9
neg_010843	0.0000074976115
neg_018384	0.000053477455
neg_012617	1.9270286e-7
neg_005661	0.00022088691
neg_004947	0.000047408244
neg_003680	0.000023468205
neg_015324	2.4117531e-7
neg_015626	0.000016023057
neg_010945	0.0000036865545
neg_020123	2.2163833e-9
neg_014208	0.00003604765
neg_006625	0.00012186626
neg_005088	0.00031525863
neg_018677	0.0007050884
neg_018106	0.000119908946
neg_020145	3.571928e-7
neg_002162	0.0000013963673
neg_015581	5.633e-10
neg_004315	4.837706e-7
neg_005402	0.00014150105
neg_001449	0.00015030375
neg_016812	0.000028241617
neg_007073	0.0005778353
neg_011773	0.000012955505
neg_001464	1.6882636e-8
neg_015615	9.602336e-12
neg_008201	0.0010931502
neg_001308	2.2345795e-10
neg_003277	0.00046291677
neg_000425	0.000010091133
neg_012132	0.0000022468275
neg_018258	1.4351906e-7
neg_014707	0.0012880751
neg_010113	0.000018042061
neg_007081	3.7610178e-8
neg_012135	3.1358003e-9
neg_017816	1.0654136e-13
neg_009055	0.0000025074492
neg_018400	5.343537e-7
neg_000459	0.000044976092
neg_005844	0.0003927134
neg_015770	0.0032876264
neg_007688	2.9087501e-9
neg_009836	0.000078210986
neg_000182	0.000003621772
neg_013281	1.4998163e-14
neg_016446	0.00012620604
neg_014347	0.000019986479
neg_003573	0.0000035060032
neg_006937	1.8399398e-9
neg_016411	3.793597e-8
neg_000282	0.0000013991546
neg_018874	0.0021513933
neg_006875	0.0000013621733
neg_010479	0.000026448262
neg_018591	1.6062836e-14
neg_017657	1.7718346e-8
neg_015133	0.00068131066
neg_013019	5.06666e-9
neg_017730	0.9967892
neg_020233	0.00040599448
neg_016232	0.07105349
neg_005024	2.09735e-8
neg_009567	4.341146e-10
neg_019419	2.1798053e-8
neg_005166	7.4050234e-7
neg_004356	0.00010822073
neg_020621	0.00008903574
neg_002700	0.00015472663
neg_009045	2.8231443e-7
neg_002506	0.000014850558
neg_006844	4.9045246e-7
neg_005579	0.00060242333
neg_004255	0.026986703
neg_012927	0.000005624466
neg_009378	0.000015275371
neg_016480	0.0022419868
neg_012706	0.000028071807
neg_015195	3.9488424e-7
neg_011175	0.000020852991
neg_011215	0.00044008446
neg_011064	3.6214551e-9
neg_006079	0.00040162576
neg_000778	0.0000020724267
neg_005609	9.260325e-10
neg_002361	5.857354e-7
neg_011186	1.9007093e-7
neg_000249	0.000076894845
neg_008716	0.0035066546
neg_011842	4.558633e-7
neg_008522	0.0000023670875
neg_004849	0.000003121063
neg_011544	0.0028836424
neg_015180	2.1548403e-9
neg_007149	0.00017515186
neg_017602	3.2458883e-7
neg_003982	0.0010154577
neg_021157	0.0000047331055
neg_010242	4.9307505e-7
neg_006755	0.0000035955484
neg_005980	0.000044329106
neg_018010	1.6449351e-9
neg_002854	0.0003802311
neg_018578	0.015063527
neg_014378	0.00018723904
neg_017844	2.9003141e-8
neg_015578	0.0000011367241
neg_020746	4.1272694e-11
neg_010736	0.000007739993
neg_017333	0.00426472
neg_014427	0.000015759671
neg_004426	0.011182191
neg_014564	0.000008897213
neg_016138	4.04896e-8
neg_017514	0.000044676428
neg_002484	6.453103e-11
neg_001734	1.6912157e-8
neg_014761	0.00021116555
neg_014629	0.00019760588
neg_000726	0.0000041499334
neg_016125	1.7254082e-11
neg_015007	2.8955109e-8
neg_005404	0.0002596831
neg_009904	2.399775e-9
neg_009990	0.006078951
neg_003033	1.0224276e-9
neg_005425	8.020969e-7
neg_007603	0.00003718855
neg_008323	0.0006599853
neg_020873	1.6722528e-7
neg_000181	3.483744e-8
neg_012659	0.00007737996
neg_012161	0.0007213307
neg_001176	0.0005012445
neg_008829	0.0005869223
neg_002264	0.000019170226
neg_005897	1.0774046e-14
neg_002379	0.000011125502
neg_007978	0.0003031248
neg_007707	5.830641e-10
neg_008128	0.0021515377
neg_002386	5.7321654e-7
neg_020628	0.0037486372
neg_009772	0.0000049367536
neg_005630	0.000015000066
neg_014789	0.000017341497
neg_019183	0.0000019374006
neg_001800	0.0000017152673
neg_017693	1.1213214e-11
neg_004132	4.232128e-7
neg_007638	2.2720717e-7
neg_015427	0.0000053819217
neg_007821	1.8236494e-7
neg_001937	5.1160913e-7
neg_019181	1.2287104e-7
neg_008942	0.00025987555
neg_017520	4.583726e-7
neg_000473	0.000053674565
neg_006772	9.777719e-10
neg_004704	0.000018181068
neg_017215	4.1324438e-15
neg_020849	0.0000018104499
neg_013523	6.15731e-8
neg_018645	0.00007086286
neg_011650	0.00008582239
neg_011651	2.83889e-7
neg_006939	0.0000068647514
neg_012806	0.000040544903
neg_017427	0.00009568215
neg_016021	3.9805034e-12
neg_014803	0.0000654672
neg_000768	0.000044456025
neg_002170	0.000002410673
neg_002987	2.8135794e-9
neg_012335	0.0000023033097
neg_015480	0.00022296989
neg_003226	0.000010935432
neg_006348	0.000042600725
neg_009133	0.000032286596
neg_006706	0.000059127127
neg_011004	0.0000010673058
neg_008402	0.0000039891074
neg_010505	0.00032256317
neg_016390	9.285038e-7
neg_003781	0.00007576215
neg_002768	7.855875e-7
neg_016547	9.739228e-10
neg_001216	0.000022447188
neg_012223	0.000045260404
neg_005982	4.7012232e-8
neg_003609	0.000002947831
neg_017625	4.003067e-10
neg_013966	0.0000016672875
neg_007766	0.00046857836
neg_004765	3.0578906e-7
neg_014333	0.00016818513
neg_017630	0.0000056034896
neg_010934	6.733863e-10
neg_005915	1.0774046e-14
neg_017704	0.000003827864
neg_015956	5.880918e-8
neg_001466	1.6610743e-9
neg_008659	0.0009102009
neg_017747	0.000036812486
neg_000356	3.2728107e-9
neg_020142	8.9805905e-9
neg_012214	0.0000050503363
neg_008513	0.026485955
neg_011169	9.297745e-7
neg_009828	2.783089e-7
neg_006596	0.000034905683
neg_002989	4.5858076e-7
neg_004101	0.074137285
neg_005857	6.733863e-10
neg_016213	1.809526e-8
neg_000876	6.110547e-7
neg_008996	1.8886604e-8
neg_020021	1.241288e-9
neg_020515	1.9331654e-7
neg_013784	0.0011995718
neg_005678	0.000012821189
neg_018066	1.07794635e-8
neg_014505	1.1661e-9
neg_009673	3.0148666e-7
neg_013124	0.00020622594
neg_019471	3.4330552e-10
neg_006872	0.003541073
neg_012616	0.000040416504
neg_019479	8.0326356e-7
neg_009359	0.020342888
neg_020013	8.8668105e-7
neg_010414	4.0515328e-8
neg_011061	0.000018579385
neg_001664	5.5825606e-9
neg_009061	0.0000023341972
neg_014361	0.00002988069
neg_005871	1.587866e-7
neg_011216	0.0000011947491
neg_004986	0.0000070369656
neg_004312	0.000034936354
neg_000208	0.00001102083
neg_020462	2.4977153e-8
neg_005333	0.000003989172
neg_020758	0.00048453073
neg_010862	0.0000058663486
neg_006697	0.000008427082
neg_008428	0.000010760773
neg_002194	1.2464577e-9
neg_003574	0.0000062217596
neg_015812	3.1475465e-12
neg_020075	0.00019121951
neg_014927	0.000039823713
neg_017140	0.000026160413
neg_012435	0.0004677599
neg_006428	2.736468e-7
neg_002186	1.0184444e-7
neg_015528	6.1459726e-9
neg_016029	6.7349606e-7
neg_014341	0.00008515262
neg_018093	0.000022290928
neg_000402	0.000006953325
neg_016899	0.00002700487
neg_020365	0.000006066874
neg_013928	0.000003968295
neg_003040	0.000025310119
neg_020975	0.0000041734215
neg_007034	1.313221e-13
neg_018479	9.4831694e-7
neg_005456	0.0000017903408
neg_007160	4.310379e-10
neg_003682	0.00002724154
neg_008833	0.00008264078
neg_020879	6.752017e-8
neg_015279	0.000011511634
neg_012131	7.0079956e-8
neg_002721	0.000013101419
neg_016631	3.6453102e-8
neg_001024	4.2736764e-7
neg_013502	0.000031773572
neg_006086	0.000006173118
neg_020346	3.6135823e-9
neg_016609	9.98286e-10
neg_008135	0.00008504842
neg_008808	0.024738766
neg_019475	7.9681035e-7
neg_005923	0.000024638362
neg_017859	0.000006691057
neg_008644	1.1389944e-8
neg_019984	1.6563365e-7
neg_011341	0.0000049665127
neg_008577	0.0026522938
neg_012016	0.00003909723
neg_006384	3.8341366e-8
neg_010885	1.0051882e-7
neg_003685	6.1335265e-7
neg_006949	0.00024356332
neg_016206	0.0003883966
neg_012610	0.0000034194281
neg_020571	0.015541093
neg_007232	0.000012589406
neg_010516	3.922793e-7
neg_020908	9.532659e-9
neg_012725	0.000010527876
neg_012402	0.000054081025
neg_019020	1.3896073e-8
neg_005932	0.002511387
neg_014592	2.8010123e-9
neg_008439	0.000004541936
neg_001810	0.0000024854223
neg_016939	3.078854e-7
neg_002882	0.0000016942267
neg_018908	0.000004784885
neg_001134	0.0000016243542
neg_007021	0.00005386963
neg_020631	5.5957368e-9
neg_020077	1.3902732e-7
neg_010555	0.0024454552
neg_019528	0.0000015833643
neg_012080	0.00004324433
neg_018837	0.0067326827
neg_003522	0.0027057903
neg_018331	2.3082825e-8
neg_000336	7.291789e-9
neg_006945	0.000029890438
neg_018275	0.00020528465
neg_014398	0.000021156138
neg_017529	0.0001957822
neg_010338	2.678091e-10
neg_006978	0.0000020718735
neg_019256	7.054988e-7
neg_010739	4.7021288e-7
neg_016257	6.186457e-7
neg_000148	7.355488e-7
neg_003526	1.2533211e-9
neg_006385	0.00024851167
neg_003969	0.000037042373
neg_013455	4.5014865e-8
neg_001850	0.000018481749
neg_001905	0.0000033959873
neg_020311	1.541345e-7
neg_009057	9.150929e-8
neg_005273	0.000047908812
neg_013697	1.1826393e-9
neg_011876	0.0029445859
neg_005219	3.6733017e-10
neg_017649	9.532627e-12
neg_018594	2.0349532e-10
neg_010867	1.8091265e-7
neg_019353	0.00003625789
neg_005346	4.341146e-10
neg_010914	0.00078418606
neg_019730	0.000017102664
neg_008769	0.0000011248425
neg_012703	2.4381397e-15
neg_017421	1.2906743e-8
neg_009889	0.0000090429
neg_000675	0.0010988426
neg_014861	3.0797708e-11
neg_011742	1.1475144e-7
neg_018294	1.9740177e-7
neg_020379	0.0000014696501
neg_016036	0.0004960532
neg_012137	0.0000012902777
neg_013280	0.0000015471888
neg_006847	0.0000024420265
neg_008492	0.000011988913
neg_014069	1.9368398e-9
neg_008931	0.000008257598
neg_017073	9.019389e-12
neg_010407	5.4103623e-7
neg_021050	4.865264e-11
neg_007142	0.00006097977
neg_004967	9.047665e-8
neg_018759	0.0000048753595
neg_017439	2.8829197e-7
neg_008680	0.0000023705395
neg_001553	1.3609952e-7
neg_018383	2.377873e-9
neg_005832	6.8404866e-8
neg_006200	0.0000028114243
neg_000818	1.5784134e-9
neg_015704	3.2998276e-8
neg_013177	5.8739316e-9
neg_016816	0.0007786742
neg_002990	0.000008340796
neg_015147	0.0000021688543
neg_008544	0.0003831022
neg_000837	0.00011502943
neg_000039	0.0017196342
neg_014985	0.0019325671
neg_015289	0.00002229078
neg_004981	0.000054081025
neg_010941	0.00023501323
neg_018064	0.000018971805
neg_007666	7.349696e-7
neg_011724	0.00004813302
neg_000329	0.000016908703
neg_007215	0.00027700225
neg_010437	7.224979e-7
neg_019196	0.000003186307
neg_020945	0.000001148889
neg_017889	5.724378e-11
neg_010996	1.5941689e-7
neg_007796	0.00007435565
neg_004603	0.000023089107
neg_001052	8.015815e-7
neg_003611	0.0000038890707
neg_011145	0.0000024929188
neg_007394	0.0000010246322
neg_017302	6.3347227e-7
neg_020666	6.590183e-9
neg_019747	5.519501e-9
neg_017996	1.04506586e-13
neg_009079	0.3579247
neg_001938	4.796807e-9
neg_004322	3.655223e-9
neg_020788	2.545395e-8
neg_015591	4.028777e-8
neg_000095	0.0000017009437
neg_003796	0.000022247328
neg_019850	5.595926e-10
neg_008000	0.0033253613
neg_012834	2.277803e-8
neg_001838	0.00024575953
neg_006512	0.0002250384
neg_017954	3.0721492e-7
neg_006972	0.00006528229
neg_013150	6.6043293e-7
neg_014519	0.00007906752
neg_014580	3.5663553e-10
neg_010949	0.000002891044
neg_010096	0.0004490684
neg_006128	8.576514e-10
neg_013715	4.808486e-9
neg_006998	0.0005599385
neg_014688	2.4208924e-7
neg_009652	4.803291e-8
neg_010226	1.116954e-7
neg_004878	0.000014202114
neg_001567	0.000004073449
neg_018935	6.054212e-7
neg_008459	0.00176582
neg_020573	3.402821e-9
neg_012468	1.6480078e-7
neg_010457	0.00006639195
neg_014233	3.8276954e-10
neg_020435	0.001013614
neg_013484	0.00045783498
neg_008923	0.00019695991
neg_014380	0.0003178098
neg_008750	0.0000011973497
neg_016346	0.000010561725
neg_005578	7.109115e-8
neg_012474	1.4303578e-9
neg_011686	0.0017493998
neg_016743	3.3433004e-8
neg_019025	0.0000018013977
neg_004164	0.00032235903
neg_016271	2.5667978e-8
neg_000903	0.000016501339
neg_008363	0.000006265178
neg_009517	3.1416215e-7
neg_007931	0.0007074407
neg_016634	1.2586976e-8
neg_019227	0.00015053526
neg_020699	0.00024165428
neg_004640	0.00023939589
neg_010673	9.616941e-7
neg_001333	0.0000016882109
neg_007249	0.00016031513
neg_008748	5.7679415e-8
neg_004089	0.000021178059
neg_013249	6.733863e-10
neg_014203	0.00007151654
neg_019812	5.1524887e-9
neg_018422	0.000010544113
neg_004769	0.0055271154
neg_013085	0.000007754074
neg_017778	2.2175196e-10
neg_019637	3.600701e-10
neg_009667	4.8408826e-11
neg_017237	4.0729945e-12
neg_007098	0.0010545222
neg_001886	1.3766457e-9
neg_008766	0.00004926877
neg_014921	0.00024521467
neg_013543	0.00003446086
neg_013334	0.00028408668
neg_014035	0.10778627
neg_012307	0.000005810098
neg_011515	0.000001658445
neg_002298	9.7867776e-8
neg_014702	9.471908e-7
neg_003823	0.0000018872616
neg_013011	0.0000011562292
neg_004151	0.00000230349
neg_003065	2.3792359e-7
neg_015508	0.0010805863
neg_004625	9.1633645e-8
neg_004084	0.0000015222972
neg_015090	0.000003052837
neg_016023	0.0000014736162
neg_015231	1.5785496e-8
neg_008765	0.063420415
neg_013638	0.003247562
neg_018103	0.000007993761
neg_002578	0.0000021370506
neg_012789	0.0000029680796
neg_013557	0.002474142
neg_011414	9.7818365e-11
neg_011407	0.00000702641
neg_006429	0.00003390533
neg_009358	1.0967603e-9
neg_003474	0.00012419552
neg_019485	1.2864127e-8
neg_009745	4.959151e-11
neg_006088	0.00024803585
neg_007004	0.000004433364
neg_001227	0.00023241721
neg_013012	0.000030155392
neg_012564	0.00047368248
neg_008542	0.002534788
neg_003345	0.000029075954
neg_008717	0.0000022951529
neg_013656	0.00001660385
neg_016425	8.283603e-9
neg_015526	0.000019029101
neg_003857	0.000003986563
neg_011369	0.0000032844832
neg_013519	0.000012667881
neg_008737	0.000014720748
neg_016117	6.589518e-9
neg_016457	4.613689e-7
neg_002921	4.640341e-8
neg_018096	1.5019941e-7
neg_007888	0.003715898
neg_000163	0.000003636679
neg_014866	3.891304e-10
neg_000218	2.9118803e-13
neg_008173	0.0000035467997
neg_007527	1.0774046e-14
neg_000261	0.00016345068
neg_020886	9.149961e-10
neg_015605	5.148454e-7
neg_005890	0.00020429156
neg_003041	0.0002517776
neg_005117	0.00009057262
neg_008308	0.000019338384
neg_009966	0.0012219953
neg_011994	3.280687e-8
neg_013470	2.0280542e-8
neg_014915	5.120034e-12
neg_007057	0.0014337976
neg_001345	1.8956863e-9
neg_019473	0.00009785191
neg_019815	0.000040990588
neg_007298	0.00003347188
neg_011684	5.113155e-7
neg_006686	0.00015287224
neg_003890	0.00003842993
neg_009304	0.000008811095
neg_014572	0.0000044052367
neg_016016	0.0000037628445
neg_002900	0.00051847985
neg_017967	7.0397995e-8
neg_012972	0.000046341276
neg_003205	2.4865532e-9
neg_007865	0.0103925355
neg_010140	0.0000015263139
neg_006206	0.000017510907
neg_014906	0.0000028359211
neg_018504	2.0695423e-7
neg_018700	6.7480514e-8
neg_012718	0.00019471788
neg_001649	0.0000072436187
neg_015832	9.567829e-10
neg_018092	0.00022470327
neg_018717	0.000008369353
neg_021070	0.000563771
neg_004051	0.0000101632
neg_009771	4.2991237e-13
neg_006407	0.0009926794
neg_009251	0.0015091175
neg_020545	0.000011269469
neg_003437	9.428396e-7
neg_006582	0.000779878
neg_002672	1.6870169e-9
neg_008003	5.197441e-7
neg_013493	0.00007608717
neg_014490	5.289317e-8
neg_009925	0.000048869293
neg_005713	0.000043936612
neg_020721	0.0005389816
neg_014964	0.0011390386
neg_006712	0.000049711074
neg_017744	0.000024475929
neg_000542	0.00042296728
neg_019208	0.000080673846
neg_007302	0.000016258207
neg_011496	3.335384e-7
neg_011655	0.0005064213
neg_007705	0.0028893393
neg_018742	4.2156845e-8
neg_005725	0.000006623544
neg_001229	0.000027302449
neg_006809	4.9686283e-11
neg_017289	1.8693842e-10
neg_018769	2.8860097e-9
neg_000536	1.9422869e-7
neg_008848	1.698318e-11
neg_010741	0.000006993266
neg_003752	0.00009180198
neg_019054	0.00062195957
neg_013330	3.227386e-8
neg_010125	0.0000014135941
neg_003477	0.000006223018
neg_018640	0.0000012066037
neg_020680	2.5229628e-8
neg_002373	0.0000035431415
neg_008461	0.00037870667
neg_005481	0.0000026983782
neg_020569	0.000006825876
neg_011613	0.000015166317
neg_002628	0.000009152025
neg_002279	0.0000034584223
neg_020309	0.17868729
neg_001795	0.0026860584
neg_001296	0.0011189874
neg_016662	1.3535338e-8
neg_015280	0.0000022731042
neg_011986	1.7464023e-8
neg_007685	3.7776143e-10
neg_001169	2.5073768e-7
neg_018690	2.7683175e-8
neg_019539	0.0018017285
neg_012267	3.760336e-8
neg_005281	5.3919064e-10
neg_019039	1.2793552e-9
neg_015595	1.2663914e-8
neg_014374	3.4979868e-7
neg_014518	0.000013176525
neg_000298	0.00004418814
neg_010569	0.00044646644
neg_006441	0.000010757942
neg_009474	1.2494854e-9
neg_019769	0.00016840335
neg_010301	1.414469e-7
neg_007677	0.00022088691
neg_009839	0.0000010912709
neg_000087	0.000002546892
neg_001733	0.0000130225935
neg_016658	0.000011199828
neg_002993	0.0000020263083
neg_002332	0.005495924
neg_016327	0.000006100327
neg_014617	2.2787161e-7
neg_012704	0.000070534
neg_000713	0.000007432174
neg_008391	0.0000011002546
neg_004090	2.5733026e-8
neg_017797	7.719844e-7
neg_012605	0.00008348442
neg_010271	0.00035098658
neg_011970	0.003129156
neg_000285	0.00064840104
neg_002736	0.0000115847715
neg_014937	1.4174791e-9
neg_005436	0.000042849344
neg_017240	3.79387e-9
neg_011841	0.000002722661
neg_019176	2.6916643e-8
neg_013955	1.0383601e-9
neg_008303	0.00003095621
neg_020843	2.367758e-9
neg_018907	8.945016e-9
neg_017342	4.93473e-7
neg_020410	8.599241e-8
neg_001643	0.0000020932994
neg_006402	0.016822468
neg_015727	2.94064e-10
neg_002444	1.9560595e-9
neg_006436	0.00028309226
neg_007164	1.1865202e-14
neg_020005	8.009803e-10
neg_008584	0.00016298813
neg_013057	0.0000039258575
neg_002724	0.0000022393149
neg_008548	0.0000011101929
neg_004747	7.8366604e-8
neg_005532	3.131159e-7
neg_017067	0.000010428599
neg_015619	0.0000014133568
neg_012053	0.0016454809
neg_012495	0.0006494144
neg_008490	0.0000017570509
neg_020552	0.00022433444
neg_007419	0.0000039166807
neg_001717	0.00025276325
neg_019226	5.6065517e-8
neg_019370	8.424404e-10
neg_002087	6.59294e-8
neg_010028	0.0000011156824
neg_013964	0.0000164173
neg_009646	4.8237926e-8
neg_007884	0.0000037118841
neg_020601	0.0000033308716
neg_001171	0.000004168306
neg_002294	0.000040546136
neg_005759	0.0000015238079
neg_002718	0.000012388957
neg_001764	9.914888e-10
neg_005938	0.000075456446
neg_018247	2.9997114e-12
neg_005875	2.414272e-10
neg_004871	9.753263e-10
neg_010054	0.0000089471505
neg_020703	2.9026336e-7
neg_003795	0.003669771
neg_010217	0.000016647484
neg_002203	0.00007297108
neg_003782	0.0000018322015
neg_004512	0.0000080731925
neg_011456	0.0000010743748
neg_019224	3.6161282e-8
neg_020510	1.9190655e-7
neg_009579	0.00034236786
neg_012145	0.0000012661158
neg_013382	0.000073856456
neg_004200	1.699222e-7
neg_000828	0.0000013268311
neg_019875	4.3245226e-8
neg_003127	0.000011639023
neg_016186	1.2765958e-9
neg_012820	0.0000041752046
neg_013282	0.000011715371
neg_008929	0.000012356956
neg_017640	0.00005351919
neg_002693	0.000041951487
neg_020308	3.0699675e-13
neg_014141	0.000010419165
neg_007942	3.036397e-8
neg_014308	0.0000012833416
neg_000921	0.00052013516
neg_010940	0.0002701202
neg_000250	3.9455526e-7
neg_016688	4.3357886e-7
neg_002966	0.0000020724267
neg_008182	0.0005262593
neg_016705	0.00015124716
neg_012571	2.3812197e-7
neg_007454	0.000040416504
neg_001638	7.80977e-7
neg_011617	0.000006504037
neg_007445	6.2038865e-8
neg_019690	5.022745e-13
neg_013876	0.000045259716
neg_020564	0.00024488522
neg_012654	6.831855e-8
neg_008563	0.0028691606
neg_004445	0.0008391504
neg_006336	1.9351833e-7
neg_015914	1.7336174e-9
neg_017874	2.810054e-10
neg_006254	2.607634e-10
neg_012482	0.0000025260333
neg_005031	3.4853133e-7
neg_010991	0.0000068446366
neg_005417	0.0000027331714
neg_015564	2.9368017e-13
neg_020325	5.356721e-7
neg_019496	3.24603e-8
neg_018961	1.930917e-8
neg_010720	0.00068409217
neg_017178	0.0000016929768
neg_000914	0.000011209744
neg_003222	5.6726503e-8
neg_009472	0.000023794819
neg_006503	4.1909973e-9
neg_020798	2.3003743e-9
neg_013679	0.00008736193
neg_015149	0.16571233
neg_008486	0.00015781472
neg_009408	0.635571
neg_020441	3.6336546e-12
neg_012925	4.341146e-10
neg_001635	0.0000061147716
neg_002814	8.289769e-7
neg_009736	0.0015200604
neg_000666	7.014079e-7
neg_002372	0.0000019700733
neg_018977	8.8674363e-7
neg_007689	8.073548e-14
neg_003466	4.0437436e-7
neg_020968	1.23087265e-8
neg_018652	9.933368e-7
neg_006126	1.091262e-9
neg_012942	0.0000051675875
neg_007107	0.0003510217
neg_015501	1.4424906e-7
neg_001908	0.0000020801333
neg_010188	0.000034133463
neg_019173	2.2012953e-10
neg_014679	0.001853518
neg_004935	0.000027259603
neg_016602	3.7254395e-9
neg_001277	0.0000028026118
neg_017340	7.3405735e-9
neg_016957	5.6035685e-7
neg_018203	7.479889e-7
neg_010304	2.5138078e-7
neg_005547	0.00013064453
neg_002831	0.000023034698
neg_003562	0.0008951332
neg_001994	0.0000020724267
neg_000551	0.0010664378
neg_010993	8.579495e-9
neg_009092	0.0017493998
neg_015566	4.0420392e-7
neg_021059	0.0055294638
neg_003838	0.000016517839
neg_004881	0.0000011789078
neg_019056	0.0000010951408
neg_003517	0.0000047111334
neg_008567	0.018148547
neg_004559	0.00000404077
neg_006780	0.0000013191323
neg_004409	1.4461187e-7
neg_019009	0.0000024783972
neg_016951	3.524305e-8
neg_006174	5.4384316e-7
neg_006092	0.00014044851
neg_018841	0.000068826375
neg_012751	0.0003071826
neg_011988	9.251292e-7
neg_008426	0.00015923195
neg_002271	0.0000024925885
neg_004127	0.00018667395
neg_018282	9.872962e-9
neg_014453	0.00004707864
neg_006900	0.000009446033
neg_017434	1.1380015e-9
neg_014749	0.00014354744
neg_018617	0.00010829651
neg_014715	0.000023951885
neg_016988	0.000008887138
neg_006970	0.00013363532
neg_002644	8.1792486e-8
neg_008347	0.000023325962
neg_008649	5.887091e-7
neg_007846	0.000004862525
neg_010611	3.7377694e-7
neg_014444	4.0969545e-7
neg_013880	0.016810091
neg_012666	2.0528064e-7
neg_008549	0.00037434997
neg_006953	3.3159908e-9
neg_007470	0.00028618102
neg_000786	6.2466665e-7
neg_018107	1.9905933e-7
neg_004238	0.0000075671032
neg_020754	0.000006699594
neg_017172	0.000056896628
neg_005895	0.00025987555
neg_013327	0.0000030891408
neg_015120	0.108468324
neg_012071	2.1685342e-8
neg_005488	8.844838e-8
neg_006133	0.000054589273
neg_019551	1.22298855e-8
neg_010998	0.00004586636
neg_017024	1.995705e-9
neg_011111	0.0000016070369
neg_021077	0.0077271173
neg_014594	0.000047908812
neg_006103	1.3862484e-7
neg_001766	0.00964062
neg_000398	6.273293e-7
neg_018863	0.0000010861604
neg_000970	0.000006079187
neg_018947	1.4870062e-7
neg_009267	0.00015279194
neg_019975	7.956243e-7
neg_004411	8.8226113e-7
neg_018098	2.9299037e-9
neg_007507	2.6219976e-10
neg_004444	0.00031917376
neg_011381	0.000008894592
neg_004328	2.5889964e-9
neg_016817	2.6555153e-7
neg_009960	0.00009230046
neg_001906	0.005547033
neg_002794	0.00008846567
neg_016401	0.00003669367
neg_007686	2.140015e-7
neg_005272	0.00016961813
neg_000157	0.0002987062
neg_011834	2.2282235e-7
neg_008353	0.000019424813
neg_014920	3.0790594e-7
neg_014424	0.00002491386
neg_001630	7.5251086e-7
neg_004826	0.00022088691
neg_006007	0.000008474066
neg_001324	0.000027798478
neg_003347	7.0742163e-7
neg_010710	0.000007739993
neg_012003	9.4750014e-8
neg_018831	8.9611206e-7
neg_012491	1.8753465e-8
neg_005761	1.1057492e-7
neg_011256	0.00004766937
neg_016561	1.7339126e-8
neg_020753	6.9441644e-9
neg_011595	3.9129665e-7
neg_001405	0.0044233333
neg_000735	0.0008381842
neg_004438	0.00033768264
neg_017057	6.4076566e-9
neg_002405	2.2091125e-8
neg_013095	3.010631e-8
neg_009988	2.491307e-7
neg_004595	0.000019342073
neg_014468	0.0006470997
neg_018648	1.6358312e-8
neg_005180	0.000013950501
neg_013883	2.822064e-10
neg_020321	0.00004369031
neg_014598	1.0941277e-9
neg_015884	0.000001429518
neg_017072	0.0000070968117
neg_012458	4.7652887e-10
neg_004786	0.0000182771
neg_005728	0.000023951634
neg_018834	0.00011661882
neg_016809	6.063422e-7
neg_005056	0.00015558783
neg_003415	1.3792724e-7
neg_015873	0.00023116393
neg_014303	2.4280322e-7
neg_012701	0.0011331949
neg_005285	0.00047323047
neg_016946	0.0018383703
neg_008505	0.000025745412
neg_005311	2.4479206e-7
neg_007068	3.8276954e-10
neg_003770	1.1122982e-7
neg_002277	0.0000012271429
neg_014797	0.000025809379
neg_000933	0.0025248828
neg_016055	3.9125742e-10
neg_008867	2.636629e-8
neg_011302	0.002519245
neg_000654	3.367145e-8
neg_018442	0.0000020233113
neg_012407	0.00001209897
neg_008414	8.9817746e-7
neg_014659	4.2478578e-7
neg_010121	8.129878e-9
neg_015453	0.00007049123
neg_005130	2.4511442e-7
neg_016918	0.000006060282
neg_007524	0.00025987555
neg_011732	3.0130376e-8
neg_002445	0.00066323386
neg_016825	0.00016532518
neg_012057	0.00016146725
neg_010147	6.8067063e-10
neg_004527	0.000010969932
neg_009349	1.8403725e-8
neg_008460	0.00032332796
neg_002947	3.7557925e-7
neg_005617	6.422905e-7
neg_018803	2.7571835e-7
neg_015112	0.0002043541
neg_001990	0.000002196342
neg_009131	0.000005294503
neg_018785	0.000006286167
neg_017128	0.0006749266
neg_018438	0.0006311562
neg_009372	0.000059681657
neg_010129	0.00026147687
neg_003488	0.0000108483455
neg_013739	0.000017814753
neg_000523	0.000033281347
neg_000840	0.00023312985
neg_017903	6.6967125e-8
neg_001361	0.0000032438445
neg_010325	0.00010306083
neg_006529	0.00024195053
neg_005951	0.0000019068583
neg_004811	1.195494e-9
neg_010594	5.315719e-10
neg_012314	0.000002295814
neg_018453	0.0000018679445
neg_009173	0.0002067059
neg_008582	0.05643666
neg_018033	3.07298e-12
neg_019552	0.00008353721
neg_010541	0.0000069120824
neg_011931	6.294712e-8
neg_021160	0.0000028662569
neg_020178	1.2933604e-8
neg_002732	0.0012018203
neg_018149	0.00002916621
neg_009877	0.00002345261
neg_014336	0.00004860322
neg_004422	9.198132e-10
neg_005129	0.00006987017
neg_011558	0.000012356956
neg_001009	0.00008265441
neg_002212	4.2343398e-8
neg_014026	0.00025483556
neg_011606	0.0027390018
neg_019391	0.014290032
neg_020052	6.6475894e-7
neg_018267	2.9806407e-7
neg_014685	0.00000549795
neg_000097	0.000036659392
neg_004298	0.0000063985262
neg_000233	0.0009301876
neg_019683	1.4846676e-8
neg_010558	0.00028418587
neg_007943	0.00037543644
neg_011156	0.00054649677
neg_010758	0.000007624263
neg_013413	5.3145053e-9
neg_006101	0.00033389288
neg_013480	0.000007471558
neg_005742	0.0000037247207
neg_010578	0.0000071988006
neg_018121	0.00010321741
neg_012606	0.00384365
neg_011793	0.0000012489711
neg_011366	2.4403403e-7
neg_000964	6.92816e-8
neg_006164	0.00012645287
neg_012233	0.000011723686
neg_017354	0.0000010541594
neg_008324	0.000006443399
neg_012290	4.1565377e-7
neg_017887	4.331705e-7
neg_011181	3.5329612e-7
neg_007855	0.000009706153
neg_010817	0.0003175966
neg_002553	0.00033318537
neg_012365	0.00091462064
neg_019641	0.00006363581
neg_003647	0.00050845183
neg_017658	0.0000016906405
neg_000939	8.1217433e-7
neg_001668	0.0000016468844
neg_001240	0.00008765666
neg_013223	3.215988e-7
neg_011131	0.0014931365
neg_006617	0.0016651398
neg_010864	1.7723524e-7
neg_015257	8.246529e-8
neg_014847	3.6421117e-9
neg_014480	0.000012455843
neg_016287	0.000154513
neg_018758	5.584171e-7
neg_012807	2.5669257e-7
neg_011019	0.000019463048
neg_000410	0.00003846535
neg_014365	5.2507993e-8
neg_016005	0.0000039300157
neg_013607	0.00064577814
neg_018387	0.00025746875
neg_012530	0.0000016489336
neg_000379	8.5837524e-7
neg_012032	0.0010771306
neg_008877	1.0297918e-10
neg_013530	4.2264332e-7
neg_016305	2.6820515e-11
neg_011125	0.00073568884
neg_002060	0.0006155423
neg_003153	0.00009971785
neg_019943	1.1276932e-8
neg_013449	9.0922947e-7
neg_000222	0.000005665002
neg_009260	0.0000011922699
neg_013379	0.0007393168
neg_001251	0.000023557246
neg_016230	0.0000016567519
neg_006983	0.0000013278551
neg_019794	0.000019180394
neg_013618	5.1455083e-7
neg_004388	0.000027595892
neg_020943	5.6575228e-8
neg_020964	0.000030965304
neg_012766	5.5146626e-7
neg_003306	0.00065035454
neg_004325	0.0010844381
neg_001253	0.0000012535319
neg_020603	1.6802796e-9
neg_010341	0.0000011842458
neg_020567	6.9695214e-9
neg_012331	5.864397e-8
neg_006421	2.0490386e-8
neg_001873	6.2896476e-8
neg_002209	2.1173054e-9
neg_014615	2.2244862e-8
neg_007578	0.0003117426
neg_016448	1.7053693e-10
neg_014482	0.00065795396
neg_008406	5.847464e-7
neg_016106	6.046746e-8
neg_008724	7.683576e-8
neg_013991	0.0000048495676
neg_013060	8.9770816e-7
neg_005113	0.000012025337
neg_015677	7.723819e-9
neg_000245	1.2822659e-7
neg_000277	0.0000047314848
neg_003541	5.8773523e-8
neg_019184	0.0007772294
neg_010288	0.00021374729
neg_011113	0.0004916942
neg_020047	8.666446e-10
neg_010432	3.0425315e-7
neg_011784	0.00035963443
neg_020794	0.0000051069737
neg_001168	3.8495468e-8
neg_016052	4.177494e-9
neg_012512	0.00006263513
neg_009154	9.7458894e-8
neg_014032	2.128113e-7
neg_010348	0.00077637663
neg_020196	4.7654293e-8
neg_006115	0.00040429956
neg_002094	1.1503621e-9
neg_014484	0.000039353767
neg_014034	1.09756904e-7
neg_015015	5.903063e-10
neg_003242	0.00007434601
neg_019327	0.000021349491
neg_002120	0.00001440378
neg_003800	0.00009066379
neg_011546	0.000001012438
neg_013487	2.2784467e-7
neg_003080	0.00018618617
neg_018309	1.18699276e-7
neg_006332	1.1998262e-7
neg_019806	3.281042e-9
neg_005820	2.1688284e-7
neg_007815	0.000011151101
neg_008149	0.00018602451
neg_006732	0.0000014379625
neg_020078	0.0000042913707
neg_017588	7.613232e-8
neg_009563	0.014475425
neg_005049	0.00031629062
neg_006986	0.0008065931
neg_015074	3.1149185e-9
neg_007879	5.901937e-10
neg_018519	0.0012013294
neg_018573	4.8264037e-9
neg_010748	0.000009475428
neg_007544	0.000032521948
neg_017845	1.0817452e-14
neg_009851	0.0000013751448
neg_007423	0.000025914294
neg_020797	8.860589e-9
neg_011985	5.939344e-8
neg_019993	0.00040980906
neg_002371	0.0000018552367
neg_007563	0.0006045898
neg_005927	5.3031037e-9
neg_003618	0.0000015019514
neg_012091	0.000016202455
neg_005069	0.0003413772
neg_013862	0.00012658474
neg_005872	0.000005926257
neg_006528	0.0000073863016
neg_002438	0.001330261
neg_009000	0.000011171665
neg_011029	0.0000015254712
neg_003493	0.000027929216
neg_011142	0.002166668
neg_009876	0.00002345261
neg_019729	0.0053735212
neg_014418	0.000027498112
neg_017044	5.8116445e-10
neg_012825	2.499779e-8
neg_001452	0.000118675656
neg_014612	1.1540618e-7
neg_004875	0.0002233727
neg_019078	0.000008456822
neg_009874	0.0010465367
neg_005379	0.0000125656325
neg_002682	0.00028195666
neg_009657	0.0000074094423
neg_006552	0.000008257598
neg_013743	0.0000028273093
neg_012598	3.054372e-10
neg_007671	1.3484054e-9
neg_017437	2.8913558e-7
neg_017799	2.0559527e-7
neg_018928	3.4707364e-9
neg_017094	4.2793037e-8
neg_010229	1.029693e-7
neg_001514	2.6186342e-10
neg_000585	2.7873384e-8
neg_015078	0.0005339361
neg_002759	0.0005263948
neg_017511	0.0000034224654
neg_012698	6.747015e-10
neg_010585	0.0000043953164
neg_016542	1.3011297e-8
neg_008080	0.0000022488985
neg_015471	2.1238144e-8
neg_012218	0.00038031593
neg_013034	0.0001032248
neg_010102	0.0000054272887
neg_004228	0.0002975406
neg_003272	0.000052064257
neg_020617	0.0004481778
neg_009869	0.0000062601844
neg_018356	0.000023483763
neg_010487	0.0000063443026
neg_002007	0.000001955803
neg_005499	0.0000036865545
neg_009169	0.000008419452
neg_015013	6.0163157e-16
neg_000793	0.00020227385
neg_010082	0.000009826045
neg_003583	1.9019642e-7
neg_002522	0.0004009274
neg_007023	1.84617e-8
neg_018731	0.16418397
neg_019449	4.5984546e-8
neg_015853	7.5391746e-8
neg_005983	3.3304255e-7
neg_016083	0.0000019206047
neg_012547	0.0000034297093
neg_017828	2.7025702e-12
neg_004021	0.00001910591
neg_008221	2.4718974e-10
neg_017565	8.121402e-7
neg_012750	2.8892998e-7
neg_000824	0.000002034635
neg_012368	0.0000020775165
neg_015991	1.3889018e-9
neg_006409	0.000013176525
neg_011207	0.000001695447
neg_002334	0.0000027175117
neg_010186	1.6343067e-7
neg_008921	1.4913606e-7
neg_015008	2.489266e-10
neg_018123	0.00012361634
neg_018302	0.000015774345
neg_016512	0.0000049527157
neg_016604	2.652572e-13
neg_013898	0.000024328438
neg_006253	0.0006452961
neg_017369	1.5505803e-7
neg_005694	9.166805e-7
neg_006014	0.001218437
neg_011629	0.00090690004
neg_000537	0.00004548584
neg_016126	1.6991322e-10
neg_006537	0.0000014074091
neg_011951	0.00006255944
neg_015885	0.0004953409
neg_002478	0.00019325757
neg_018049	3.1558875e-10
neg_003542	8.38875e-7
neg_002662	0.000005108338
neg_004044	3.7154078e-7
neg_000975	0.009723672
neg_018689	6.145269e-9
neg_012224	0.000011746696
neg_002963	0.0000013238797
neg_005669	1.5963318e-8
neg_010482	5.199087e-7
neg_009019	0.00001858231
neg_012635	0.0002233727
neg_008099	0.0000016716755
neg_011753	0.0000051927227
neg_011265	0.0000023533707
neg_019108	0.004172661
neg_015669	0.00009994461
neg_019612	0.0000033258343
neg_015874	1.9826058e-7
neg_003168	1.2119462e-9
neg_007731	0.00015651992
neg_011443	0.000053393174
neg_008880	0.003989382
neg_016316	0.000012191142
neg_010007	0.000008867607
neg_015497	1.1670688e-7
neg_000607	0.000004214256
neg_013273	0.000016099337
neg_005520	1.2643954e-8
neg_010793	0.00028618102
neg_014512	0.00033280283
neg_009651	4.803291e-8
neg_006153	0.00009071862
neg_019130	0.0041740322
neg_011539	0.0000010250427
neg_003540	7.750841e-7
neg_016552	4.913495e-7
neg_019762	0.0000019352622
neg_014643	0.0027988742
neg_008032	6.412483e-10
neg_000281	7.34234e-7
neg_008096	5.410115e-7
neg_010485	0.0001277671
neg_011327	0.0003331371
neg_017624	0.000021953614
neg_017146	0.012575727
neg_005434	0.0000016648073
neg_005825	0.0000014417935
neg_010583	0.000070534
neg_002235	0.0000011290468
neg_017585	1.6091679e-8
neg_016657	1.7597126e-9
neg_006873	0.00017743661
neg_004653	3.8695738e-10
neg_001087	2.7667602e-8
neg_018544	0.0000032248286
neg_010261	0.0000025634645
neg_007728	0.0019593048
neg_013968	0.0000051675875
neg_001320	0.000008773881
neg_009675	0.000050867948
neg_016959	6.6452955e-8
neg_000496	0.0000073925316
neg_009067	1.3655769e-7
neg_019791	4.0843467e-11
neg_005115	0.0000116587635
neg_015686	1.4376565e-7
neg_018047	0.000045262954
neg_020080	6.9496506e-9
neg_012150	1.9373505e-8
neg_004848	0.0000010946145
neg_005121	0.00016046746
neg_007749	2.7449732e-7
neg_018062	1.0107636e-7
neg_010856	0.00000963401
neg_007601	0.000027445769
neg_008121	0.0004819271
neg_000383	0.000006256359
neg_004307	0.00035098658
neg_016551	0.00014053371
neg_016385	5.4803543e-8
neg_014387	0.000014339542
neg_007133	2.2428459e-10
neg_014516	0.000017169585
neg_018713	7.9798085e-10
neg_013102	0.000018441468
neg_002411	0.000555598
neg_013720	0.000002901111
neg_005792	7.4559597e-7
neg_003014	0.000004655466
neg_007894	9.593454e-7
neg_002940	0.0000011450104
neg_012771	0.000029472118
neg_019877	2.370545e-10
neg_018281	4.5405182e-10
neg_013612	8.55733e-10
neg_019459	7.3337016e-9
neg_015012	2.5431052e-7
neg_016360	3.1176125e-8
neg_018308	0.000003726188
neg_014877	2.2072708e-9
neg_013624	5.211005e-10
neg_001806	0.0000019004788
neg_008948	1.0774046e-14
neg_009009	9.1248026e-8
neg_011959	0.0017141594
neg_014703	0.000022451233
neg_017005	9.0242395e-7
neg_007235	3.6687887e-8
neg_020792	2.9512185e-7
neg_019945	3.054848e-11
neg_013050	2.062901e-8
neg_005021	2.9054087e-7
neg_015058	0.0000027008755
neg_005878	0.0001893085
neg_019237	4.7505742e-7
neg_007839	1.5896456e-10
neg_015476	0.000013302253
neg_020030	0.00007787668
neg_017644	1.9725424e-7
neg_015692	0.0004882507
neg_008772	0.0000064021647
neg_016820	1.4157753e-7
neg_005511	5.929462e-8
neg_004685	0.00000543916
neg_014848	0.00023309252
neg_020954	4.0638078e-8
neg_007139	0.00016146725
neg_012645	0.000045771107
neg_019159	2.5217117e-8
neg_014121	0.01250891
neg_019059	0.00095453067
neg_019290	4.238202e-12
neg_000206	0.0000199983
neg_000443	0.0072653154
neg_009719	0.0000046957302
neg_016098	1.3649571e-7
neg_014834	7.327878e-11
neg_019016	0.000012601873
neg_014082	5.5422055e-7
neg_019389	0.00037857657
neg_015408	0.0000075017592
neg_013512	0.00006437802
neg_008906	0.00034710416
neg_017236	7.511537e-10
neg_011819	8.651731e-10
neg_015735	1.0764511e-7
neg_013441	0.00017036991
neg_000838	0.00003355043
neg_004166	5.096203e-8
neg_012303	0.0014356975
neg_001673	1.3813222e-9
neg_014109	0.00009440625
neg_017980	2.1241697e-9
neg_000792	0.0000013412824
neg_010538	1.9570885e-10
neg_016842	5.1376205e-13
neg_017932	0.02751169
neg_005966	0.0000043418318
neg_000996	1.520844e-8
neg_003159	0.0000078121175
neg_004374	0.0015612453
neg_015106	0.000008676064
neg_001367	0.0000058161136
neg_002593	0.000051284595
neg_020695	0.00003896517
neg_004096	0.000037634723
neg_000682	0.0000019011732
neg_000301	7.9434e-7
neg_014470	9.347818e-7
neg_003720	0.0000015755634
neg_020177	0.0058290605
neg_002221	5.432429e-7
neg_013216	0.0000028834029
neg_009615	0.0000067955702
neg_019109	2.1797263e-8
neg_001629	0.003984001
neg_017656	7.3781464e-10
neg_007203	1.1865202e-14
neg_009226	3.6136063e-11
neg_019495	1.703531e-8
neg_013565	0.000014320793
neg_016363	0.000051139647
neg_014290	4.824266e-10
neg_019011	1.8030258e-11
neg_015371	8.8624e-8
neg_012503	0.000023685985
neg_010532	0.00019725836
neg_008546	3.4026457e-9
neg_004541	0.00024818798
neg_000439	0.000012427829
neg_005471	3.6091e-8
neg_015028	0.00009689285
neg_001082	5.8855414e-7
neg_020113	0.000087165965
neg_001735	7.3617616e-7
neg_020465	4.5839332e-9
neg_011179	0.00002563409
neg_011714	3.7785367e-10
neg_002543	0.00005044728
neg_008930	0.00028618102
neg_012496	0.000464456
neg_003539	1.5282859e-7
neg_014147	0.003940633
neg_008689	0.0000039423885
neg_019625	0.000004911133
neg_017185	1.7304112e-7
neg_011855	0.000031684158
neg_021107	6.0841233e-16
neg_002112	2.3778159e-7
neg_007623	5.4944728e-8
neg_003094	0.001966978
neg_019710	5.6020514e-8
neg_003252	0.0000029621242
neg_004313	0.000006986213
neg_005671	1.0142204e-7
neg_001578	0.00006939818
neg_018835	1.9173498e-11
neg_012125	0.000038813414
neg_015952	0.000025461886
neg_019123	0.00004027453
neg_019934	0.000826905
neg_002712	0.000001865164
neg_016276	0.0010225854
neg_019570	0.00010280387
neg_000635	5.747942e-8
