seq_id	score	target_id	pident	coverage	evalue
tpase_004048	100.8	Tpase_IS630	0.0	0.0	1.9e-29
tpase_004403	28.4	Tpase_IS1	0.0	0.0	2.3e-7
tpase_004673	93.1	Tpase_IS630	0.0	0.0	4.3e-27
tpase_004684	88.7	Tpase_IS630	0.0	0.0	9.5e-26
tpase_002437	194.8	Tpase_IS1182	0.0	0.0	6.1e-58
tpase_004384	199.5	Tpase_IS110	0.0	0.0	1.7e-59
tpase_006725	216.3	Tpase_IS1182	0.0	0.0	1.9e-64
tpase_005887	0.0	None	0.0	0.0	999.0
tpase_006445	161.7	Tpase_IS1634	0.0	0.0	7.2e-48
tpase_005299	119.2	Tpase_IS982	0.0	0.0	4.9e-35
tpase_006150	174.6	Tpase_IS630	0.0	0.0	7.2e-52
tpase_005322	234.1	Tpase_IS1182	0.0	0.0	7.2e-70
tpase_003228	141.1	Tpase_ISKra4	0.0	0.0	1e-41
tpase_002196	113.4	Tpase_IS5	0.0	0.0	3e-33
tpase_006029	199.7	Tpase_IS1182	0.0	0.0	2e-59
tpase_001691	24.3	Tpase_IS3	0.0	0.0	3.3e-6
tpase_002281	140.6	Tpase_IS4	0.0	0.0	2e-41
tpase_000227	158.0	Tpase_IS5	0.0	0.0	8.2e-47
tpase_004987	103.6	Tpase_IS5	0.0	0.0	3e-30
tpase_000046	235.8	Tpase_IS110	0.0	0.0	1.6e-70
tpase_005258	267.7	Tpase_IS1182	0.0	0.0	4.9e-80
tpase_002564	33.8	Tpase_IS4	0.0	0.0	5.1e-9
tpase_003875	165.5	Tpase_IS982	0.0	0.0	3.7e-49
tpase_000534	99.6	Tpase_IS5	0.0	0.0	4.8e-29
tpase_001328	204.8	Tpase_IS110	0.0	0.0	4.3e-61
tpase_001213	197.0	Tpase_IS1182	0.0	0.0	1.3e-58
tpase_004356	143.5	Tpase_IS1634	0.0	0.0	2.3e-42
tpase_002646	56.7	Tpase_IS630	0.0	0.0	5e-16
tpase_003834	206.8	Tpase_ISLre2	0.0	0.0	1.3e-61
tpase_004126	161.0	Tpase_IS1634	0.0	0.0	1.1e-47
tpase_006405	49.9	Tpase_IS630	0.0	0.0	5.9e-14
tpase_005295	0.0	None	0.0	0.0	999.0
tpase_002405	214.9	Tpase_IS1380	0.0	0.0	3.2e-64
tpase_000643	163.3	Tpase_IS982	0.0	0.0	1.7e-48
tpase_001665	234.3	Tpase_IS110	0.0	0.0	4.5e-70
tpase_001887	123.3	Tpase_IS1182	0.0	0.0	2.9e-36
tpase_003788	158.8	Tpase_ISL3	0.0	0.0	4.1e-47
tpase_003481	107.5	Tpase_ISH3	0.0	0.0	1.9e-31
tpase_000620	183.8	Tpase_IS630	0.0	0.0	1.1e-54
tpase_000089	183.6	Tpase_ISL3	0.0	0.0	1.2e-54
tpase_005266	132.7	Tpase_ISKra4	0.0	0.0	3.8e-39
tpase_002696	196.8	Tpase_IS66	0.0	0.0	1.3e-58
tpase_005437	141.1	Tpase_IS982	0.0	0.0	1e-41
tpase_006896	236.8	Tpase_IS1182	0.0	0.0	1.1e-70
tpase_002488	203.4	Tpase_IS110	0.0	0.0	1.1e-60
tpase_004996	212.0	Tpase_IS110	0.0	0.0	2.7e-63
tpase_001167	113.9	Tpase_IS982	0.0	0.0	1.9e-33
tpase_002539	139.4	Tpase_IS1182	0.0	0.0	4e-41
tpase_003952	208.1	Tpase_ISLre2	0.0	0.0	5.1e-62
tpase_003365	138.2	Tpase_IS4	0.0	0.0	1.1e-40
tpase_004358	148.6	Tpase_IS1634	0.0	0.0	6.5e-44
tpase_002971	177.6	Tpase_ISL3	0.0	0.0	7.8e-53
tpase_006239	185.9	Tpase_IS110	0.0	0.0	2.3e-55
tpase_005120	115.4	Tpase_IS982	0.0	0.0	6.8e-34
tpase_001685	182.6	Tpase_IS1182	0.0	0.0	3.1e-54
tpase_001916	207.3	Tpase_IS630	0.0	0.0	7.9e-62
tpase_000408	148.9	Tpase_IS4	0.0	0.0	6e-44
tpase_000873	137.9	Tpase_ISKra4	0.0	0.0	1e-40
tpase_003463	52.7	Tpase_IS630	0.0	0.0	8.4e-15
tpase_006762	93.5	Tpase_IS481	0.0	0.0	3.4e-27
tpase_003348	104.4	Tpase_ISH3	0.0	0.0	1.6e-30
tpase_003627	120.9	Tpase_IS630	0.0	0.0	1.5e-35
tpase_002154	148.2	Tpase_IS630	0.0	0.0	7.5e-44
tpase_004962	200.8	Tpase_IS110	0.0	0.0	6.8e-60
tpase_005846	74.1	Tpase_IS630	0.0	0.0	2.6e-21
tpase_004762	151.8	Tpase_IS1	0.0	0.0	5.2e-45
tpase_003857	177.6	Tpase_ISL3	0.0	0.0	8.2e-53
tpase_003268	157.4	Tpase_IS982	0.0	0.0	1.1e-46
tpase_005595	206.9	Tpase_IS1182	0.0	0.0	1.3e-61
tpase_001908	165.8	Tpase_IS66	0.0	0.0	3.2e-49
tpase_005252	194.3	Tpase_IS110	0.0	0.0	6.7e-58
tpase_005385	115.8	Tpase_IS91	0.0	0.0	4.3e-34
tpase_006448	145.6	Tpase_IS630	0.0	0.0	4.5e-43
tpase_000305	108.7	Tpase_IS5	0.0	0.0	8.2e-32
tpase_007010	98.0	Tpase_IS982	0.0	0.0	1.4e-28
tpase_005873	139.0	Tpase_IS1182	0.0	0.0	5.1e-41
tpase_001625	154.0	Tpase_IS4	0.0	0.0	1.7e-45
tpase_005025	106.5	Tpase_IS5	0.0	0.0	3.9e-31
tpase_000921	51.3	Tpase_IS630	0.0	0.0	2.2e-14
tpase_002218	225.2	Tpase_IS110	0.0	0.0	2.7e-67
tpase_004631	70.8	Tpase_IS256	0.0	0.0	2.6e-20
tpase_004506	245.9	Tpase_IS1182	0.0	0.0	1.9e-73
tpase_005881	189.2	Tpase_IS1182	0.0	0.0	3e-56
tpase_000048	240.0	Tpase_IS110	0.0	0.0	8.8e-72
tpase_001977	113.2	Tpase_IS1182	0.0	0.0	3.3e-33
tpase_000957	129.5	Tpase_IS630	0.0	0.0	3.7e-38
tpase_002313	220.5	Tpase_IS110	0.0	0.0	7.4e-66
tpase_002475	171.1	Tpase_IS1380	0.0	0.0	6.4e-51
tpase_001915	113.6	Tpase_IS630	0.0	0.0	2.6e-33
tpase_002343	243.8	Tpase_IS1182	0.0	0.0	8.6e-73
tpase_003542	177.3	Tpase_IS1380	0.0	0.0	8.3e-53
tpase_000912	21.0	Tpase_IS481	0.0	0.0	0.000035
tpase_000427	60.2	Tpase_IS4	0.0	0.0	5.1e-17
tpase_006655	137.7	Tpase_ISKra4	0.0	0.0	1.1e-40
tpase_000900	139.3	Tpase_IS630	0.0	0.0	3.9e-41
tpase_005593	233.7	Tpase_IS110	0.0	0.0	7.2e-70
tpase_002616	212.5	Tpase_IS110	0.0	0.0	1.9e-63
tpase_007070	101.4	Tpase_IS5	0.0	0.0	1.4e-29
tpase_003446	106.5	Tpase_IS630	0.0	0.0	3.6e-31
tpase_006122	124.4	Tpase_IS982	0.0	0.0	1.3e-36
tpase_004173	105.4	Tpase_IS5	0.0	0.0	8.5e-31
tpase_005041	240.0	Tpase_IS1182	0.0	0.0	1.2e-71
tpase_004455	176.3	Tpase_IS1182	0.0	0.0	2.6e-52
tpase_002148	174.2	Tpase_IS630	0.0	0.0	9.6e-52
tpase_002730	109.5	Tpase_IS5	0.0	0.0	4.6e-32
tpase_004775	89.6	Tpase_IS630	0.0	0.0	5.1e-26
tpase_005510	221.0	Tpase_IS110	0.0	0.0	5.1e-66
tpase_003404	132.0	Tpase_IS630	0.0	0.0	6.4e-39
tpase_005644	204.2	Tpase_IS110	0.0	0.0	6.5e-61
tpase_000822	110.7	Tpase_IS701	0.0	0.0	1.8e-32
tpase_006478	101.4	Tpase_IS5	0.0	0.0	1.3e-29
tpase_000426	70.8	Tpase_IS4	0.0	0.0	3.1e-20
tpase_001544	57.1	Tpase_IS630	0.0	0.0	3.9e-16
tpase_002953	39.4	Tpase_IS630	0.0	0.0	9.4e-11
tpase_003798	226.4	Tpase_IS110	0.0	0.0	1.2e-67
tpase_001601	132.0	Tpase_IS4	0.0	0.0	8.1e-39
tpase_005669	113.2	Tpase_IS1182	0.0	0.0	3.4e-33
tpase_006188	103.4	Tpase_ISL3	0.0	0.0	2.7e-30
tpase_004882	135.3	Tpase_ISKra4	0.0	0.0	6.4e-40
tpase_006072	222.1	Tpase_IS110	0.0	0.0	2.4e-66
tpase_002756	192.1	Tpase_IS630	0.0	0.0	3.4e-57
tpase_005398	224.5	Tpase_IS1182	0.0	0.0	6e-67
tpase_004484	221.2	Tpase_IS1182	0.0	0.0	6.1e-66
tpase_004376	0.0	None	0.0	0.0	999.0
tpase_000177	106.2	Tpase_IS5	0.0	0.0	4.6e-31
tpase_000410	147.3	Tpase_IS4	0.0	0.0	1.8e-43
tpase_000872	137.6	Tpase_ISKra4	0.0	0.0	1.3e-40
tpase_005017	96.8	Tpase_IS5	0.0	0.0	3.4e-28
tpase_004999	109.6	Tpase_IS5	0.0	0.0	4.4e-32
tpase_003832	189.2	Tpase_ISLre2	0.0	0.0	2.9e-56
tpase_006389	56.2	Tpase_IS630	0.0	0.0	7.1e-16
tpase_005861	136.4	Tpase_IS1182	0.0	0.0	3.1e-40
tpase_004686	170.1	Tpase_IS630	0.0	0.0	1.7e-50
tpase_005616	80.4	Tpase_IS630	0.0	0.0	3.2e-23
tpase_003282	215.5	Tpase_IS3	0.0	0.0	3.2e-64
tpase_006637	125.7	Tpase_IS481	0.0	0.0	5.9e-37
tpase_000150	218.6	Tpase_IS110	0.0	0.0	2.7e-65
tpase_001740	237.2	Tpase_IS110	0.0	0.0	6.2e-71
tpase_003583	67.8	Tpase_IS630	0.0	0.0	2.1e-19
tpase_004189	128.7	Tpase_IS1182	0.0	0.0	6.7e-38
tpase_000418	86.1	Tpase_IS4	0.0	0.0	7e-25
tpase_006532	149.1	Tpase_ISL3	0.0	0.0	3.5e-44
tpase_003563	180.1	Tpase_IS630	0.0	0.0	1.5e-53
tpase_004448	64.6	Tpase_IS630	0.0	0.0	1.9e-18
tpase_002116	209.3	Tpase_IS110	0.0	0.0	1.8e-62
tpase_003910	240.2	Tpase_IS1182	0.0	0.0	1.1e-71
tpase_005296	143.9	Tpase_IS630	0.0	0.0	1.5e-42
tpase_001019	219.9	Tpase_IS110	0.0	0.0	1.1e-65
tpase_000814	25.6	Tpase_IS3	0.0	0.0	1.4e-6
tpase_001163	95.3	Tpase_IS630	0.0	0.0	9e-28
tpase_000937	162.8	Tpase_IS630	0.0	0.0	2.7e-48
tpase_001561	227.5	Tpase_IS110	0.0	0.0	5.4e-68
tpase_006942	117.2	Tpase_IS630	0.0	0.0	2e-34
tpase_004861	111.5	Tpase_ISKra4	0.0	0.0	1.1e-32
tpase_001741	219.9	Tpase_IS110	0.0	0.0	1.1e-65
tpase_003465	146.5	Tpase_IS630	0.0	0.0	2.5e-43
tpase_002280	50.2	Tpase_IS1182	0.0	0.0	4.2e-14
tpase_001976	100.6	Tpase_IS1182	0.0	0.0	2.3e-29
tpase_002185	113.3	Tpase_IS5	0.0	0.0	3.3e-33
tpase_000201	69.1	Tpase_IS5	0.0	0.0	8.9e-20
tpase_000743	97.6	Tpase_IS5	0.0	0.0	2e-28
tpase_002957	123.6	Tpase_IS5	0.0	0.0	2.4e-36
tpase_003648	129.2	Tpase_IS630	0.0	0.0	4.6e-38
tpase_006773	288.9	Tpase_IS1182	0.0	0.0	1.8e-86
tpase_003015	184.4	Tpase_IS1182	0.0	0.0	9e-55
tpase_004937	120.0	Tpase_ISKra4	0.0	0.0	2.7e-35
tpase_003049	0.0	None	0.0	0.0	999.0
tpase_004380	32.7	Tpase_IS1380	0.0	0.0	6.2e-9
tpase_003561	95.1	Tpase_IS630	0.0	0.0	1e-27
tpase_003933	154.2	Tpase_IS982	0.0	0.0	1e-45
tpase_002926	228.4	Tpase_IS110	0.0	0.0	2.8e-68
tpase_002299	195.7	Tpase_IS1182	0.0	0.0	3.4e-58
tpase_002234	188.9	Tpase_IS1182	0.0	0.0	3.6e-56
tpase_000755	117.0	Tpase_IS701	0.0	0.0	2.1e-34
tpase_005949	126.0	Tpase_IS1182	0.0	0.0	4.5e-37
tpase_002354	123.2	Tpase_IS1182	0.0	0.0	3.2e-36
tpase_005042	222.2	Tpase_IS110	0.0	0.0	2.2e-66
tpase_003715	98.8	Tpase_IS5	0.0	0.0	8.2e-29
tpase_005036	211.0	Tpase_IS110	0.0	0.0	5.6e-63
tpase_006954	207.8	Tpase_IS1182	0.0	0.0	6.8e-62
tpase_000079	94.0	Tpase_IS5	0.0	0.0	2.4e-27
tpase_002755	108.4	Tpase_IS630	0.0	0.0	9.5e-32
tpase_003904	164.3	Tpase_IS982	0.0	0.0	8.2e-49
tpase_005072	101.1	Tpase_IS5	0.0	0.0	1.7e-29
tpase_006013	226.4	Tpase_IS110	0.0	0.0	1.2e-67
tpase_000973	168.0	Tpase_IS1182	0.0	0.0	8e-50
tpase_002417	178.7	Tpase_IS1182	0.0	0.0	4.6e-53
tpase_000914	94.8	Tpase_IS630	0.0	0.0	1.3e-27
tpase_001628	214.6	Tpase_IS110	0.0	0.0	4.5e-64
tpase_001973	152.9	Tpase_IS4	0.0	0.0	3.8e-45
tpase_005629	116.7	Tpase_IS1182	0.0	0.0	2.9e-34
tpase_006294	159.3	Tpase_IS1182	0.0	0.0	3.5e-47
tpase_003462	127.3	Tpase_IS1182	0.0	0.0	1.7e-37
tpase_003637	76.1	Tpase_IS630	0.0	0.0	6.4e-22
tpase_003585	205.8	Tpase_IS630	0.0	0.0	2.2e-61
tpase_000068	101.1	Tpase_IS4	0.0	0.0	2e-29
tpase_004418	152.0	Tpase_IS1634	0.0	0.0	6.1e-45
tpase_006447	69.3	Tpase_IS630	0.0	0.0	7.6e-20
tpase_003750	215.6	Tpase_IS110	0.0	0.0	2.2e-64
tpase_001485	195.6	Tpase_IS630	0.0	0.0	2.8e-58
tpase_003231	149.8	Tpase_IS1182	0.0	0.0	2.7e-44
tpase_001033	158.3	Tpase_IS630	0.0	0.0	6.2e-47
tpase_003133	100.3	Tpase_IS1182	0.0	0.0	2.9e-29
tpase_004949	184.9	Tpase_ISL3	0.0	0.0	4.9e-55
tpase_001560	185.7	Tpase_IS110	0.0	0.0	2.7e-55
tpase_001914	87.5	Tpase_IS630	0.0	0.0	2.1e-25
tpase_006327	224.5	Tpase_IS110	0.0	0.0	4.4e-67
tpase_005182	215.5	Tpase_IS1182	0.0	0.0	3.2e-64
tpase_003745	203.4	Tpase_IS110	0.0	0.0	1.1e-60
tpase_006712	104.6	Tpase_IS5	0.0	0.0	1.5e-30
tpase_005547	215.0	Tpase_IS1182	0.0	0.0	4.5e-64
tpase_003504	122.0	Tpase_ISH3	0.0	0.0	7.5e-36
tpase_004543	122.6	Tpase_IS66	0.0	0.0	4e-36
tpase_000237	215.3	Tpase_IS110	0.0	0.0	2.7e-64
tpase_004040	101.8	Tpase_IS630	0.0	0.0	9.8e-30
tpase_004371	126.7	Tpase_ISKra4	0.0	0.0	2.5e-37
tpase_001542	51.4	Tpase_IS481	0.0	0.0	2.2e-14
tpase_001511	66.5	Tpase_IS630	0.0	0.0	5.2e-19
tpase_002321	115.7	Tpase_IS5	0.0	0.0	6e-34
tpase_001424	127.1	Tpase_IS630	0.0	0.0	2e-37
tpase_005494	99.2	Tpase_IS5	0.0	0.0	6.2e-29
tpase_004945	104.9	Tpase_IS630	0.0	0.0	1.1e-30
tpase_004405	180.0	Tpase_IS66	0.0	0.0	1.6e-53
tpase_004833	99.8	Tpase_IS630	0.0	0.0	3.9e-29
tpase_006781	129.9	Tpase_IS1634	0.0	0.0	3e-38
tpase_003862	156.4	Tpase_IS982	0.0	0.0	2.1e-46
tpase_007063	109.0	Tpase_IS5	0.0	0.0	6.5e-32
tpase_001859	97.7	Tpase_IS5	0.0	0.0	1.8e-28
tpase_005548	241.5	Tpase_IS110	0.0	0.0	3e-72
tpase_002497	193.9	Tpase_IS1182	0.0	0.0	1.1e-57
tpase_001496	126.3	Tpase_IS5	0.0	0.0	3.5e-37
tpase_005274	180.0	Tpase_IS1380	0.0	0.0	1.2e-53
tpase_000935	99.8	Tpase_IS630	0.0	0.0	3.9e-29
tpase_002591	135.2	Tpase_ISKra4	0.0	0.0	6.6e-40
tpase_004932	0.0	None	0.0	0.0	999.0
tpase_005288	174.6	Tpase_IS630	0.0	0.0	6.9e-52
tpase_005405	203.1	Tpase_IS110	0.0	0.0	1.4e-60
tpase_004950	125.5	Tpase_IS1182	0.0	0.0	6.4e-37
tpase_005888	0.0	None	0.0	0.0	999.0
tpase_004515	115.6	Tpase_ISKra4	0.0	0.0	5.9e-34
tpase_000661	44.2	Tpase_IS5	0.0	0.0	3.5e-12
tpase_000085	92.9	Tpase_IS5	0.0	0.0	5.1e-27
tpase_003566	185.2	Tpase_IS630	0.0	0.0	4.3e-55
tpase_004066	0.0	None	0.0	0.0	999.0
tpase_001259	127.8	Tpase_IS1182	0.0	0.0	1.3e-37
tpase_001161	87.6	Tpase_IS630	0.0	0.0	2e-25
tpase_004879	135.2	Tpase_ISKra4	0.0	0.0	6.6e-40
tpase_001626	150.3	Tpase_IS4	0.0	0.0	2.3e-44
tpase_000662	37.6	Tpase_IS5	0.0	0.0	3.6e-10
tpase_003871	189.9	Tpase_ISLre2	0.0	0.0	1.7e-56
tpase_006710	289.2	Tpase_IS1182	0.0	0.0	1.5e-86
tpase_003280	26.5	Tpase_IS3	0.0	0.0	7.1e-7
tpase_000652	178.8	Tpase_IS481	0.0	0.0	4.3e-53
tpase_000411	140.7	Tpase_IS4	0.0	0.0	1.9e-41
tpase_006933	0.0	None	0.0	0.0	999.0
tpase_003327	101.5	Tpase_IS630	0.0	0.0	1.2e-29
tpase_002402	205.9	Tpase_IS66	0.0	0.0	2.2e-61
tpase_001645	218.7	Tpase_IS110	0.0	0.0	2.5e-65
tpase_003500	69.4	Tpase_IS630	0.0	0.0	6.8e-20
tpase_004610	162.7	Tpase_IS3	0.0	0.0	3.5e-48
tpase_005308	92.4	Tpase_IS5	0.0	0.0	7.5e-27
tpase_002645	40.4	Tpase_IS481	0.0	0.0	4.8e-11
tpase_002955	89.7	Tpase_IS630	0.0	0.0	4.7e-26
tpase_002785	144.0	Tpase_IS6	0.0	0.0	1.3e-42
tpase_000285	199.5	Tpase_IS1182	0.0	0.0	2.3e-59
tpase_000406	136.8	Tpase_IS4	0.0	0.0	2.8e-40
tpase_003275	125.5	Tpase_IS1182	0.0	0.0	6.3e-37
tpase_004953	131.9	Tpase_IS5	0.0	0.0	7.2e-39
tpase_002056	177.8	Tpase_IS630	0.0	0.0	7.5e-53
tpase_001129	73.2	Tpase_IS630	0.0	0.0	4.9e-21
tpase_004674	158.8	Tpase_IS630	0.0	0.0	4.6e-47
tpase_000425	155.1	Tpase_IS4	0.0	0.0	7.8e-46
tpase_000086	129.3	Tpase_IS982	0.0	0.0	4e-38
tpase_003210	146.0	Tpase_IS1182	0.0	0.0	3.9e-43
tpase_000656	176.9	Tpase_IS481	0.0	0.0	1.6e-52
tpase_003732	111.8	Tpase_IS5	0.0	0.0	9.5e-33
tpase_001397	124.9	Tpase_IS630	0.0	0.0	9.3e-37
tpase_005284	102.8	Tpase_IS1182	0.0	0.0	4.7e-30
tpase_003848	0.0	None	0.0	0.0	999.0
tpase_004781	82.5	Tpase_IS630	0.0	0.0	7.1e-24
tpase_004102	160.6	Tpase_IS66	0.0	0.0	1.2e-47
tpase_004700	127.3	Tpase_ISH3	0.0	0.0	1.8e-37
tpase_003499	86.2	Tpase_IS630	0.0	0.0	5.4e-25
tpase_004934	120.5	Tpase_ISKra4	0.0	0.0	1.9e-35
tpase_004944	82.2	Tpase_IS630	0.0	0.0	8.9e-24
tpase_004252	129.8	Tpase_IS701	0.0	0.0	2.8e-38
tpase_003313	135.2	Tpase_ISKra4	0.0	0.0	6.5e-40
tpase_004687	49.7	Tpase_IS630	0.0	0.0	6.9e-14
tpase_001913	150.7	Tpase_IS982	0.0	0.0	1.1e-44
tpase_005425	105.3	Tpase_IS5	0.0	0.0	8.6e-31
tpase_000834	115.1	Tpase_IS982	0.0	0.0	8.6e-34
tpase_000223	130.4	Tpase_IS630	0.0	0.0	1.9e-38
tpase_006282	214.7	Tpase_IS110	0.0	0.0	4.2e-64
tpase_000404	142.3	Tpase_IS4	0.0	0.0	6.3e-42
tpase_006495	23.5	Tpase_IS21	0.0	0.0	5.2e-6
tpase_004514	0.0	None	0.0	0.0	999.0
tpase_004928	103.7	Tpase_IS1182	0.0	0.0	2.5e-30
tpase_005264	0.0	None	0.0	0.0	999.0
tpase_003181	55.5	Tpase_IS630	0.0	0.0	1.1e-15
tpase_000526	208.9	Tpase_IS110	0.0	0.0	2.5e-62
tpase_001046	15.1	Tpase_IS66	0.0	0.0	0.0015
tpase_001162	70.6	Tpase_IS630	0.0	0.0	3e-20
tpase_002894	222.7	Tpase_IS110	0.0	0.0	1.5e-66
tpase_002522	116.9	Tpase_IS481	0.0	0.0	2.7e-34
tpase_003850	137.9	Tpase_ISKra4	0.0	0.0	1e-40
tpase_001506	132.3	Tpase_IS1182	0.0	0.0	5.5e-39
tpase_005707	208.4	Tpase_IS1182	0.0	0.0	4.6e-62
tpase_005021	219.2	Tpase_IS110	0.0	0.0	1.7e-65
tpase_005981	211.2	Tpase_IS110	0.0	0.0	5e-63
tpase_000655	177.2	Tpase_IS481	0.0	0.0	1.3e-52
tpase_004383	199.9	Tpase_IS110	0.0	0.0	1.4e-59
tpase_000653	171.0	Tpase_IS481	0.0	0.0	1e-50
tpase_002593	154.4	Tpase_ISKra4	0.0	0.0	9.6e-46
tpase_001402	43.0	Tpase_IS481	0.0	0.0	7.6e-12
tpase_002315	100.7	Tpase_IS982	0.0	0.0	2.1e-29
tpase_004463	50.0	Tpase_IS630	0.0	0.0	5.6e-14
tpase_005815	201.5	Tpase_IS110	0.0	0.0	4.2e-60
tpase_003565	84.0	Tpase_IS630	0.0	0.0	2.5e-24
tpase_006006	148.6	Tpase_IS982	0.0	0.0	5.3e-44
tpase_006497	80.9	Tpase_IS630	0.0	0.0	2.1e-23
tpase_005123	223.9	Tpase_IS110	0.0	0.0	6.8e-67
tpase_003763	246.2	Tpase_IS1182	0.0	0.0	1.6e-73
tpase_005471	102.7	Tpase_IS5	0.0	0.0	5.5e-30
tpase_000835	107.9	Tpase_IS982	0.0	0.0	1.3e-31
tpase_000428	133.6	Tpase_IS4	0.0	0.0	2.7e-39
tpase_000389	93.0	Tpase_IS5	0.0	0.0	4.8e-27
tpase_004464	112.5	Tpase_IS630	0.0	0.0	5.3e-33
tpase_004855	123.1	Tpase_ISKra4	0.0	0.0	3.2e-36
tpase_003825	101.1	Tpase_IS630	0.0	0.0	1.5e-29
tpase_002947	129.8	Tpase_IS1634	0.0	0.0	3.3e-38
tpase_006881	105.2	Tpase_IS5	0.0	0.0	9.3e-31
tpase_006221	81.1	Tpase_IS630	0.0	0.0	2e-23
tpase_005000	211.4	Tpase_IS110	0.0	0.0	4.3e-63
tpase_000744	0.0	None	0.0	0.0	999.0
tpase_006916	221.8	Tpase_IS110	0.0	0.0	3e-66
tpase_001910	126.6	Tpase_IS1182	0.0	0.0	3e-37
tpase_005744	97.7	Tpase_IS630	0.0	0.0	1.8e-28
tpase_004407	177.1	Tpase_IS66	0.0	0.0	1.2e-52
tpase_004049	89.5	Tpase_IS630	0.0	0.0	5.3e-26
tpase_003826	177.7	Tpase_IS630	0.0	0.0	8e-53
tpase_004370	0.0	None	0.0	0.0	999.0
tpase_002317	120.8	Tpase_IS5	0.0	0.0	1.7e-35
tpase_000815	73.6	Tpase_IS630	0.0	0.0	3.6e-21
tpase_000506	209.8	Tpase_IS110	0.0	0.0	1.3e-62
tpase_001991	122.5	Tpase_IS1182	0.0	0.0	5.1e-36
tpase_004414	271.9	Tpase_IS1182	0.0	0.0	2.6e-81
tpase_004878	135.8	Tpase_ISKra4	0.0	0.0	4.5e-40
tpase_003354	74.8	Tpase_ISH3	0.0	0.0	1.6e-21
tpase_002454	207.1	Tpase_IS1182	0.0	0.0	1.1e-61
tpase_004853	0.0	None	0.0	0.0	999.0
tpase_004784	125.7	Tpase_IS5	0.0	0.0	5.6e-37
tpase_006312	70.2	Tpase_IS630	0.0	0.0	4.1e-20
tpase_005607	229.7	Tpase_IS110	0.0	0.0	1.1e-68
tpase_004834	81.0	Tpase_IS630	0.0	0.0	2e-23
tpase_006434	225.9	Tpase_IS110	0.0	0.0	1.6e-67
tpase_006275	226.2	Tpase_IS110	0.0	0.0	1.3e-67
tpase_001160	77.1	Tpase_IS630	0.0	0.0	3.2e-22
tpase_000405	145.6	Tpase_IS4	0.0	0.0	6e-43
tpase_000585	217.9	Tpase_IS1182	0.0	0.0	6.1e-65
tpase_004047	73.5	Tpase_IS630	0.0	0.0	4e-21
tpase_001125	58.5	Tpase_IS630	0.0	0.0	1.4e-16
tpase_004856	0.0	None	0.0	0.0	999.0
tpase_004216	54.7	Tpase_IS481	0.0	0.0	2.1e-15
tpase_004318	54.6	Tpase_IS630	0.0	0.0	2.1e-15
tpase_000958	106.8	Tpase_IS701	0.0	0.0	2.8e-31
tpase_002195	83.2	Tpase_IS5	0.0	0.0	4.6e-24
tpase_006767	184.4	Tpase_IS1380	0.0	0.0	5.8e-55
tpase_006313	107.9	Tpase_IS630	0.0	0.0	1.4e-31
tpase_002545	148.4	Tpase_IS982	0.0	0.0	5.9e-44
tpase_005285	137.3	Tpase_IS1182	0.0	0.0	1.7e-40
tpase_002724	141.1	Tpase_IS1182	0.0	0.0	1.2e-41
tpase_005980	212.1	Tpase_IS110	0.0	0.0	2.6e-63
tpase_005360	158.7	Tpase_IS1380	0.0	0.0	3.8e-47
tpase_003572	108.3	Tpase_ISH3	0.0	0.0	1e-31
tpase_007001	24.2	Tpase_IS481	0.0	0.0	3.9e-6
tpase_002567	207.7	Tpase_IS66	0.0	0.0	6.3e-62
tpase_004164	143.2	Tpase_IS1182	0.0	0.0	2.6e-42
tpase_004777	178.4	Tpase_IS630	0.0	0.0	4.9e-53
tpase_003102	158.3	Tpase_IS66	0.0	0.0	6e-47
tpase_001861	89.7	Tpase_IS5	0.0	0.0	5e-26
tpase_000432	136.8	Tpase_IS982	0.0	0.0	2e-40
tpase_004121	34.8	Tpase_IS630	0.0	0.0	2.2e-9
tpase_004036	134.7	Tpase_ISKra4	0.0	0.0	9.4e-40
tpase_001499	122.3	Tpase_IS5	0.0	0.0	5.8e-36
tpase_001896	220.9	Tpase_IS1182	0.0	0.0	7.4e-66
tpase_000412	69.3	Tpase_IS4	0.0	0.0	9e-20
tpase_004067	133.5	Tpase_ISKra4	0.0	0.0	2.2e-39
tpase_006087	226.1	Tpase_IS110	0.0	0.0	1.4e-67
tpase_001974	137.5	Tpase_IS4	0.0	0.0	1.8e-40
tpase_000934	79.9	Tpase_IS630	0.0	0.0	4.3e-23
tpase_000883	102.2	Tpase_IS5	0.0	0.0	7.5e-30
tpase_005383	232.3	Tpase_IS110	0.0	0.0	1.8e-69
tpase_005157	189.7	Tpase_IS1380	0.0	0.0	1.4e-56
tpase_001930	196.4	Tpase_IS1182	0.0	0.0	2.1e-58
tpase_004052	140.7	Tpase_ISAzo13	0.0	0.0	1.2e-41
tpase_004288	45.3	Tpase_IS481	0.0	0.0	1.5e-12
tpase_004685	75.5	Tpase_IS630	0.0	0.0	9.5e-22
tpase_005836	82.0	Tpase_IS630	0.0	0.0	1e-23
tpase_003614	92.4	Tpase_IS630	0.0	0.0	6.8e-27
tpase_001627	130.4	Tpase_IS4	0.0	0.0	2.5e-38
tpase_006392	210.3	Tpase_ISL3	0.0	0.0	9.2e-63
tpase_007091	225.6	Tpase_IS110	0.0	0.0	2e-67
tpase_005558	183.2	Tpase_IS1182	0.0	0.0	2e-54
tpase_000333	140.8	Tpase_IS982	0.0	0.0	1.2e-41
tpase_004776	80.5	Tpase_IS630	0.0	0.0	2.9e-23
tpase_003089	75.3	Tpase_IS630	0.0	0.0	1.1e-21
tpase_003602	119.9	Tpase_IS630	0.0	0.0	3.1e-35
tpase_004859	11.6	Tpase_IS110	0.0	0.0	0.022
tpase_004039	74.1	Tpase_IS630	0.0	0.0	2.5e-21
tpase_006300	134.6	Tpase_IS982	0.0	0.0	9.5e-40
tpase_005065	238.9	Tpase_IS1182	0.0	0.0	2.7e-71
tpase_001403	63.8	Tpase_IS630	0.0	0.0	3.5e-18
tpase_001992	133.3	Tpase_IS1182	0.0	0.0	2.7e-39
tpase_003697	32.8	Tpase_IS3	0.0	0.0	8.9e-9
tpase_004880	0.0	None	0.0	0.0	999.0
tpase_001487	186.8	Tpase_IS630	0.0	0.0	1.4e-55
tpase_001731	126.7	Tpase_IS1182	0.0	0.0	2.7e-37
tpase_000920	30.7	Tpase_IS630	0.0	0.0	4.1e-8
tpase_005453	219.2	Tpase_IS1182	0.0	0.0	2.4e-65
tpase_006321	75.6	Tpase_IS630	0.0	0.0	9.3e-22
tpase_004544	115.3	Tpase_IS66	0.0	0.0	6.3e-34
tpase_005615	48.8	Tpase_IS630	0.0	0.0	1.3e-13
tpase_001395	118.4	Tpase_IS1634	0.0	0.0	9.2e-35
tpase_004955	95.3	Tpase_IS5	0.0	0.0	9.5e-28
tpase_007064	99.0	Tpase_IS5	0.0	0.0	7.2e-29
tpase_001406	179.7	Tpase_IS110	0.0	0.0	1.9e-53
tpase_001858	86.9	Tpase_IS5	0.0	0.0	3.4e-25
tpase_004103	168.4	Tpase_IS66	0.0	0.0	5.2e-50
tpase_000658	85.4	Tpase_IS630	0.0	0.0	9.2e-25
tpase_003793	133.2	Tpase_IS1182	0.0	0.0	3e-39
tpase_006199	216.5	Tpase_IS110	0.0	0.0	1.1e-64
tpase_006492	150.9	Tpase_IS982	0.0	0.0	1e-44
tpase_001620	140.7	Tpase_IS4	0.0	0.0	1.9e-41
tpase_004002	273.1	Tpase_IS1182	0.0	0.0	1.1e-81
tpase_004454	201.6	Tpase_IS110	0.0	0.0	4.1e-60
tpase_006939	115.3	Tpase_IS982	0.0	0.0	7.4e-34
tpase_005569	167.1	Tpase_IS66	0.0	0.0	1.3e-49
tpase_003584	126.2	Tpase_IS630	0.0	0.0	3.7e-37
tpase_000567	65.9	Tpase_IS630	0.0	0.0	7.9e-19
tpase_006643	200.3	Tpase_IS1182	0.0	0.0	1.3e-59
tpase_003699	186.7	Tpase_IS3	0.0	0.0	1.8e-55
tpase_005622	21.7	Tpase_IS481	0.0	0.0	0.000022
tpase_006678	216.3	Tpase_ISLre2	0.0	0.0	1.7e-64
tpase_003564	91.8	Tpase_IS630	0.0	0.0	1e-26
tpase_003189	77.8	Tpase_IS630	0.0	0.0	1.9e-22
tpase_002134	203.6	Tpase_IS630	0.0	0.0	1.1e-60
tpase_006727	132.8	Tpase_IS1182	0.0	0.0	3.8e-39
tpase_004933	120.9	Tpase_ISKra4	0.0	0.0	1.4e-35
tpase_001344	142.3	Tpase_IS1634	0.0	0.0	5.2e-42
tpase_004295	121.9	Tpase_IS1182	0.0	0.0	7.7e-36
tpase_003636	83.1	Tpase_IS630	0.0	0.0	4.7e-24
tpase_000423	142.7	Tpase_IS4	0.0	0.0	4.5e-42
tpase_005880	169.0	Tpase_IS982	0.0	0.0	3.1e-50
tpase_001853	227.7	Tpase_IS1182	0.0	0.0	6.3e-68
tpase_002098	116.7	Tpase_IS5	0.0	0.0	2.9e-34
tpase_003347	100.9	Tpase_ISH3	0.0	0.0	1.9e-29
tpase_001545	86.8	Tpase_IS630	0.0	0.0	3.5e-25
tpase_005168	128.3	Tpase_IS1182	0.0	0.0	8.7e-38
tpase_004406	181.6	Tpase_IS66	0.0	0.0	5.2e-54
tpase_004123	138.3	Tpase_IS630	0.0	0.0	7.6e-41
tpase_005064	102.0	Tpase_IS5	0.0	0.0	8.7e-30
tpase_003870	209.8	Tpase_ISLre2	0.0	0.0	1.6e-62
tpase_006217	220.2	Tpase_IS110	0.0	0.0	8.8e-66
tpase_004361	21.7	Tpase_IS630	0.0	0.0	0.000022
tpase_006795	0.0	None	0.0	0.0	999.0
tpase_001128	76.1	Tpase_IS630	0.0	0.0	6.5e-22
tpase_002647	98.8	Tpase_IS630	0.0	0.0	7.8e-29
tpase_004783	172.8	Tpase_IS630	0.0	0.0	2.5e-51
tpase_005291	147.4	Tpase_IS630	0.0	0.0	1.4e-43
tpase_004478	171.4	Tpase_IS1182	0.0	0.0	7.8e-51
tpase_004319	61.5	Tpase_IS630	0.0	0.0	1.8e-17
tpase_006650	124.0	Tpase_IS1182	0.0	0.0	1.9e-36
tpase_006875	101.7	Tpase_IS5	0.0	0.0	1.1e-29
tpase_003184	69.8	Tpase_IS630	0.0	0.0	5.2e-20
tpase_001287	239.4	Tpase_IS1182	0.0	0.0	1.8e-71
tpase_006457	158.9	Tpase_IS982	0.0	0.0	3.7e-47
tpase_002412	198.5	Tpase_IS1182	0.0	0.0	4.6e-59
tpase_002200	140.1	Tpase_IS5	0.0	0.0	2.2e-41
tpase_004936	120.5	Tpase_ISKra4	0.0	0.0	1.9e-35
tpase_004613	232.0	Tpase_IS110	0.0	0.0	2.2e-69
tpase_001471	240.5	Tpase_IS1182	0.0	0.0	8.3e-72
tpase_002595	0.0	None	0.0	0.0	999.0
tpase_005496	104.3	Tpase_IS5	0.0	0.0	1.8e-30
tpase_000913	72.7	Tpase_IS630	0.0	0.0	7e-21
tpase_002927	212.4	Tpase_IS110	0.0	0.0	2.1e-63
tpase_004737	119.6	Tpase_IS1182	0.0	0.0	3.8e-35
tpase_005513	106.6	Tpase_IS5	0.0	0.0	3.5e-31
tpase_003445	89.2	Tpase_IS630	0.0	0.0	6.6e-26
tpase_007087	121.7	Tpase_IS1182	0.0	0.0	9e-36
tpase_005395	105.9	Tpase_IS5	0.0	0.0	5.8e-31
tpase_002903	234.7	Tpase_IS110	0.0	0.0	3.4e-70
tpase_003883	155.2	Tpase_IS982	0.0	0.0	4.9e-46
tpase_007090	88.5	Tpase_IS5	0.0	0.0	1.2e-25
tpase_002985	137.4	Tpase_IS630	0.0	0.0	1.4e-40
tpase_004854	123.6	Tpase_ISKra4	0.0	0.0	2.3e-36
tpase_003688	33.6	Tpase_IS3	0.0	0.0	5e-9
tpase_004317	15.6	Tpase_IS3	0.0	0.0	0.0015
tpase_005817	210.6	Tpase_IS1182	0.0	0.0	9.7e-63
tpase_002895	109.1	Tpase_IS5	0.0	0.0	6e-32
tpase_006111	203.3	Tpase_IS110	0.0	0.0	1.2e-60
tpase_004678	150.8	Tpase_IS630	0.0	0.0	1.2e-44
tpase_006223	158.5	Tpase_IS630	0.0	0.0	5.5e-47
tpase_003125	87.5	Tpase_IS982	0.0	0.0	2.2e-25
tpase_002592	0.0	None	0.0	0.0	999.0
tpase_004020	195.9	Tpase_IS66	0.0	0.0	2.4e-58
tpase_001718	218.3	Tpase_IS1182	0.0	0.0	4.5e-65
tpase_002589	0.0	None	0.0	0.0	999.0
tpase_001457	232.2	Tpase_IS1182	0.0	0.0	2.8e-69
tpase_003897	155.8	Tpase_ISL3	0.0	0.0	3.3e-46
tpase_000123	85.9	Tpase_IS5	0.0	0.0	6.9e-25
tpase_003229	140.6	Tpase_ISKra4	0.0	0.0	1.6e-41
tpase_006391	157.3	Tpase_IS630	0.0	0.0	1.3e-46
tpase_003867	162.2	Tpase_IS982	0.0	0.0	3.7e-48
tpase_003284	153.4	Tpase_IS982	0.0	0.0	1.8e-45
tpase_003083	139.2	Tpase_IS1182	0.0	0.0	4.5e-41
tpase_004034	0.0	None	0.0	0.0	999.0
tpase_006372	227.1	Tpase_IS110	0.0	0.0	7.3e-68
tpase_003079	226.0	Tpase_ISL3	0.0	0.0	1.6e-67
tpase_004873	127.8	Tpase_IS982	0.0	0.0	1.1e-37
tpase_005495	214.8	Tpase_IS110	0.0	0.0	3.8e-64
tpase_002863	159.6	Tpase_IS630	0.0	0.0	2.6e-47
tpase_004025	76.5	Tpase_IS481	0.0	0.0	5.1e-22
tpase_002954	41.0	Tpase_IS630	0.0	0.0	3e-11
tpase_003578	178.2	Tpase_IS630	0.0	0.0	5.7e-53
tpase_003183	123.2	Tpase_IS630	0.0	0.0	3e-36
tpase_000080	87.6	Tpase_IS5	0.0	0.0	2.1e-25
tpase_005837	86.7	Tpase_IS630	0.0	0.0	3.9e-25
tpase_000419	156.1	Tpase_IS4	0.0	0.0	4e-46
tpase_004738	102.5	Tpase_IS1182	0.0	0.0	5.9e-30
tpase_002074	121.6	Tpase_IS630	0.0	0.0	9.5e-36
tpase_005935	101.2	Tpase_IS5	0.0	0.0	1.6e-29
tpase_004289	58.5	Tpase_IS630	0.0	0.0	1.4e-16
tpase_004027	160.0	Tpase_IS1634	0.0	0.0	2.3e-47
tpase_004362	47.7	Tpase_IS3	0.0	0.0	2.6e-13
tpase_003632	108.0	Tpase_ISH3	0.0	0.0	1.3e-31
tpase_003075	150.2	Tpase_IS1182	0.0	0.0	2e-44
tpase_005484	100.9	Tpase_IS5	0.0	0.0	2e-29
tpase_003314	136.0	Tpase_ISKra4	0.0	0.0	3.9e-40
tpase_005742	40.3	Tpase_IS481	0.0	0.0	5e-11
tpase_006222	71.1	Tpase_IS630	0.0	0.0	2.1e-20
tpase_001717	217.9	Tpase_IS1182	0.0	0.0	6e-65
tpase_004961	226.5	Tpase_IS110	0.0	0.0	1e-67
tpase_005057	133.3	Tpase_IS1182	0.0	0.0	2.8e-39
tpase_005297	143.0	Tpase_IS1634	0.0	0.0	3.1e-42
tpase_006157	199.4	Tpase_IS1182	0.0	0.0	2.5e-59
tpase_002355	209.3	Tpase_IS1182	0.0	0.0	2.4e-62
tpase_001602	132.0	Tpase_IS4	0.0	0.0	8.1e-39
tpase_002688	105.2	Tpase_IS630	0.0	0.0	9.3e-31
tpase_006549	133.1	Tpase_IS630	0.0	0.0	2.9e-39
tpase_000504	207.2	Tpase_IS110	0.0	0.0	8.2e-62
tpase_005470	203.3	Tpase_IS1182	0.0	0.0	1.6e-60
tpase_005399	104.9	Tpase_IS5	0.0	0.0	1.2e-30
tpase_001562	222.7	Tpase_IS110	0.0	0.0	1.6e-66
tpase_003824	71.2	Tpase_IS630	0.0	0.0	2e-20
tpase_001512	122.7	Tpase_IS630	0.0	0.0	4.3e-36
tpase_007068	213.8	Tpase_IS110	0.0	0.0	7.8e-64
tpase_003379	55.2	Tpase_IS1182	0.0	0.0	1.3e-15
tpase_004611	193.4	Tpase_IS3	0.0	0.0	1.7e-57
tpase_005119	108.1	Tpase_IS982	0.0	0.0	1.1e-31
tpase_002584	124.1	Tpase_IS701	0.0	0.0	1.5e-36
tpase_004296	230.8	Tpase_IS110	0.0	0.0	5.2e-69
tpase_003103	130.2	Tpase_IS66	0.0	0.0	1.9e-38
tpase_006999	79.5	Tpase_IS630	0.0	0.0	6e-23
tpase_006097	133.0	Tpase_IS1	0.0	0.0	2.8e-39
tpase_006653	0.0	None	0.0	0.0	999.0
tpase_000660	199.0	Tpase_IS630	0.0	0.0	2.7e-59
tpase_003414	222.3	Tpase_IS110	0.0	0.0	2e-66
tpase_002147	97.6	Tpase_IS630	0.0	0.0	1.9e-28
tpase_003182	60.8	Tpase_IS630	0.0	0.0	2.8e-17
tpase_003273	186.5	Tpase_IS66	0.0	0.0	1.7e-55
tpase_001664	215.5	Tpase_IS110	0.0	0.0	2.5e-64
tpase_000416	59.0	Tpase_IS4	0.0	0.0	1.2e-16
tpase_005446	89.8	Tpase_IS982	0.0	0.0	4.3e-26
tpase_003496	130.3	Tpase_ISH3	0.0	0.0	2.1e-38
tpase_002007	238.0	Tpase_IS1182	0.0	0.0	4.9e-71
tpase_004714	112.7	Tpase_IS982	0.0	0.0	4.4e-33
tpase_001130	156.7	Tpase_IS630	0.0	0.0	2e-46
tpase_003501	166.4	Tpase_IS630	0.0	0.0	2.2e-49
tpase_005956	197.2	Tpase_IS110	0.0	0.0	8.7e-59
tpase_007002	78.4	Tpase_IS630	0.0	0.0	1.2e-22
tpase_000422	148.7	Tpase_IS4	0.0	0.0	6.8e-44
tpase_005404	204.6	Tpase_IS110	0.0	0.0	5.1e-61
tpase_006311	37.6	Tpase_IS481	0.0	0.0	3.2e-10
tpase_002871	158.9	Tpase_IS630	0.0	0.0	4.2e-47
tpase_006876	144.1	Tpase_IS630	0.0	0.0	1.4e-42
tpase_000569	121.0	Tpase_IS630	0.0	0.0	1.4e-35
tpase_003836	209.1	Tpase_ISLre2	0.0	0.0	2.7e-62
tpase_001591	184.8	Tpase_IS1182	0.0	0.0	6.5e-55
tpase_002594	154.4	Tpase_ISKra4	0.0	0.0	9.6e-46
tpase_006606	149.0	Tpase_IS630	0.0	0.0	4.4e-44
tpase_000641	152.3	Tpase_IS982	0.0	0.0	3.9e-45
tpase_006496	63.5	Tpase_IS630	0.0	0.0	4.4e-18
tpase_002162	221.7	Tpase_IS110	0.0	0.0	3e-66
tpase_004591	153.5	Tpase_IS1634	0.0	0.0	2.1e-45
tpase_000429	71.0	Tpase_IS4	0.0	0.0	2.7e-20
tpase_004432	216.5	Tpase_IS110	0.0	0.0	1.2e-64
tpase_002763	210.2	Tpase_IS1380	0.0	0.0	8.6e-63
tpase_006273	220.1	Tpase_IS110	0.0	0.0	9.9e-66
tpase_004065	129.6	Tpase_ISKra4	0.0	0.0	3.2e-38
tpase_003905	180.4	Tpase_IS1182	0.0	0.0	1.5e-53
tpase_001600	148.6	Tpase_IS4	0.0	0.0	7.7e-44
tpase_000284	153.3	Tpase_IS1182	0.0	0.0	2.3e-45
tpase_003223	121.5	Tpase_IS1182	0.0	0.0	1e-35
tpase_003332	103.2	Tpase_ISH3	0.0	0.0	3.8e-30
tpase_004599	214.1	Tpase_IS110	0.0	0.0	6.4e-64
tpase_000083	170.0	Tpase_ISL3	0.0	0.0	1.6e-50
tpase_004782	81.7	Tpase_IS630	0.0	0.0	1.3e-23
tpase_001407	148.1	Tpase_IS1182	0.0	0.0	8.9e-44
tpase_001486	140.7	Tpase_IS1182	0.0	0.0	1.6e-41
tpase_006406	59.0	Tpase_IS630	0.0	0.0	9.8e-17
tpase_005901	120.1	Tpase_IS1182	0.0	0.0	2.8e-35
tpase_004489	218.3	Tpase_IS1182	0.0	0.0	4.7e-65
tpase_000831	112.0	Tpase_IS982	0.0	0.0	7.5e-33
tpase_004364	0.0	None	0.0	0.0	999.0
tpase_005024	206.4	Tpase_IS110	0.0	0.0	1.4e-61
tpase_002424	191.2	Tpase_IS1182	0.0	0.0	7.5e-57
tpase_001676	189.6	Tpase_IS1182	0.0	0.0	2.2e-56
tpase_002476	192.0	Tpase_IS1380	0.0	0.0	2.9e-57
tpase_000995	120.5	Tpase_IS982	0.0	0.0	1.9e-35
tpase_000414	74.7	Tpase_IS4	0.0	0.0	2e-21
tpase_001663	226.7	Tpase_IS110	0.0	0.0	9.5e-68
tpase_000654	171.7	Tpase_IS481	0.0	0.0	6e-51
tpase_001739	247.7	Tpase_IS1182	0.0	0.0	5.8e-74
tpase_004817	125.3	Tpase_IS630	0.0	0.0	7e-37
tpase_000785	104.5	Tpase_IS5	0.0	0.0	1.5e-30
tpase_004366	132.0	Tpase_ISKra4	0.0	0.0	6.4e-39
tpase_004715	91.8	Tpase_IS982	0.0	0.0	1.1e-26
tpase_005388	197.9	Tpase_IS110	0.0	0.0	5.4e-59
tpase_006527	197.5	Tpase_IS1182	0.0	0.0	9.2e-59
tpase_000015	88.4	Tpase_IS5	0.0	0.0	1.2e-25
tpase_002597	126.7	Tpase_ISKra4	0.0	0.0	2.5e-37
tpase_003899	207.0	Tpase_ISLre2	0.0	0.0	1.1e-61
tpase_003177	204.0	Tpase_IS1182	0.0	0.0	9.8e-61
tpase_005069	229.5	Tpase_IS1182	0.0	0.0	1.9e-68
tpase_004108	223.3	Tpase_IS110	0.0	0.0	1e-66
tpase_000933	57.4	Tpase_IS630	0.0	0.0	3e-16
tpase_004310	221.0	Tpase_IS1182	0.0	0.0	6.9e-66
tpase_001294	149.5	Tpase_IS630	0.0	0.0	2.9e-44
tpase_002146	67.6	Tpase_IS630	0.0	0.0	2.4e-19
tpase_005009	213.0	Tpase_IS110	0.0	0.0	1.4e-63
tpase_006205	141.8	Tpase_IS1634	0.0	0.0	7.7e-42
tpase_004780	181.1	Tpase_IS630	0.0	0.0	7.5e-54
tpase_002070	59.6	Tpase_IS256	0.0	0.0	6.7e-17
tpase_001389	135.4	Tpase_IS1182	0.0	0.0	6.2e-40
tpase_004860	111.2	Tpase_ISKra4	0.0	0.0	1.3e-32
tpase_004035	134.9	Tpase_ISKra4	0.0	0.0	8.4e-40
tpase_004609	25.0	Tpase_IS3	0.0	0.0	2e-6
tpase_006240	214.5	Tpase_IS1182	0.0	0.0	6.6e-64
tpase_003517	109.6	Tpase_IS630	0.0	0.0	4e-32
tpase_000403	142.4	Tpase_IS4	0.0	0.0	5.7e-42
tpase_006338	114.7	Tpase_IS982	0.0	0.0	1.1e-33
tpase_004290	74.7	Tpase_IS630	0.0	0.0	1.7e-21
tpase_006042	198.1	Tpase_IS1182	0.0	0.0	6.2e-59
tpase_006691	99.7	Tpase_IS630	0.0	0.0	4.2e-29
tpase_000619	232.6	Tpase_IS110	0.0	0.0	1.6e-69
tpase_004688	92.6	Tpase_IS630	0.0	0.0	6.1e-27
tpase_004778	91.9	Tpase_IS630	0.0	0.0	9.7e-27
tpase_002069	70.3	Tpase_IS256	0.0	0.0	3.8e-20
tpase_003336	101.1	Tpase_ISH3	0.0	0.0	1.6e-29
tpase_004046	30.4	Tpase_IS630	0.0	0.0	5e-8
tpase_007003	85.7	Tpase_IS630	0.0	0.0	7.7e-25
tpase_001218	192.0	Tpase_IS1182	0.0	0.0	4.3e-57
tpase_000420	155.8	Tpase_IS4	0.0	0.0	5e-46
tpase_005323	107.7	Tpase_IS5	0.0	0.0	1.7e-31
tpase_003724	223.7	Tpase_IS110	0.0	0.0	7.5e-67
tpase_001727	218.8	Tpase_IS1182	0.0	0.0	3.3e-65
tpase_006998	47.3	Tpase_IS630	0.0	0.0	3.6e-13
tpase_004125	144.1	Tpase_IS1634	0.0	0.0	1.5e-42
tpase_005426	105.1	Tpase_IS5	0.0	0.0	1e-30
tpase_001279	170.0	Tpase_IS66	0.0	0.0	1.8e-50
tpase_002054	139.3	Tpase_IS1182	0.0	0.0	4.2e-41
tpase_000747	140.0	Tpase_IS1182	0.0	0.0	2.5e-41
tpase_005544	99.7	Tpase_IS5	0.0	0.0	4.4e-29
tpase_006654	138.3	Tpase_ISKra4	0.0	0.0	7.6e-41
tpase_001940	185.7	Tpase_IS66	0.0	0.0	2.9e-55
tpase_004835	193.1	Tpase_IS630	0.0	0.0	1.7e-57
tpase_000407	143.3	Tpase_IS4	0.0	0.0	3e-42
tpase_004299	58.3	Tpase_IS630	0.0	0.0	1.6e-16
tpase_001217	144.5	Tpase_IS4	0.0	0.0	1.3e-42
tpase_004795	107.3	Tpase_IS5	0.0	0.0	2.2e-31
tpase_001692	72.1	Tpase_IS630	0.0	0.0	1e-20
tpase_002021	130.5	Tpase_IS1182	0.0	0.0	1.9e-38
tpase_004412	173.0	Tpase_IS1634	0.0	0.0	2.6e-51
tpase_001693	97.0	Tpase_IS630	0.0	0.0	2.8e-28
tpase_003690	231.5	Tpase_IS3	0.0	0.0	4.5e-69
tpase_000860	0.0	None	0.0	0.0	999.0
tpase_006609	233.7	Tpase_IS1182	0.0	0.0	9.8e-70
tpase_003621	108.6	Tpase_ISH3	0.0	0.0	8.7e-32
tpase_002596	126.6	Tpase_ISKra4	0.0	0.0	2.8e-37
tpase_001978	210.7	Tpase_IS1182	0.0	0.0	9.1e-63
tpase_005598	130.8	Tpase_IS1182	0.0	0.0	1.6e-38
tpase_005286	235.7	Tpase_IS1182	0.0	0.0	2.5e-70
tpase_002123	153.8	Tpase_IS630	0.0	0.0	1.5e-45
tpase_001543	40.3	Tpase_IS481	0.0	0.0	4.9e-11
tpase_001431	230.9	Tpase_IS110	0.0	0.0	5e-69
tpase_006941	52.9	Tpase_IS630	0.0	0.0	7.3e-15
tpase_004938	151.7	Tpase_IS1	0.0	0.0	5.4e-45
tpase_006366	215.1	Tpase_IS110	0.0	0.0	3.2e-64
tpase_000642	163.9	Tpase_IS982	0.0	0.0	1.1e-48
tpase_000932	19.2	Tpase_IS3	0.0	0.0	0.00012
tpase_000176	217.5	Tpase_IS110	0.0	0.0	6e-65
tpase_004689	150.1	Tpase_IS630	0.0	0.0	2e-44
tpase_000617	112.8	Tpase_IS5	0.0	0.0	4.6e-33
tpase_002585	113.8	Tpase_IS701	0.0	0.0	2.1e-33
tpase_005071	103.3	Tpase_IS5	0.0	0.0	3.6e-30
tpase_004431	224.8	Tpase_IS110	0.0	0.0	3.6e-67
tpase_004201	39.7	Tpase_IS481	0.0	0.0	7.7e-11
tpase_003444	22.6	Tpase_IS3	0.0	0.0	0.000011
tpase_000922	87.1	Tpase_IS630	0.0	0.0	2.9e-25
tpase_003571	122.5	Tpase_IS630	0.0	0.0	4.9e-36
tpase_006050	205.3	Tpase_ISL3	0.0	0.0	3.1e-61
tpase_006523	213.3	Tpase_ISL3	0.0	0.0	1.2e-63
tpase_002974	170.8	Tpase_ISL3	0.0	0.0	9.6e-51
tpase_004150	77.0	Tpase_IS5	0.0	0.0	3.6e-22
tpase_003613	72.8	Tpase_ISH3	0.0	0.0	6.8e-21
tpase_001624	149.7	Tpase_IS4	0.0	0.0	3.6e-44
tpase_003689	194.8	Tpase_IS3	0.0	0.0	6.1e-58
tpase_004952	110.2	Tpase_IS5	0.0	0.0	2.9e-32
tpase_003121	70.1	Tpase_IS630	0.0	0.0	4.3e-20
tpase_000943	169.4	Tpase_IS630	0.0	0.0	2.6e-50
tpase_004881	135.7	Tpase_ISKra4	0.0	0.0	4.5e-40
tpase_002966	180.1	Tpase_ISL3	0.0	0.0	1.4e-53
tpase_003172	205.2	Tpase_IS1182	0.0	0.0	4.4e-61
tpase_003698	149.7	Tpase_IS3	0.0	0.0	3.1e-44
tpase_006657	237.3	Tpase_IS1182	0.0	0.0	8.2e-71
tpase_000810	125.7	Tpase_IS982	0.0	0.0	4.8e-37
tpase_001393	86.6	Tpase_IS630	0.0	0.0	4e-25
tpase_006323	148.2	Tpase_IS630	0.0	0.0	7.6e-44
tpase_004363	71.6	Tpase_IS3	0.0	0.0	1.5e-20
tpase_004490	207.1	Tpase_IS1182	0.0	0.0	1.1e-61
tpase_001043	17.5	Tpase_IS66	0.0	0.0	0.00027
tpase_006182	217.6	Tpase_IS110	0.0	0.0	5.5e-65
tpase_003088	46.1	Tpase_IS630	0.0	0.0	8.6e-13
tpase_000076	187.7	Tpase_ISL3	0.0	0.0	6.7e-56
tpase_003819	85.3	Tpase_IS982	0.0	0.0	1.1e-24
tpase_004301	166.0	Tpase_IS110	0.0	0.0	2.7e-49
tpase_002318	102.3	Tpase_IS982	0.0	0.0	7e-30
tpase_002260	46.7	Tpase_IS1182	0.0	0.0	4.8e-13
tpase_007096	229.7	Tpase_IS110	0.0	0.0	1.2e-68
tpase_003835	213.3	Tpase_ISLre2	0.0	0.0	1.3e-63
tpase_001384	91.9	Tpase_IS701	0.0	0.0	9.3e-27
tpase_006936	51.2	Tpase_IS91	0.0	0.0	1.9e-14
tpase_000566	166.3	Tpase_IS630	0.0	0.0	2.3e-49
tpase_005624	80.0	Tpase_IS630	0.0	0.0	4.1e-23
tpase_002363	0.0	None	0.0	0.0	999.0
tpase_002132	85.0	Tpase_IS630	0.0	0.0	1.3e-24
tpase_002320	85.2	Tpase_IS1634	0.0	0.0	1.1e-24
tpase_001394	141.7	Tpase_ISKra4	0.0	0.0	7.3e-42
tpase_004203	71.0	Tpase_IS630	0.0	0.0	2.2e-20
tpase_005450	94.0	Tpase_IS5	0.0	0.0	2.4e-27
tpase_004917	161.1	Tpase_IS1	0.0	0.0	7.3e-48
tpase_001725	217.4	Tpase_IS110	0.0	0.0	6.5e-65
tpase_000298	227.8	Tpase_IS110	0.0	0.0	4.5e-68
tpase_000421	147.5	Tpase_IS4	0.0	0.0	1.6e-43
tpase_003281	180.6	Tpase_IS3	0.0	0.0	1.2e-53
tpase_002967	219.5	Tpase_IS1182	0.0	0.0	2e-65
tpase_002190	121.5	Tpase_IS1182	0.0	0.0	1.1e-35
tpase_000816	89.9	Tpase_IS630	0.0	0.0	4.1e-26
tpase_006502	139.7	Tpase_IS481	0.0	0.0	3.2e-41
tpase_003560	100.1	Tpase_ISH3	0.0	0.0	3.4e-29
tpase_003885	185.9	Tpase_ISLre2	0.0	0.0	2.9e-55
tpase_002940	112.0	Tpase_IS5	0.0	0.0	8.3e-33
tpase_003464	90.9	Tpase_IS630	0.0	0.0	2.1e-26
tpase_006546	153.2	Tpase_IS1182	0.0	0.0	2.6e-45
tpase_006718	243.7	Tpase_IS1182	0.0	0.0	8.9e-73
tpase_004372	126.2	Tpase_ISKra4	0.0	0.0	3.5e-37
tpase_000021	77.8	Tpase_IS5	0.0	0.0	2e-22
tpase_003212	130.8	Tpase_IS4	0.0	0.0	1.9e-38
tpase_001274	261.4	Tpase_IS1182	0.0	0.0	3.9e-78
tpase_001936	217.2	Tpase_IS1182	0.0	0.0	1e-64
tpase_004935	0.0	None	0.0	0.0	999.0
tpase_005454	113.7	Tpase_IS982	0.0	0.0	2.3e-33
tpase_005393	232.9	Tpase_IS1182	0.0	0.0	1.7e-69
tpase_003619	104.6	Tpase_ISH3	0.0	0.0	1.4e-30
tpase_006535	201.7	Tpase_IS1182	0.0	0.0	4.9e-60
tpase_003276	130.0	Tpase_IS1182	0.0	0.0	2.7e-38
tpase_003615	83.3	Tpase_IS630	0.0	0.0	4.1e-24
tpase_004122	73.8	Tpase_IS630	0.0	0.0	3.2e-21
tpase_005487	112.5	Tpase_IS1182	0.0	0.0	5.6e-33
tpase_004449	88.0	Tpase_IS630	0.0	0.0	1.6e-25
tpase_004516	116.4	Tpase_ISKra4	0.0	0.0	3.4e-34
tpase_001258	142.1	Tpase_IS1182	0.0	0.0	6e-42
tpase_004026	139.7	Tpase_IS1634	0.0	0.0	3.2e-41
tpase_002796	211.9	Tpase_ISLre2	0.0	0.0	3.6e-63
tpase_005023	108.8	Tpase_IS5	0.0	0.0	7.5e-32
tpase_006160	206.9	Tpase_ISL3	0.0	0.0	1e-61
tpase_005609	176.0	Tpase_IS1182	0.0	0.0	3.1e-52
tpase_000909	115.5	Tpase_IS701	0.0	0.0	6e-34
tpase_006913	223.5	Tpase_IS110	0.0	0.0	8.7e-67
tpase_005599	200.7	Tpase_IS110	0.0	0.0	7.4e-60
tpase_001931	241.6	Tpase_IS1182	0.0	0.0	4e-72
tpase_004578	226.8	Tpase_IS1182	0.0	0.0	1.2e-67
tpase_000091	95.9	Tpase_IS5	0.0	0.0	6.2e-28
tpase_006493	192.4	Tpase_ISL3	0.0	0.0	2.6e-57
tpase_006352	126.2	Tpase_IS1182	0.0	0.0	4e-37
tpase_005282	124.9	Tpase_IS982	0.0	0.0	8.5e-37
tpase_001422	126.8	Tpase_IS1634	0.0	0.0	2.6e-37
tpase_003497	136.9	Tpase_ISH3	0.0	0.0	2.2e-40
tpase_001886	133.4	Tpase_IS1182	0.0	0.0	2.5e-39
tpase_004309	96.2	Tpase_IS5	0.0	0.0	5.1e-28
tpase_002754	74.7	Tpase_IS630	0.0	0.0	1.7e-21
tpase_001481	105.7	Tpase_IS5	0.0	0.0	6.9e-31
tpase_002824	221.7	Tpase_IS110	0.0	0.0	3e-66
tpase_005645	215.6	Tpase_IS110	0.0	0.0	2.3e-64
tpase_005743	64.9	Tpase_IS630	0.0	0.0	1.6e-18
tpase_006965	224.6	Tpase_IS1182	0.0	0.0	5.6e-67
tpase_004068	133.3	Tpase_ISKra4	0.0	0.0	2.4e-39
tpase_003076	154.6	Tpase_IS1182	0.0	0.0	9.6e-46
tpase_001164	172.2	Tpase_IS630	0.0	0.0	3.7e-51
tpase_000821	110.3	Tpase_IS982	0.0	0.0	2.5e-32
tpase_005705	208.8	Tpase_IS1182	0.0	0.0	3.4e-62
tpase_003187	27.8	Tpase_IS3	0.0	0.0	3e-7
tpase_005623	57.8	Tpase_IS630	0.0	0.0	2.4e-16
tpase_000424	136.9	Tpase_IS4	0.0	0.0	2.7e-40
tpase_005461	105.4	Tpase_IS5	0.0	0.0	8.1e-31
tpase_003312	0.0	None	0.0	0.0	999.0
tpase_003483	102.8	Tpase_ISH3	0.0	0.0	5e-30
tpase_003352	107.2	Tpase_ISH3	0.0	0.0	2.3e-31
tpase_003122	94.5	Tpase_IS630	0.0	0.0	1.6e-27
tpase_000413	77.1	Tpase_IS4	0.0	0.0	3.8e-22
tpase_005614	35.9	Tpase_IS481	0.0	0.0	1.1e-9
tpase_005175	233.6	Tpase_IS110	0.0	0.0	7.4e-70
tpase_000651	168.6	Tpase_IS481	0.0	0.0	5.2e-50
tpase_006774	283.3	Tpase_IS1182	0.0	0.0	8.7e-85
tpase_002590	134.3	Tpase_ISKra4	0.0	0.0	1.2e-39
tpase_004298	46.8	Tpase_IS481	0.0	0.0	5.1e-13
tpase_003620	102.8	Tpase_ISH3	0.0	0.0	5.1e-30
tpase_006322	69.6	Tpase_IS630	0.0	0.0	6.1e-20
tpase_006435	165.1	Tpase_IS630	0.0	0.0	5.6e-49
tpase_005372	18.6	Tpase_IS66	0.0	0.0	0.00013
tpase_006388	197.6	Tpase_ISL3	0.0	0.0	6.9e-59
tpase_002141	247.5	Tpase_IS110	0.0	0.0	4.4e-74
tpase_005751	158.5	Tpase_IS66	0.0	0.0	5.1e-47
tpase_004453	223.6	Tpase_IS1182	0.0	0.0	1.1e-66
tpase_002020	134.8	Tpase_IS1182	0.0	0.0	9.7e-40
tpase_002151	115.5	Tpase_IS630	0.0	0.0	6.7e-34
tpase_002192	105.0	Tpase_IS5	0.0	0.0	1.1e-30
tpase_004998	225.6	Tpase_IS110	0.0	0.0	2e-67
tpase_005283	214.7	Tpase_IS110	0.0	0.0	4.2e-64
tpase_000941	71.9	Tpase_IS630	0.0	0.0	1.2e-20
tpase_003090	126.7	Tpase_IS630	0.0	0.0	2.6e-37
tpase_001127	131.2	Tpase_IS630	0.0	0.0	1.1e-38
tpase_000538	229.3	Tpase_IS110	0.0	0.0	1.5e-68
tpase_005519	205.4	Tpase_IS1182	0.0	0.0	3.8e-61
tpase_004764	123.6	Tpase_IS1182	0.0	0.0	2.4e-36
tpase_004202	53.5	Tpase_IS630	0.0	0.0	4.7e-15
tpase_005606	209.6	Tpase_IS110	0.0	0.0	1.5e-62
tpase_001598	222.8	Tpase_IS1182	0.0	0.0	2e-66
tpase_001716	218.7	Tpase_IS1182	0.0	0.0	3.5e-65
tpase_004997	222.2	Tpase_IS1182	0.0	0.0	2.9e-66
tpase_004032	137.1	Tpase_IS1634	0.0	0.0	1.9e-40
tpase_007000	132.1	Tpase_IS630	0.0	0.0	6e-39
tpase_005255	136.1	Tpase_IS701	0.0	0.0	3.4e-40
tpase_005468	97.9	Tpase_IS5	0.0	0.0	1.6e-28
tpase_003338	106.3	Tpase_ISH3	0.0	0.0	4.4e-31
tpase_002398	144.0	Tpase_IS4	0.0	0.0	1.9e-42
tpase_003061	144.7	Tpase_IS982	0.0	0.0	8.2e-43
tpase_005412	234.2	Tpase_IS110	0.0	0.0	4.9e-70
tpase_006329	166.8	Tpase_IS630	0.0	0.0	1.7e-49
tpase_004016	244.8	Tpase_IS1182	0.0	0.0	4.2e-73
tpase_003868	118.5	Tpase_IS982	0.0	0.0	7.8e-35
tpase_005272	200.9	Tpase_IS110	0.0	0.0	6.7e-60
tpase_007084	128.3	Tpase_IS630	0.0	0.0	8.4e-38
tpase_003863	130.2	Tpase_IS982	0.0	0.0	2e-38
tpase_001159	25.2	Tpase_IS3	0.0	0.0	1.9e-6
tpase_006289	30.0	Tpase_IS3	0.0	0.0	6.3e-8
tpase_000415	69.4	Tpase_IS4	0.0	0.0	8.1e-20
tpase_003849	135.0	Tpase_ISKra4	0.0	0.0	7.8e-40
tpase_004929	119.6	Tpase_IS1182	0.0	0.0	3.9e-35
tpase_004153	171.5	Tpase_IS66	0.0	0.0	5.9e-51
tpase_006339	209.3	Tpase_IS110	0.0	0.0	1.9e-62
tpase_006404	21.7	Tpase_IS21	0.0	0.0	0.000017
tpase_003209	241.3	Tpase_IS1182	0.0	0.0	4.8e-72
tpase_006401	227.9	Tpase_IS110	0.0	0.0	4.2e-68
tpase_003185	52.7	Tpase_IS630	0.0	0.0	8.1e-15
tpase_005685	157.8	Tpase_IS982	0.0	0.0	8.3e-47
tpase_001461	130.9	Tpase_IS5	0.0	0.0	1.4e-38
tpase_001420	234.2	Tpase_IS66	0.0	0.0	6e-70
tpase_002005	127.2	Tpase_IS1182	0.0	0.0	1.9e-37
tpase_000430	151.2	Tpase_IS4	0.0	0.0	1.2e-44
tpase_006531	82.8	Tpase_IS5	0.0	0.0	6.1e-24
tpase_002401	145.7	Tpase_IS66	0.0	0.0	4e-43
tpase_003186	127.6	Tpase_IS630	0.0	0.0	1.4e-37
tpase_004462	55.9	Tpase_IS630	0.0	0.0	8.6e-16
tpase_000657	163.0	Tpase_IS481	0.0	0.0	2.7e-48
tpase_001699	219.9	Tpase_IS1182	0.0	0.0	1.5e-65
tpase_003869	210.9	Tpase_ISLre2	0.0	0.0	7.5e-63
tpase_002194	0.0	None	0.0	0.0	999.0
tpase_004779	80.5	Tpase_IS630	0.0	0.0	2.9e-23
tpase_001060	218.7	Tpase_IS110	0.0	0.0	2.5e-65
tpase_004015	274.1	Tpase_IS1182	0.0	0.0	5.7e-82
tpase_004447	49.4	Tpase_IS481	0.0	0.0	8.4e-14
tpase_006877	19.8	Tpase_IS66	0.0	0.0	0.000057
tpase_004580	31.7	Tpase_ISL3	0.0	0.0	1.6e-8
tpase_005967	204.8	Tpase_IS1182	0.0	0.0	5.8e-61
tpase_002411	185.0	Tpase_IS1182	0.0	0.0	5.6e-55
tpase_001599	221.2	Tpase_IS1182	0.0	0.0	6.1e-66
tpase_004217	57.7	Tpase_IS630	0.0	0.0	2.4e-16
tpase_003214	182.7	Tpase_IS66	0.0	0.0	2.4e-54
tpase_007069	119.4	Tpase_IS982	0.0	0.0	4.1e-35
tpase_006224	189.8	Tpase_IS110	0.0	0.0	1.5e-56
tpase_005026	206.4	Tpase_IS110	0.0	0.0	1.4e-61
tpase_005224	111.6	Tpase_IS5	0.0	0.0	1.1e-32
tpase_001404	91.5	Tpase_IS630	0.0	0.0	1.3e-26
tpase_006091	15.8	Tpase_IS66	0.0	0.0	0.00092
tpase_002222	225.9	Tpase_IS1182	0.0	0.0	2.2e-67
tpase_004877	0.0	None	0.0	0.0	999.0
tpase_004377	118.3	Tpase_ISKra4	0.0	0.0	9e-35
tpase_003356	74.8	Tpase_ISH3	0.0	0.0	1.7e-21
tpase_005633	179.3	Tpase_IS1182	0.0	0.0	3.1e-53
tpase_004218	72.5	Tpase_IS630	0.0	0.0	8e-21
tpase_004943	22.2	Tpase_IS481	0.0	0.0	0.000015
tpase_000871	0.0	None	0.0	0.0	999.0
tpase_002290	110.3	Tpase_IS481	0.0	0.0	2.8e-32
tpase_004206	201.0	Tpase_IS110	0.0	0.0	6e-60
tpase_006193	160.6	Tpase_ISL3	0.0	0.0	1.1e-47
tpase_006102	150.1	Tpase_IS982	0.0	0.0	1.8e-44
tpase_003800	177.7	Tpase_IS1380	0.0	0.0	6.1e-53
tpase_002899	218.5	Tpase_IS110	0.0	0.0	3e-65
tpase_000936	62.9	Tpase_IS630	0.0	0.0	6.6e-18
tpase_005534	230.8	Tpase_IS1182	0.0	0.0	7.4e-69
tpase_004042	183.5	Tpase_IS630	0.0	0.0	1.4e-54
tpase_002362	218.3	Tpase_IS110	0.0	0.0	3.3e-65
tpase_005300	147.5	Tpase_IS630	0.0	0.0	1.2e-43
tpase_004385	220.6	Tpase_IS110	0.0	0.0	6.6e-66
tpase_006786	254.5	Tpase_IS630	0.0	0.0	3.5e-76
tpase_006656	274.7	Tpase_IS1182	0.0	0.0	3.5e-82
tpase_002103	217.1	Tpase_IS110	0.0	0.0	7.8e-65
tpase_000659	111.0	Tpase_IS630	0.0	0.0	1.6e-32
tpase_001245	228.8	Tpase_ISLre2	0.0	0.0	2.8e-68
tpase_004124	177.0	Tpase_IS1634	0.0	0.0	1.6e-52
tpase_000129	176.2	Tpase_ISL3	0.0	0.0	2.1e-52
tpase_001165	108.7	Tpase_IS982	0.0	0.0	7.7e-32
tpase_006431	154.4	Tpase_IS630	0.0	0.0	9.7e-46
tpase_005143	188.9	Tpase_IS1182	0.0	0.0	3.7e-56
tpase_002762	216.4	Tpase_IS1380	0.0	0.0	1.2e-64
tpase_000525	112.9	Tpase_IS5	0.0	0.0	4.2e-33
tpase_002191	144.8	Tpase_IS630	0.0	0.0	7.9e-43
tpase_001726	206.9	Tpase_IS110	0.0	0.0	9.6e-62
tpase_004365	132.0	Tpase_ISKra4	0.0	0.0	6.2e-39
tpase_005334	104.6	Tpase_IS701	0.0	0.0	1.3e-30
tpase_006605	102.4	Tpase_IS630	0.0	0.0	6.4e-30
tpase_003188	55.1	Tpase_IS630	0.0	0.0	1.5e-15
tpase_005151	154.4	Tpase_IS630	0.0	0.0	9.8e-46
tpase_002689	196.8	Tpase_IS630	0.0	0.0	1.2e-58
tpase_000286	123.3	Tpase_IS982	0.0	0.0	2.7e-36
tpase_002025	100.1	Tpase_IS5	0.0	0.0	3.4e-29
tpase_006299	183.4	Tpase_ISL3	0.0	0.0	1.4e-54
tpase_000084	201.5	Tpase_IS1182	0.0	0.0	5.7e-60
tpase_003337	104.4	Tpase_ISH3	0.0	0.0	1.7e-30
tpase_000078	190.3	Tpase_ISL3	0.0	0.0	1.1e-56
tpase_006948	101.0	Tpase_IS630	0.0	0.0	1.7e-29
tpase_003227	0.0	None	0.0	0.0	999.0
tpase_005180	242.5	Tpase_IS110	0.0	0.0	1.5e-72
tpase_006775	247.7	Tpase_IS1182	0.0	0.0	5.7e-74
tpase_006943	181.6	Tpase_IS630	0.0	0.0	5.1e-54
tpase_000200	97.1	Tpase_IS5	0.0	0.0	2.9e-28
tpase_001126	65.3	Tpase_IS630	0.0	0.0	1.2e-18
tpase_005966	101.7	Tpase_IS1182	0.0	0.0	1e-29
tpase_004029	198.6	Tpase_IS66	0.0	0.0	3.7e-59
tpase_001983	211.2	Tpase_IS1182	0.0	0.0	6.7e-63
tpase_005474	279.7	Tpase_IS1380	0.0	0.0	7.2e-84
tpase_006667	67.4	Tpase_IS630	0.0	0.0	2.9e-19
tpase_005448	259.7	Tpase_IS1182	0.0	0.0	1.3e-77
tpase_001696	221.2	Tpase_IS1182	0.0	0.0	6e-66
tpase_006334	202.9	Tpase_IS110	0.0	0.0	1.6e-60
tpase_001314	31.8	Tpase_IS481	0.0	0.0	1.9e-8
tpase_005174	209.4	Tpase_IS110	0.0	0.0	1.7e-62
tpase_006316	102.6	Tpase_IS630	0.0	0.0	5.5e-30
tpase_003616	182.7	Tpase_IS630	0.0	0.0	2.5e-54
tpase_004300	88.5	Tpase_IS630	0.0	0.0	1.1e-25
tpase_004857	122.9	Tpase_ISKra4	0.0	0.0	3.5e-36
tpase_004469	224.7	Tpase_IS110	0.0	0.0	3.8e-67
tpase_007102	233.3	Tpase_IS1182	0.0	0.0	1.3e-69
tpase_001752	227.1	Tpase_IS110	0.0	0.0	7.2e-68
tpase_006830	153.3	Tpase_IS630	0.0	0.0	2.1e-45
tpase_003051	138.6	Tpase_IS481	0.0	0.0	6.7e-41
tpase_000861	92.0	Tpase_IS630	0.0	0.0	9.1e-27
tpase_006784	77.1	Tpase_IS630	0.0	0.0	3.1e-22
tpase_005745	225.0	Tpase_IS110	0.0	0.0	3e-67
tpase_003213	178.1	Tpase_IS66	0.0	0.0	5.8e-53
tpase_002511	223.0	Tpase_IS110	0.0	0.0	1.2e-66
tpase_004672	58.1	Tpase_IS630	0.0	0.0	1.8e-16
tpase_002759	188.3	Tpase_IS66	0.0	0.0	4.9e-56
tpase_000417	80.3	Tpase_IS4	0.0	0.0	4.1e-23
tpase_005545	100.6	Tpase_IS5	0.0	0.0	2.4e-29
tpase_001343	232.3	Tpase_IS110	0.0	0.0	1.8e-69
tpase_001919	158.7	Tpase_IS1182	0.0	0.0	5.5e-47
tpase_001680	223.1	Tpase_IS1380	0.0	0.0	1.1e-66
tpase_006117	233.8	Tpase_IS110	0.0	0.0	6.4e-70
tpase_004360	115.8	Tpase_IS701	0.0	0.0	5e-34
tpase_001678	238.1	Tpase_IS1182	0.0	0.0	4.6e-71
tpase_004014	18.8	Tpase_ISL3	0.0	0.0	0.00013
tpase_005957	150.0	Tpase_IS1182	0.0	0.0	2.3e-44
tpase_004051	83.1	Tpase_ISAzo13	0.0	0.0	3.7e-24
tpase_002619	214.5	Tpase_IS1380	0.0	0.0	4.4e-64
tpase_006604	41.7	Tpase_IS630	0.0	0.0	1.8e-11
tpase_002006	112.8	Tpase_IS1182	0.0	0.0	4.6e-33
tpase_006390	92.2	Tpase_IS630	0.0	0.0	8.3e-27
tpase_004419	143.1	Tpase_IS1634	0.0	0.0	3.1e-42
tpase_001299	81.1	Tpase_IS5	0.0	0.0	2e-23
tpase_001510	45.4	Tpase_IS630	0.0	0.0	1.4e-12
tpase_005049	237.5	Tpase_IS1182	0.0	0.0	6.9e-71
tpase_005070	200.8	Tpase_IS1182	0.0	0.0	9e-60
tpase_006832	117.5	Tpase_IS1634	0.0	0.0	1.7e-34
tpase_004858	122.3	Tpase_ISKra4	0.0	0.0	5.5e-36
tpase_002975	232.2	Tpase_IS1182	0.0	0.0	2.8e-69
tpase_004050	45.7	Tpase_ISAzo13	0.0	0.0	8.1e-13
tpase_003900	158.4	Tpase_IS982	0.0	0.0	5.3e-47
tpase_000862	99.1	Tpase_IS630	0.0	0.0	6.2e-29
tpase_003881	143.5	Tpase_IS1182	0.0	0.0	2.2e-42
tpase_006360	191.6	Tpase_IS110	0.0	0.0	4.4e-57
tpase_005265	132.9	Tpase_ISKra4	0.0	0.0	3.4e-39
tpase_004236	220.5	Tpase_IS1182	0.0	0.0	1e-65
tpase_003872	161.6	Tpase_ISL3	0.0	0.0	5.8e-48
tpase_004378	117.6	Tpase_ISKra4	0.0	0.0	1.5e-34
tpase_004930	219.2	Tpase_IS1182	0.0	0.0	2.4e-65
tpase_002599	222.7	Tpase_IS66	0.0	0.0	1.8e-66
tpase_000539	95.3	Tpase_IS5	0.0	0.0	9.6e-28
tpase_003120	17.7	Tpase_IS630	0.0	0.0	0.00036
tpase_002687	82.5	Tpase_IS630	0.0	0.0	7e-24
tpase_006844	22.4	Tpase_IS66	0.0	0.0	9.1e-6
tpase_004159	167.1	Tpase_IS66	0.0	0.0	1.3e-49
tpase_005281	154.4	Tpase_IS630	0.0	0.0	9.5e-46
tpase_001546	212.8	Tpase_IS110	0.0	0.0	1.6e-63
tpase_000942	93.7	Tpase_IS630	0.0	0.0	2.8e-27
tpase_005801	113.0	Tpase_IS1182	0.0	0.0	4e-33
tpase_000335	109.4	Tpase_IS982	0.0	0.0	4.7e-32
tpase_004018	61.2	Tpase_IS5	0.0	0.0	2.4e-17
tpase_003638	165.6	Tpase_IS630	0.0	0.0	3.9e-49
tpase_006356	232.6	Tpase_IS110	0.0	0.0	1.6e-69
tpase_002314	228.2	Tpase_IS1182	0.0	0.0	4.6e-68
tpase_001488	180.5	Tpase_IS630	0.0	0.0	1.1e-53
tpase_005083	229.8	Tpase_IS1380	0.0	0.0	9.7e-69
tpase_005020	122.7	Tpase_IS630	0.0	0.0	4.3e-36
tpase_005889	116.2	Tpase_IS5	0.0	0.0	4.4e-34
tpase_004774	184.9	Tpase_IS630	0.0	0.0	5.3e-55
tpase_006446	71.3	Tpase_IS630	0.0	0.0	1.8e-20
tpase_006114	243.4	Tpase_IS110	0.0	0.0	7.9e-73
tpase_000289	119.7	Tpase_IS982	0.0	0.0	3.4e-35
tpase_006500	210.2	Tpase_ISL3	0.0	0.0	1e-62
tpase_006689	24.1	Tpase_IS630	0.0	0.0	4.1e-6
tpase_005965	118.1	Tpase_IS1182	0.0	0.0	1.1e-34
tpase_002573	193.5	Tpase_IS66	0.0	0.0	1.3e-57
tpase_000901	193.3	Tpase_IS630	0.0	0.0	1.5e-57
tpase_002201	230.5	Tpase_IS110	0.0	0.0	6.7e-69
tpase_003562	76.1	Tpase_IS630	0.0	0.0	6.2e-22
tpase_001086	165.6	Tpase_IS630	0.0	0.0	3.8e-49
tpase_003062	172.9	Tpase_IS1182	0.0	0.0	2.7e-51
tpase_002414	161.6	Tpase_IS982	0.0	0.0	5.8e-48
tpase_005287	0.0	None	0.0	0.0	999.0
tpase_002135	214.1	Tpase_IS110	0.0	0.0	6.4e-64
tpase_000583	223.3	Tpase_IS1182	0.0	0.0	1.4e-66
tpase_003633	131.2	Tpase_ISH3	0.0	0.0	1.2e-38
tpase_005664	242.7	Tpase_IS1182	0.0	0.0	1.8e-72
tpase_000225	201.0	Tpase_ISL3	0.0	0.0	6.4e-60
tpase_001563	218.3	Tpase_IS110	0.0	0.0	3.4e-65
tpase_003411	210.3	Tpase_IS110	0.0	0.0	8.9e-63
tpase_005022	109.7	Tpase_IS5	0.0	0.0	4.2e-32
tpase_005460	90.0	Tpase_IS5	0.0	0.0	3.9e-26
tpase_006152	0.0	None	0.0	0.0	999.0
tpase_006690	76.2	Tpase_IS630	0.0	0.0	5.8e-22
tpase_005228	119.7	Tpase_IS1182	0.0	0.0	3.6e-35
neg_006255	0.0	None	0.0	0.0	999.0
neg_014684	0.0	None	0.0	0.0	999.0
neg_004353	0.0	None	0.0	0.0	999.0
neg_005017	0.0	None	0.0	0.0	999.0
neg_005845	0.0	None	0.0	0.0	999.0
neg_020334	0.0	None	0.0	0.0	999.0
neg_015098	0.0	None	0.0	0.0	999.0
neg_011094	0.0	None	0.0	0.0	999.0
neg_019728	0.0	None	0.0	0.0	999.0
neg_014675	0.0	None	0.0	0.0	999.0
neg_006831	0.0	None	0.0	0.0	999.0
neg_004073	0.0	None	0.0	0.0	999.0
neg_018582	0.0	None	0.0	0.0	999.0
neg_004344	0.0	None	0.0	0.0	999.0
neg_013632	0.0	None	0.0	0.0	999.0
neg_004854	0.0	None	0.0	0.0	999.0
neg_002176	0.0	None	0.0	0.0	999.0
neg_009865	0.0	None	0.0	0.0	999.0
neg_002787	0.0	None	0.0	0.0	999.0
neg_008536	0.0	None	0.0	0.0	999.0
neg_011619	0.0	None	0.0	0.0	999.0
neg_015543	0.0	None	0.0	0.0	999.0
neg_000511	0.0	None	0.0	0.0	999.0
neg_007029	0.0	None	0.0	0.0	999.0
neg_017280	0.0	None	0.0	0.0	999.0
neg_016291	0.0	None	0.0	0.0	999.0
neg_015983	0.0	None	0.0	0.0	999.0
neg_000567	0.0	None	0.0	0.0	999.0
neg_015799	0.0	None	0.0	0.0	999.0
neg_011110	0.0	None	0.0	0.0	999.0
neg_012700	0.0	None	0.0	0.0	999.0
neg_016945	0.0	None	0.0	0.0	999.0
neg_018695	0.0	None	0.0	0.0	999.0
neg_006140	0.0	None	0.0	0.0	999.0
neg_001212	0.0	None	0.0	0.0	999.0
neg_002826	0.0	None	0.0	0.0	999.0
neg_009330	0.0	None	0.0	0.0	999.0
neg_003963	0.0	None	0.0	0.0	999.0
neg_002766	0.0	None	0.0	0.0	999.0
neg_016143	0.0	None	0.0	0.0	999.0
neg_002599	0.0	None	0.0	0.0	999.0
neg_007965	0.0	None	0.0	0.0	999.0
neg_007816	0.0	None	0.0	0.0	999.0
neg_009763	0.0	None	0.0	0.0	999.0
neg_007495	0.0	None	0.0	0.0	999.0
neg_016521	0.0	None	0.0	0.0	999.0
neg_010974	0.0	None	0.0	0.0	999.0
neg_011349	0.0	None	0.0	0.0	999.0
neg_008009	0.0	None	0.0	0.0	999.0
neg_004160	0.0	None	0.0	0.0	999.0
neg_006815	0.0	None	0.0	0.0	999.0
neg_007551	0.0	None	0.0	0.0	999.0
neg_005719	0.0	None	0.0	0.0	999.0
neg_010111	0.0	None	0.0	0.0	999.0
neg_018167	0.0	None	0.0	0.0	999.0
neg_015121	0.0	None	0.0	0.0	999.0
neg_015183	0.0	None	0.0	0.0	999.0
neg_011271	0.0	None	0.0	0.0	999.0
neg_020508	0.0	None	0.0	0.0	999.0
neg_006840	0.0	None	0.0	0.0	999.0
neg_015800	0.0	None	0.0	0.0	999.0
neg_012021	0.0	None	0.0	0.0	999.0
neg_005801	0.0	None	0.0	0.0	999.0
neg_019201	0.0	None	0.0	0.0	999.0
neg_010207	0.0	None	0.0	0.0	999.0
neg_018509	0.0	None	0.0	0.0	999.0
neg_012726	0.0	None	0.0	0.0	999.0
neg_018016	0.0	None	0.0	0.0	999.0
neg_020828	0.0	None	0.0	0.0	999.0
neg_011726	0.0	None	0.0	0.0	999.0
neg_012655	0.0	None	0.0	0.0	999.0
neg_003507	0.0	None	0.0	0.0	999.0
neg_005308	0.0	None	0.0	0.0	999.0
neg_011665	0.0	None	0.0	0.0	999.0
neg_013241	0.0	None	0.0	0.0	999.0
neg_013804	0.0	None	0.0	0.0	999.0
neg_016890	0.0	None	0.0	0.0	999.0
neg_016154	0.0	None	0.0	0.0	999.0
neg_005252	0.0	None	0.0	0.0	999.0
neg_003216	0.0	None	0.0	0.0	999.0
neg_003459	0.0	None	0.0	0.0	999.0
neg_011317	0.0	None	0.0	0.0	999.0
neg_000007	0.0	None	0.0	0.0	999.0
neg_016516	0.0	None	0.0	0.0	999.0
neg_007993	0.0	None	0.0	0.0	999.0
neg_004318	0.0	None	0.0	0.0	999.0
neg_020025	0.0	None	0.0	0.0	999.0
neg_008004	0.0	None	0.0	0.0	999.0
neg_003398	0.0	None	0.0	0.0	999.0
neg_005941	0.0	None	0.0	0.0	999.0
neg_001650	0.0	None	0.0	0.0	999.0
neg_019743	0.0	None	0.0	0.0	999.0
neg_004667	0.0	None	0.0	0.0	999.0
neg_017916	0.0	None	0.0	0.0	999.0
neg_019887	0.0	None	0.0	0.0	999.0
neg_020216	0.0	None	0.0	0.0	999.0
neg_001633	0.0	None	0.0	0.0	999.0
neg_009124	0.0	None	0.0	0.0	999.0
neg_013599	0.0	None	0.0	0.0	999.0
neg_016064	0.0	None	0.0	0.0	999.0
neg_020951	0.0	None	0.0	0.0	999.0
neg_010772	0.0	None	0.0	0.0	999.0
neg_003361	0.0	None	0.0	0.0	999.0
neg_004380	0.0	None	0.0	0.0	999.0
neg_006540	0.0	None	0.0	0.0	999.0
neg_010367	0.0	None	0.0	0.0	999.0
neg_000164	0.0	None	0.0	0.0	999.0
neg_006113	0.0	None	0.0	0.0	999.0
neg_004743	0.0	None	0.0	0.0	999.0
neg_020518	0.0	None	0.0	0.0	999.0
neg_020095	0.0	None	0.0	0.0	999.0
neg_013107	0.0	None	0.0	0.0	999.0
neg_005698	0.0	None	0.0	0.0	999.0
neg_014411	0.0	None	0.0	0.0	999.0
neg_021041	0.0	None	0.0	0.0	999.0
neg_017809	0.0	None	0.0	0.0	999.0
neg_007323	0.0	None	0.0	0.0	999.0
neg_003683	0.0	None	0.0	0.0	999.0
neg_010798	0.0	None	0.0	0.0	999.0
neg_015639	0.0	None	0.0	0.0	999.0
neg_020376	0.0	None	0.0	0.0	999.0
neg_012696	0.0	None	0.0	0.0	999.0
neg_014066	0.0	None	0.0	0.0	999.0
neg_013078	0.0	None	0.0	0.0	999.0
neg_020643	0.0	None	0.0	0.0	999.0
neg_005127	0.0	None	0.0	0.0	999.0
neg_012384	0.0	None	0.0	0.0	999.0
neg_017424	0.0	None	0.0	0.0	999.0
neg_018134	0.0	None	0.0	0.0	999.0
neg_013396	0.0	None	0.0	0.0	999.0
neg_001016	0.0	None	0.0	0.0	999.0
neg_002744	0.0	None	0.0	0.0	999.0
neg_018425	0.0	None	0.0	0.0	999.0
neg_007171	0.0	None	0.0	0.0	999.0
neg_012479	0.0	None	0.0	0.0	999.0
neg_003972	0.0	None	0.0	0.0	999.0
neg_019607	0.0	None	0.0	0.0	999.0
neg_017562	0.0	None	0.0	0.0	999.0
neg_012916	0.0	None	0.0	0.0	999.0
neg_016160	0.0	None	0.0	0.0	999.0
neg_007995	0.0	None	0.0	0.0	999.0
neg_006187	0.0	None	0.0	0.0	999.0
neg_012545	0.0	None	0.0	0.0	999.0
neg_017961	0.0	None	0.0	0.0	999.0
neg_000054	0.0	None	0.0	0.0	999.0
neg_014031	0.0	None	0.0	0.0	999.0
neg_015397	0.0	None	0.0	0.0	999.0
neg_020449	0.0	None	0.0	0.0	999.0
neg_018231	0.0	None	0.0	0.0	999.0
neg_017221	0.0	None	0.0	0.0	999.0
neg_006386	0.0	None	0.0	0.0	999.0
neg_017405	0.0	None	0.0	0.0	999.0
neg_004197	0.0	None	0.0	0.0	999.0
neg_013453	0.0	None	0.0	0.0	999.0
neg_008581	0.0	None	0.0	0.0	999.0
neg_016270	0.0	None	0.0	0.0	999.0
neg_011525	0.0	None	0.0	0.0	999.0
neg_002188	0.0	None	0.0	0.0	999.0
neg_010069	0.0	None	0.0	0.0	999.0
neg_006797	0.0	None	0.0	0.0	999.0
neg_004836	0.0	None	0.0	0.0	999.0
neg_000475	0.0	None	0.0	0.0	999.0
neg_005886	0.0	None	0.0	0.0	999.0
neg_016216	0.0	None	0.0	0.0	999.0
neg_019050	0.0	None	0.0	0.0	999.0
neg_014583	0.0	None	0.0	0.0	999.0
neg_014356	0.0	None	0.0	0.0	999.0
neg_001357	0.0	None	0.0	0.0	999.0
neg_002255	0.0	None	0.0	0.0	999.0
neg_013240	0.0	None	0.0	0.0	999.0
neg_013355	0.0	None	0.0	0.0	999.0
neg_013797	0.0	None	0.0	0.0	999.0
neg_018413	0.0	None	0.0	0.0	999.0
neg_007517	0.0	None	0.0	0.0	999.0
neg_000868	0.0	None	0.0	0.0	999.0
neg_012936	0.0	None	0.0	0.0	999.0
neg_020408	0.0	None	0.0	0.0	999.0
neg_014957	0.0	None	0.0	0.0	999.0
neg_019339	0.0	None	0.0	0.0	999.0
neg_000209	0.0	None	0.0	0.0	999.0
neg_018847	0.0	None	0.0	0.0	999.0
neg_003922	0.0	None	0.0	0.0	999.0
neg_008473	0.0	None	0.0	0.0	999.0
neg_000575	0.0	None	0.0	0.0	999.0
neg_012039	0.0	None	0.0	0.0	999.0
neg_010171	0.0	None	0.0	0.0	999.0
neg_016417	0.0	None	0.0	0.0	999.0
neg_011264	0.0	None	0.0	0.0	999.0
neg_020419	0.0	None	0.0	0.0	999.0
neg_020939	0.0	None	0.0	0.0	999.0
neg_003766	0.0	None	0.0	0.0	999.0
neg_016583	0.0	None	0.0	0.0	999.0
neg_010093	0.0	None	0.0	0.0	999.0
neg_018223	0.0	None	0.0	0.0	999.0
neg_012866	0.0	None	0.0	0.0	999.0
neg_001141	0.0	None	0.0	0.0	999.0
neg_007207	0.0	None	0.0	0.0	999.0
neg_011305	0.0	None	0.0	0.0	999.0
neg_005912	0.0	None	0.0	0.0	999.0
neg_016217	0.0	None	0.0	0.0	999.0
neg_015765	0.0	None	0.0	0.0	999.0
neg_019890	0.0	None	0.0	0.0	999.0
neg_004394	0.0	None	0.0	0.0	999.0
neg_010383	0.0	None	0.0	0.0	999.0
neg_000172	0.0	None	0.0	0.0	999.0
neg_020535	0.0	None	0.0	0.0	999.0
neg_013304	0.0	None	0.0	0.0	999.0
neg_004804	0.0	None	0.0	0.0	999.0
neg_017650	0.0	None	0.0	0.0	999.0
neg_007205	0.0	None	0.0	0.0	999.0
neg_008551	0.0	None	0.0	0.0	999.0
neg_020565	0.0	None	0.0	0.0	999.0
neg_012678	0.0	None	0.0	0.0	999.0
neg_000114	0.0	None	0.0	0.0	999.0
neg_004823	0.0	None	0.0	0.0	999.0
neg_007448	0.0	None	0.0	0.0	999.0
neg_018375	0.0	None	0.0	0.0	999.0
neg_009411	0.0	None	0.0	0.0	999.0
neg_008817	0.0	None	0.0	0.0	999.0
neg_010416	0.0	None	0.0	0.0	999.0
neg_000570	0.0	None	0.0	0.0	999.0
neg_003787	0.0	None	0.0	0.0	999.0
neg_000662	0.0	None	0.0	0.0	999.0
neg_002226	0.0	None	0.0	0.0	999.0
neg_013515	0.0	None	0.0	0.0	999.0
neg_012797	0.0	None	0.0	0.0	999.0
neg_006367	0.0	None	0.0	0.0	999.0
neg_004057	0.0	None	0.0	0.0	999.0
neg_009853	0.0	None	0.0	0.0	999.0
neg_019561	0.0	None	0.0	0.0	999.0
neg_003529	0.0	None	0.0	0.0	999.0
neg_010709	0.0	None	0.0	0.0	999.0
neg_016936	0.0	None	0.0	0.0	999.0
neg_016925	0.0	None	0.0	0.0	999.0
neg_016033	0.0	None	0.0	0.0	999.0
neg_014006	0.0	None	0.0	0.0	999.0
neg_018371	0.0	None	0.0	0.0	999.0
neg_003214	0.0	None	0.0	0.0	999.0
neg_020525	0.0	None	0.0	0.0	999.0
neg_001116	0.0	None	0.0	0.0	999.0
neg_005974	0.0	None	0.0	0.0	999.0
neg_008458	0.0	None	0.0	0.0	999.0
neg_002078	0.0	None	0.0	0.0	999.0
neg_010968	0.0	None	0.0	0.0	999.0
neg_012711	0.0	None	0.0	0.0	999.0
neg_015837	0.0	None	0.0	0.0	999.0
neg_017364	0.0	None	0.0	0.0	999.0
neg_001017	0.0	None	0.0	0.0	999.0
neg_000387	0.0	None	0.0	0.0	999.0
neg_013269	0.0	None	0.0	0.0	999.0
neg_020663	0.0	None	0.0	0.0	999.0
neg_014632	0.0	None	0.0	0.0	999.0
neg_005465	0.0	None	0.0	0.0	999.0
neg_011589	0.0	None	0.0	0.0	999.0
neg_003456	0.0	None	0.0	0.0	999.0
neg_018806	0.0	None	0.0	0.0	999.0
neg_013868	0.0	None	0.0	0.0	999.0
neg_007490	0.0	None	0.0	0.0	999.0
neg_019701	0.0	None	0.0	0.0	999.0
neg_012981	0.0	None	0.0	0.0	999.0
neg_001031	0.0	None	0.0	0.0	999.0
neg_001163	0.0	None	0.0	0.0	999.0
neg_004001	0.0	None	0.0	0.0	999.0
neg_018944	0.0	None	0.0	0.0	999.0
neg_004783	0.0	None	0.0	0.0	999.0
neg_009493	0.0	None	0.0	0.0	999.0
neg_018352	0.0	None	0.0	0.0	999.0
neg_007869	0.0	None	0.0	0.0	999.0
neg_020443	0.0	None	0.0	0.0	999.0
neg_016121	0.0	None	0.0	0.0	999.0
neg_014919	0.0	None	0.0	0.0	999.0
neg_000913	0.0	None	0.0	0.0	999.0
neg_013506	0.0	None	0.0	0.0	999.0
neg_005043	0.0	None	0.0	0.0	999.0
neg_010854	0.0	None	0.0	0.0	999.0
neg_003287	0.0	None	0.0	0.0	999.0
neg_017027	0.0	None	0.0	0.0	999.0
neg_016893	0.0	None	0.0	0.0	999.0
neg_017480	0.0	None	0.0	0.0	999.0
neg_010197	0.0	None	0.0	0.0	999.0
neg_002362	0.0	None	0.0	0.0	999.0
neg_012191	0.0	None	0.0	0.0	999.0
neg_004003	0.0	None	0.0	0.0	999.0
neg_008793	0.0	None	0.0	0.0	999.0
neg_006635	0.0	None	0.0	0.0	999.0
neg_006807	0.0	None	0.0	0.0	999.0
neg_010742	0.0	None	0.0	0.0	999.0
neg_020255	0.0	None	0.0	0.0	999.0
neg_016184	0.0	None	0.0	0.0	999.0
neg_006687	0.0	None	0.0	0.0	999.0
neg_005451	0.0	None	0.0	0.0	999.0
neg_000040	0.0	None	0.0	0.0	999.0
neg_020606	0.0	None	0.0	0.0	999.0
neg_007699	0.0	None	0.0	0.0	999.0
neg_013642	0.0	None	0.0	0.0	999.0
neg_006284	0.0	None	0.0	0.0	999.0
neg_012072	0.0	None	0.0	0.0	999.0
neg_011759	0.0	None	0.0	0.0	999.0
neg_016434	0.0	None	0.0	0.0	999.0
neg_014908	0.0	None	0.0	0.0	999.0
neg_005123	0.0	None	0.0	0.0	999.0
neg_021118	0.0	None	0.0	0.0	999.0
neg_006642	0.0	None	0.0	0.0	999.0
neg_000263	0.0	None	0.0	0.0	999.0
neg_015630	0.0	None	0.0	0.0	999.0
neg_012128	0.0	None	0.0	0.0	999.0
neg_019863	0.0	None	0.0	0.0	999.0
neg_017626	0.0	None	0.0	0.0	999.0
neg_008023	0.0	None	0.0	0.0	999.0
neg_018084	0.0	None	0.0	0.0	999.0
neg_007190	0.0	None	0.0	0.0	999.0
neg_003017	0.0	None	0.0	0.0	999.0
neg_010017	0.0	None	0.0	0.0	999.0
neg_005510	0.0	None	0.0	0.0	999.0
neg_018082	0.0	None	0.0	0.0	999.0
neg_011537	0.0	None	0.0	0.0	999.0
neg_010597	0.0	None	0.0	0.0	999.0
neg_009939	0.0	None	0.0	0.0	999.0
neg_016852	0.0	None	0.0	0.0	999.0
neg_003717	0.0	None	0.0	0.0	999.0
neg_015651	0.0	None	0.0	0.0	999.0
neg_010311	0.0	None	0.0	0.0	999.0
neg_014135	0.0	None	0.0	0.0	999.0
neg_011075	0.0	None	0.0	0.0	999.0
neg_000309	0.0	None	0.0	0.0	999.0
neg_009442	0.0	None	0.0	0.0	999.0
neg_008869	0.0	None	0.0	0.0	999.0
neg_001069	0.0	None	0.0	0.0	999.0
neg_009119	0.0	None	0.0	0.0	999.0
neg_018609	0.0	None	0.0	0.0	999.0
neg_020653	0.0	None	0.0	0.0	999.0
neg_017878	0.0	None	0.0	0.0	999.0
neg_009121	0.0	None	0.0	0.0	999.0
neg_002071	0.0	None	0.0	0.0	999.0
neg_014272	0.0	None	0.0	0.0	999.0
neg_020109	0.0	None	0.0	0.0	999.0
neg_010466	0.0	None	0.0	0.0	999.0
neg_020007	0.0	None	0.0	0.0	999.0
neg_010520	0.0	None	0.0	0.0	999.0
neg_018182	0.0	None	0.0	0.0	999.0
neg_002197	0.0	None	0.0	0.0	999.0
neg_000978	0.0	None	0.0	0.0	999.0
neg_016279	0.0	None	0.0	0.0	999.0
neg_012984	0.0	None	0.0	0.0	999.0
neg_001354	0.0	None	0.0	0.0	999.0
neg_001245	0.0	None	0.0	0.0	999.0
neg_008565	0.0	None	0.0	0.0	999.0
neg_020306	0.0	None	0.0	0.0	999.0
neg_003597	0.0	None	0.0	0.0	999.0
neg_015968	0.0	None	0.0	0.0	999.0
neg_017078	0.0	None	0.0	0.0	999.0
neg_012760	0.0	None	0.0	0.0	999.0
neg_000543	0.0	None	0.0	0.0	999.0
neg_008230	0.0	None	0.0	0.0	999.0
neg_018821	0.0	None	0.0	0.0	999.0
neg_011102	0.0	None	0.0	0.0	999.0
neg_003833	0.0	None	0.0	0.0	999.0
neg_009564	0.0	None	0.0	0.0	999.0
neg_001864	0.0	None	0.0	0.0	999.0
neg_004898	0.0	None	0.0	0.0	999.0
neg_008517	0.0	None	0.0	0.0	999.0
neg_009240	0.0	None	0.0	0.0	999.0
neg_020858	0.0	None	0.0	0.0	999.0
neg_018156	0.0	None	0.0	0.0	999.0
neg_012599	0.0	None	0.0	0.0	999.0
neg_013553	0.0	None	0.0	0.0	999.0
neg_019822	0.0	None	0.0	0.0	999.0
neg_006403	0.0	None	0.0	0.0	999.0
neg_017259	0.0	None	0.0	0.0	999.0
neg_012849	0.0	None	0.0	0.0	999.0
neg_008756	0.0	None	0.0	0.0	999.0
neg_002485	0.0	None	0.0	0.0	999.0
neg_004352	0.0	None	0.0	0.0	999.0
neg_004985	0.0	None	0.0	0.0	999.0
neg_003645	0.0	None	0.0	0.0	999.0
neg_018583	0.0	None	0.0	0.0	999.0
neg_001029	0.0	None	0.0	0.0	999.0
neg_006443	0.0	None	0.0	0.0	999.0
neg_001788	0.0	None	0.0	0.0	999.0
neg_018173	0.0	None	0.0	0.0	999.0
neg_018987	0.0	None	0.0	0.0	999.0
neg_003011	0.0	None	0.0	0.0	999.0
neg_017921	0.0	None	0.0	0.0	999.0
neg_017966	0.0	None	0.0	0.0	999.0
neg_012446	0.0	None	0.0	0.0	999.0
neg_007103	0.0	None	0.0	0.0	999.0
neg_009126	0.0	None	0.0	0.0	999.0
neg_018974	0.0	None	0.0	0.0	999.0
neg_014213	0.0	None	0.0	0.0	999.0
neg_016802	0.0	None	0.0	0.0	999.0
neg_018085	0.0	None	0.0	0.0	999.0
neg_015908	0.0	None	0.0	0.0	999.0
neg_010087	0.0	None	0.0	0.0	999.0
neg_007853	0.0	None	0.0	0.0	999.0
neg_017604	0.0	None	0.0	0.0	999.0
neg_004740	0.0	None	0.0	0.0	999.0
neg_000634	0.0	None	0.0	0.0	999.0
neg_002267	0.0	None	0.0	0.0	999.0
neg_004564	0.0	None	0.0	0.0	999.0
neg_001263	0.0	None	0.0	0.0	999.0
neg_020032	0.0	None	0.0	0.0	999.0
neg_013430	0.0	None	0.0	0.0	999.0
neg_019379	0.0	None	0.0	0.0	999.0
neg_001144	0.0	None	0.0	0.0	999.0
neg_011172	0.0	None	0.0	0.0	999.0
neg_012998	0.0	None	0.0	0.0	999.0
neg_015221	0.0	None	0.0	0.0	999.0
neg_017618	0.0	None	0.0	0.0	999.0
neg_007299	0.0	None	0.0	0.0	999.0
neg_004890	0.0	None	0.0	0.0	999.0
neg_006331	0.0	None	0.0	0.0	999.0
neg_001767	0.0	None	0.0	0.0	999.0
neg_013870	0.0	None	0.0	0.0	999.0
neg_011681	0.0	None	0.0	0.0	999.0
neg_004684	0.0	None	0.0	0.0	999.0
neg_008357	0.0	None	0.0	0.0	999.0
neg_020664	0.0	None	0.0	0.0	999.0
neg_000159	0.0	None	0.0	0.0	999.0
neg_005716	0.0	None	0.0	0.0	999.0
neg_013897	0.0	None	0.0	0.0	999.0
neg_000917	0.0	None	0.0	0.0	999.0
neg_003817	0.0	None	0.0	0.0	999.0
neg_020187	0.0	None	0.0	0.0	999.0
neg_020642	0.0	None	0.0	0.0	999.0
neg_005462	0.0	None	0.0	0.0	999.0
neg_015331	0.0	None	0.0	0.0	999.0
neg_002269	0.0	None	0.0	0.0	999.0
neg_014693	0.0	None	0.0	0.0	999.0
neg_011627	0.0	None	0.0	0.0	999.0
neg_021143	0.0	None	0.0	0.0	999.0
neg_020652	0.0	None	0.0	0.0	999.0
neg_016342	0.0	None	0.0	0.0	999.0
neg_020867	0.0	None	0.0	0.0	999.0
neg_001231	0.0	None	0.0	0.0	999.0
neg_013232	0.0	None	0.0	0.0	999.0
neg_002436	0.0	None	0.0	0.0	999.0
neg_018699	0.0	None	0.0	0.0	999.0
neg_003806	0.0	None	0.0	0.0	999.0
neg_004395	0.0	None	0.0	0.0	999.0
neg_015641	0.0	None	0.0	0.0	999.0
neg_002818	0.0	None	0.0	0.0	999.0
neg_016572	0.0	None	0.0	0.0	999.0
neg_015466	0.0	None	0.0	0.0	999.0
neg_019412	0.0	None	0.0	0.0	999.0
neg_010385	0.0	None	0.0	0.0	999.0
neg_018246	0.0	None	0.0	0.0	999.0
neg_003070	0.0	None	0.0	0.0	999.0
neg_004920	0.0	None	0.0	0.0	999.0
neg_000279	0.0	None	0.0	0.0	999.0
neg_009333	0.0	None	0.0	0.0	999.0
neg_006208	0.0	None	0.0	0.0	999.0
neg_011949	0.0	None	0.0	0.0	999.0
neg_015343	0.0	None	0.0	0.0	999.0
neg_001723	0.0	None	0.0	0.0	999.0
neg_000834	0.0	None	0.0	0.0	999.0
neg_008718	0.0	None	0.0	0.0	999.0
neg_016402	0.0	None	0.0	0.0	999.0
neg_015353	0.0	None	0.0	0.0	999.0
neg_010112	0.0	None	0.0	0.0	999.0
neg_009403	0.0	None	0.0	0.0	999.0
neg_002911	0.0	None	0.0	0.0	999.0
neg_009244	0.0	None	0.0	0.0	999.0
neg_005353	0.0	None	0.0	0.0	999.0
neg_009414	0.0	None	0.0	0.0	999.0
neg_012463	0.0	None	0.0	0.0	999.0
neg_011710	0.0	None	0.0	0.0	999.0
neg_005005	0.0	None	0.0	0.0	999.0
neg_006371	0.0	None	0.0	0.0	999.0
neg_005808	0.0	None	0.0	0.0	999.0
neg_005464	0.0	None	0.0	0.0	999.0
neg_010623	0.0	None	0.0	0.0	999.0
neg_000745	0.0	None	0.0	0.0	999.0
neg_006961	0.0	None	0.0	0.0	999.0
neg_008083	0.0	None	0.0	0.0	999.0
neg_008070	0.0	None	0.0	0.0	999.0
neg_004303	0.0	None	0.0	0.0	999.0
neg_002720	0.0	None	0.0	0.0	999.0
neg_000474	0.0	None	0.0	0.0	999.0
neg_009228	0.0	None	0.0	0.0	999.0
neg_015464	0.0	None	0.0	0.0	999.0
neg_013420	0.0	None	0.0	0.0	999.0
neg_011620	0.0	None	0.0	0.0	999.0
neg_000969	0.0	None	0.0	0.0	999.0
neg_013851	0.0	None	0.0	0.0	999.0
neg_002021	0.0	None	0.0	0.0	999.0
neg_015899	0.0	None	0.0	0.0	999.0
neg_006045	0.0	None	0.0	0.0	999.0
neg_000912	0.0	None	0.0	0.0	999.0
neg_014214	0.0	None	0.0	0.0	999.0
neg_018933	0.0	None	0.0	0.0	999.0
neg_017071	0.0	None	0.0	0.0	999.0
neg_001939	0.0	None	0.0	0.0	999.0
neg_011026	0.0	None	0.0	0.0	999.0
neg_002520	0.0	None	0.0	0.0	999.0
neg_000205	0.0	None	0.0	0.0	999.0
neg_003898	0.0	None	0.0	0.0	999.0
neg_003764	0.0	None	0.0	0.0	999.0
neg_020125	0.0	None	0.0	0.0	999.0
neg_011719	0.0	None	0.0	0.0	999.0
neg_016453	0.0	None	0.0	0.0	999.0
neg_015033	0.0	None	0.0	0.0	999.0
neg_016873	0.0	None	0.0	0.0	999.0
neg_001353	0.0	None	0.0	0.0	999.0
neg_007099	0.0	None	0.0	0.0	999.0
neg_020037	0.0	None	0.0	0.0	999.0
neg_021086	0.0	None	0.0	0.0	999.0
neg_010878	0.0	None	0.0	0.0	999.0
neg_017678	0.0	None	0.0	0.0	999.0
neg_019615	0.0	None	0.0	0.0	999.0
neg_017741	0.0	None	0.0	0.0	999.0
neg_011098	0.0	None	0.0	0.0	999.0
neg_019343	0.0	None	0.0	0.0	999.0
neg_006001	0.0	None	0.0	0.0	999.0
neg_007230	0.0	None	0.0	0.0	999.0
neg_020447	0.0	None	0.0	0.0	999.0
neg_012772	0.0	None	0.0	0.0	999.0
neg_018728	0.0	None	0.0	0.0	999.0
neg_000899	0.0	None	0.0	0.0	999.0
neg_002537	0.0	None	0.0	0.0	999.0
neg_004280	0.0	None	0.0	0.0	999.0
neg_014250	0.0	None	0.0	0.0	999.0
neg_008891	0.0	None	0.0	0.0	999.0
neg_009918	0.0	None	0.0	0.0	999.0
neg_004076	0.0	None	0.0	0.0	999.0
neg_014737	0.0	None	0.0	0.0	999.0
neg_006134	0.0	None	0.0	0.0	999.0
neg_003064	0.0	None	0.0	0.0	999.0
neg_002167	0.0	None	0.0	0.0	999.0
neg_016462	0.0	None	0.0	0.0	999.0
neg_007322	0.0	None	0.0	0.0	999.0
neg_010154	0.0	None	0.0	0.0	999.0
neg_008358	0.0	None	0.0	0.0	999.0
neg_008650	0.0	None	0.0	0.0	999.0
neg_010686	0.0	None	0.0	0.0	999.0
neg_019628	0.0	None	0.0	0.0	999.0
neg_005935	0.0	None	0.0	0.0	999.0
neg_006498	0.0	None	0.0	0.0	999.0
neg_020199	0.0	None	0.0	0.0	999.0
neg_001816	0.0	None	0.0	0.0	999.0
neg_010231	0.0	None	0.0	0.0	999.0
neg_006692	0.0	None	0.0	0.0	999.0
neg_020352	0.0	None	0.0	0.0	999.0
neg_007887	0.0	None	0.0	0.0	999.0
neg_010361	0.0	None	0.0	0.0	999.0
neg_006458	0.0	None	0.0	0.0	999.0
neg_009778	0.0	None	0.0	0.0	999.0
neg_004373	0.0	None	0.0	0.0	999.0
neg_016672	0.0	None	0.0	0.0	999.0
neg_017008	0.0	None	0.0	0.0	999.0
neg_013191	0.0	None	0.0	0.0	999.0
neg_010221	0.0	None	0.0	0.0	999.0
neg_010666	0.0	None	0.0	0.0	999.0
neg_018796	0.0	None	0.0	0.0	999.0
neg_010715	0.0	None	0.0	0.0	999.0
neg_009858	0.0	None	0.0	0.0	999.0
neg_007602	0.0	None	0.0	0.0	999.0
neg_013608	0.0	None	0.0	0.0	999.0
neg_007406	0.0	None	0.0	0.0	999.0
neg_007145	0.0	None	0.0	0.0	999.0
neg_019939	0.0	None	0.0	0.0	999.0
neg_014383	0.0	None	0.0	0.0	999.0
neg_002260	0.0	None	0.0	0.0	999.0
neg_007347	0.0	None	0.0	0.0	999.0
neg_007358	0.0	None	0.0	0.0	999.0
neg_000027	0.0	None	0.0	0.0	999.0
neg_003879	0.0	None	0.0	0.0	999.0
neg_004901	0.0	None	0.0	0.0	999.0
neg_007701	0.0	None	0.0	0.0	999.0
neg_007970	0.0	None	0.0	0.0	999.0
neg_005177	0.0	None	0.0	0.0	999.0
neg_009288	0.0	None	0.0	0.0	999.0
neg_010746	0.0	None	0.0	0.0	999.0
neg_000863	0.0	None	0.0	0.0	999.0
neg_007721	0.0	None	0.0	0.0	999.0
neg_002307	0.0	None	0.0	0.0	999.0
neg_000102	0.0	None	0.0	0.0	999.0
neg_006771	0.0	None	0.0	0.0	999.0
neg_013657	0.0	None	0.0	0.0	999.0
neg_013812	0.0	None	0.0	0.0	999.0
neg_011052	0.0	None	0.0	0.0	999.0
neg_005060	0.0	None	0.0	0.0	999.0
neg_002272	0.0	None	0.0	0.0	999.0
neg_007082	0.0	None	0.0	0.0	999.0
neg_012111	0.0	None	0.0	0.0	999.0
neg_009900	0.0	None	0.0	0.0	999.0
neg_005585	0.0	None	0.0	0.0	999.0
neg_011963	0.0	None	0.0	0.0	999.0
neg_006439	0.0	None	0.0	0.0	999.0
neg_016368	0.0	None	0.0	0.0	999.0
neg_021063	0.0	None	0.0	0.0	999.0
neg_020760	0.0	None	0.0	0.0	999.0
neg_013364	0.0	None	0.0	0.0	999.0
neg_003703	0.0	None	0.0	0.0	999.0
neg_001780	0.0	None	0.0	0.0	999.0
neg_003037	0.0	None	0.0	0.0	999.0
neg_011018	0.0	None	0.0	0.0	999.0
neg_001155	0.0	None	0.0	0.0	999.0
neg_003697	0.0	None	0.0	0.0	999.0
neg_020969	0.0	None	0.0	0.0	999.0
neg_006486	0.0	None	0.0	0.0	999.0
neg_020648	0.0	None	0.0	0.0	999.0
neg_001286	0.0	None	0.0	0.0	999.0
neg_016520	0.0	None	0.0	0.0	999.0
neg_006337	0.0	None	0.0	0.0	999.0
neg_009370	0.0	None	0.0	0.0	999.0
neg_000943	0.0	None	0.0	0.0	999.0
neg_004710	0.0	None	0.0	0.0	999.0
neg_012148	0.0	None	0.0	0.0	999.0
neg_005527	0.0	None	0.0	0.0	999.0
neg_003835	0.0	None	0.0	0.0	999.0
neg_020730	0.0	None	0.0	0.0	999.0
neg_007265	0.0	None	0.0	0.0	999.0
neg_005796	0.0	None	0.0	0.0	999.0
neg_018716	0.0	None	0.0	0.0	999.0
neg_012099	0.0	None	0.0	0.0	999.0
neg_005443	0.0	None	0.0	0.0	999.0
neg_005026	0.0	None	0.0	0.0	999.0
neg_009053	0.0	None	0.0	0.0	999.0
neg_019991	0.0	None	0.0	0.0	999.0
neg_019406	0.0	None	0.0	0.0	999.0
neg_004560	0.0	None	0.0	0.0	999.0
neg_020193	0.0	None	0.0	0.0	999.0
neg_019114	0.0	None	0.0	0.0	999.0
neg_010056	0.0	None	0.0	0.0	999.0
neg_020034	0.0	None	0.0	0.0	999.0
neg_014742	0.0	None	0.0	0.0	999.0
neg_002873	0.0	None	0.0	0.0	999.0
neg_017330	0.0	None	0.0	0.0	999.0
neg_001972	0.0	None	0.0	0.0	999.0
neg_019501	0.0	None	0.0	0.0	999.0
neg_014220	0.0	None	0.0	0.0	999.0
neg_012279	0.0	None	0.0	0.0	999.0
neg_007115	0.0	None	0.0	0.0	999.0
neg_016857	0.0	None	0.0	0.0	999.0
neg_002974	0.0	None	0.0	0.0	999.0
neg_016086	0.0	None	0.0	0.0	999.0
neg_017247	0.0	None	0.0	0.0	999.0
neg_006863	0.0	None	0.0	0.0	999.0
neg_018686	0.0	None	0.0	0.0	999.0
neg_013594	0.0	None	0.0	0.0	999.0
neg_006470	0.0	None	0.0	0.0	999.0
neg_009509	0.0	None	0.0	0.0	999.0
neg_014085	0.0	None	0.0	0.0	999.0
neg_014731	0.0	None	0.0	0.0	999.0
neg_001729	0.0	None	0.0	0.0	999.0
neg_009108	0.0	None	0.0	0.0	999.0
neg_018629	0.0	None	0.0	0.0	999.0
neg_016915	0.0	None	0.0	0.0	999.0
neg_012519	0.0	None	0.0	0.0	999.0
neg_008343	0.0	None	0.0	0.0	999.0
neg_017100	0.0	None	0.0	0.0	999.0
neg_016439	0.0	None	0.0	0.0	999.0
neg_000696	0.0	None	0.0	0.0	999.0
neg_006752	0.0	None	0.0	0.0	999.0
neg_003530	0.0	None	0.0	0.0	999.0
neg_020398	0.0	None	0.0	0.0	999.0
neg_017968	0.0	None	0.0	0.0	999.0
neg_006664	0.0	None	0.0	0.0	999.0
neg_013140	0.0	None	0.0	0.0	999.0
neg_020171	0.0	None	0.0	0.0	999.0
neg_020214	0.0	None	0.0	0.0	999.0
neg_005699	0.0	None	0.0	0.0	999.0
neg_011729	0.0	None	0.0	0.0	999.0
neg_017317	0.0	None	0.0	0.0	999.0
neg_004549	0.0	None	0.0	0.0	999.0
neg_014068	0.0	None	0.0	0.0	999.0
neg_000653	0.0	None	0.0	0.0	999.0
neg_019797	0.0	None	0.0	0.0	999.0
neg_005339	0.0	None	0.0	0.0	999.0
neg_020995	0.0	None	0.0	0.0	999.0
neg_010452	0.0	None	0.0	0.0	999.0
neg_002215	0.0	None	0.0	0.0	999.0
neg_008127	0.0	None	0.0	0.0	999.0
neg_015731	0.0	None	0.0	0.0	999.0
neg_013211	0.0	None	0.0	0.0	999.0
neg_019732	0.0	None	0.0	0.0	999.0
neg_006307	0.0	None	0.0	0.0	999.0
neg_016608	0.0	None	0.0	0.0	999.0
neg_016205	0.0	None	0.0	0.0	999.0
neg_014723	0.0	None	0.0	0.0	999.0
neg_001088	0.0	None	0.0	0.0	999.0
neg_004159	0.0	None	0.0	0.0	999.0
neg_020132	0.0	None	0.0	0.0	999.0
neg_002856	0.0	None	0.0	0.0	999.0
neg_018925	0.0	None	0.0	0.0	999.0
neg_009086	0.0	None	0.0	0.0	999.0
neg_007308	0.0	None	0.0	0.0	999.0
neg_002985	0.0	None	0.0	0.0	999.0
neg_013501	0.0	None	0.0	0.0	999.0
neg_000752	0.0	None	0.0	0.0	999.0
neg_002647	0.0	None	0.0	0.0	999.0
neg_019842	0.0	None	0.0	0.0	999.0
neg_001287	0.0	None	0.0	0.0	999.0
neg_018273	0.0	None	0.0	0.0	999.0
neg_008761	0.0	None	0.0	0.0	999.0
neg_005163	0.0	None	0.0	0.0	999.0
neg_003991	0.0	None	0.0	0.0	999.0
neg_007498	0.0	None	0.0	0.0	999.0
neg_016286	0.0	None	0.0	0.0	999.0
neg_017823	0.0	None	0.0	0.0	999.0
neg_013603	0.0	None	0.0	0.0	999.0
neg_012619	0.0	None	0.0	0.0	999.0
neg_013822	0.0	None	0.0	0.0	999.0
neg_013182	0.0	None	0.0	0.0	999.0
neg_009494	0.0	None	0.0	0.0	999.0
neg_019278	0.0	None	0.0	0.0	999.0
neg_001812	0.0	None	0.0	0.0	999.0
neg_007558	0.0	None	0.0	0.0	999.0
neg_013585	0.0	None	0.0	0.0	999.0
neg_006180	0.0	None	0.0	0.0	999.0
neg_020786	0.0	None	0.0	0.0	999.0
neg_005653	0.0	None	0.0	0.0	999.0
neg_013300	0.0	None	0.0	0.0	999.0
neg_010160	0.0	None	0.0	0.0	999.0
neg_008045	0.0	None	0.0	0.0	999.0
neg_001687	0.0	None	0.0	0.0	999.0
neg_001001	0.0	None	0.0	0.0	999.0
neg_003894	0.0	None	0.0	0.0	999.0
neg_020536	0.0	None	0.0	0.0	999.0
neg_005836	0.0	None	0.0	0.0	999.0
neg_010692	0.0	None	0.0	0.0	999.0
neg_016341	0.0	None	0.0	0.0	999.0
neg_010137	0.0	None	0.0	0.0	999.0
neg_016256	0.0	None	0.0	0.0	999.0
neg_018111	0.0	None	0.0	0.0	999.0
neg_017304	0.0	None	0.0	0.0	999.0
neg_019623	0.0	None	0.0	0.0	999.0
neg_017875	0.0	None	0.0	0.0	999.0
neg_017848	0.0	None	0.0	0.0	999.0
neg_010440	0.0	None	0.0	0.0	999.0
neg_000448	0.0	None	0.0	0.0	999.0
neg_011593	0.0	None	0.0	0.0	999.0
neg_017557	0.0	None	0.0	0.0	999.0
neg_001385	0.0	None	0.0	0.0	999.0
neg_019573	0.0	None	0.0	0.0	999.0
neg_005689	0.0	None	0.0	0.0	999.0
neg_009868	0.0	None	0.0	0.0	999.0
neg_018417	0.0	None	0.0	0.0	999.0
neg_013371	0.0	None	0.0	0.0	999.0
neg_018083	0.0	None	0.0	0.0	999.0
neg_012015	0.0	None	0.0	0.0	999.0
neg_012976	0.0	None	0.0	0.0	999.0
neg_013133	0.0	None	0.0	0.0	999.0
neg_018463	0.0	None	0.0	0.0	999.0
neg_002245	0.0	None	0.0	0.0	999.0
neg_005917	0.0	None	0.0	0.0	999.0
neg_019598	0.0	None	0.0	0.0	999.0
neg_017854	0.0	None	0.0	0.0	999.0
neg_013706	0.0	None	0.0	0.0	999.0
neg_001953	0.0	None	0.0	0.0	999.0
neg_015785	0.0	None	0.0	0.0	999.0
neg_005977	0.0	None	0.0	0.0	999.0
neg_001878	0.0	None	0.0	0.0	999.0
neg_001084	0.0	None	0.0	0.0	999.0
neg_008920	0.0	None	0.0	0.0	999.0
neg_010802	0.0	None	0.0	0.0	999.0
neg_017428	0.0	None	0.0	0.0	999.0
neg_019899	0.0	None	0.0	0.0	999.0
neg_000160	0.0	None	0.0	0.0	999.0
neg_001792	0.0	None	0.0	0.0	999.0
neg_019793	0.0	None	0.0	0.0	999.0
neg_013087	0.0	None	0.0	0.0	999.0
neg_007332	0.0	None	0.0	0.0	999.0
neg_006569	0.0	None	0.0	0.0	999.0
neg_007426	0.0	None	0.0	0.0	999.0
neg_019484	0.0	None	0.0	0.0	999.0
neg_007083	0.0	None	0.0	0.0	999.0
neg_009929	0.0	None	0.0	0.0	999.0
neg_003416	0.0	None	0.0	0.0	999.0
neg_020296	0.0	None	0.0	0.0	999.0
neg_007877	0.0	None	0.0	0.0	999.0
neg_017977	0.0	None	0.0	0.0	999.0
neg_016826	0.0	None	0.0	0.0	999.0
neg_013619	0.0	None	0.0	0.0	999.0
neg_018916	0.0	None	0.0	0.0	999.0
neg_017010	0.0	None	0.0	0.0	999.0
neg_009489	0.0	None	0.0	0.0	999.0
neg_000348	0.0	None	0.0	0.0	999.0
neg_018237	0.0	None	0.0	0.0	999.0
neg_004708	0.0	None	0.0	0.0	999.0
neg_009664	0.0	None	0.0	0.0	999.0
neg_019774	0.0	None	0.0	0.0	999.0
neg_003286	0.0	None	0.0	0.0	999.0
neg_003019	0.0	None	0.0	0.0	999.0
neg_000445	0.0	None	0.0	0.0	999.0
neg_014885	0.0	None	0.0	0.0	999.0
neg_003209	0.0	None	0.0	0.0	999.0
neg_004650	0.0	None	0.0	0.0	999.0
neg_013434	0.0	None	0.0	0.0	999.0
neg_007248	0.0	None	0.0	0.0	999.0
neg_013049	0.0	None	0.0	0.0	999.0
neg_005265	0.0	None	0.0	0.0	999.0
neg_000404	0.0	None	0.0	0.0	999.0
neg_007911	0.0	None	0.0	0.0	999.0
neg_014439	0.0	None	0.0	0.0	999.0
neg_017466	0.0	None	0.0	0.0	999.0
neg_015134	0.0	None	0.0	0.0	999.0
neg_017842	0.0	None	0.0	0.0	999.0
neg_017076	0.0	None	0.0	0.0	999.0
neg_002402	0.0	None	0.0	0.0	999.0
neg_017701	0.0	None	0.0	0.0	999.0
neg_001439	0.0	None	0.0	0.0	999.0
neg_020464	0.0	None	0.0	0.0	999.0
neg_010150	0.0	None	0.0	0.0	999.0
neg_004139	0.0	None	0.0	0.0	999.0
neg_009562	0.0	None	0.0	0.0	999.0
neg_004614	0.0	None	0.0	0.0	999.0
neg_017796	0.0	None	0.0	0.0	999.0
neg_007830	0.0	None	0.0	0.0	999.0
neg_019104	0.0	None	0.0	0.0	999.0
neg_002943	0.0	None	0.0	0.0	999.0
neg_019711	0.0	None	0.0	0.0	999.0
neg_007508	0.0	None	0.0	0.0	999.0
neg_004996	0.0	None	0.0	0.0	999.0
neg_017582	0.0	None	0.0	0.0	999.0
neg_013321	0.0	None	0.0	0.0	999.0
neg_003321	0.0	None	0.0	0.0	999.0
neg_014665	0.0	None	0.0	0.0	999.0
neg_010907	0.0	None	0.0	0.0	999.0
neg_019300	0.0	None	0.0	0.0	999.0
neg_016348	0.0	None	0.0	0.0	999.0
neg_017283	0.0	None	0.0	0.0	999.0
neg_001576	0.0	None	0.0	0.0	999.0
neg_016691	0.0	None	0.0	0.0	999.0
neg_016097	0.0	None	0.0	0.0	999.0
neg_000872	0.0	None	0.0	0.0	999.0
neg_006574	0.0	None	0.0	0.0	999.0
neg_000646	0.0	None	0.0	0.0	999.0
neg_006651	0.0	None	0.0	0.0	999.0
neg_009735	0.0	None	0.0	0.0	999.0
neg_006671	0.0	None	0.0	0.0	999.0
neg_013314	0.0	None	0.0	0.0	999.0
neg_002891	0.0	None	0.0	0.0	999.0
neg_002598	0.0	None	0.0	0.0	999.0
neg_007511	0.0	None	0.0	0.0	999.0
neg_012844	0.0	None	0.0	0.0	999.0
neg_006981	0.0	None	0.0	0.0	999.0
neg_015470	0.0	None	0.0	0.0	999.0
neg_015261	0.0	None	0.0	0.0	999.0
neg_014001	0.0	None	0.0	0.0	999.0
neg_011756	0.0	None	0.0	0.0	999.0
neg_017788	0.0	None	0.0	0.0	999.0
neg_006886	0.0	None	0.0	0.0	999.0
neg_016208	0.0	None	0.0	0.0	999.0
neg_004989	0.0	None	0.0	0.0	999.0
neg_014403	0.0	None	0.0	0.0	999.0
neg_017055	0.0	None	0.0	0.0	999.0
neg_014635	0.0	None	0.0	0.0	999.0
neg_007250	0.0	None	0.0	0.0	999.0
neg_010740	0.0	None	0.0	0.0	999.0
neg_003767	0.0	None	0.0	0.0	999.0
neg_018145	0.0	None	0.0	0.0	999.0
neg_001877	0.0	None	0.0	0.0	999.0
neg_006592	0.0	None	0.0	0.0	999.0
neg_001142	0.0	None	0.0	0.0	999.0
neg_000861	0.0	None	0.0	0.0	999.0
neg_007905	0.0	None	0.0	0.0	999.0
neg_010349	0.0	None	0.0	0.0	999.0
neg_014652	0.0	None	0.0	0.0	999.0
neg_007963	0.0	None	0.0	0.0	999.0
neg_003832	0.0	None	0.0	0.0	999.0
neg_004856	0.0	None	0.0	0.0	999.0
neg_006199	0.0	None	0.0	0.0	999.0
neg_005342	0.0	None	0.0	0.0	999.0
neg_003113	0.0	None	0.0	0.0	999.0
neg_010484	0.0	None	0.0	0.0	999.0
neg_016164	0.0	None	0.0	0.0	999.0
neg_000637	0.0	None	0.0	0.0	999.0
neg_010838	0.0	None	0.0	0.0	999.0
neg_009170	0.0	None	0.0	0.0	999.0
neg_020327	0.0	None	0.0	0.0	999.0
neg_020043	0.0	None	0.0	0.0	999.0
neg_010335	0.0	None	0.0	0.0	999.0
neg_004928	0.0	None	0.0	0.0	999.0
neg_015054	0.0	None	0.0	0.0	999.0
neg_012157	0.0	None	0.0	0.0	999.0
neg_020262	0.0	None	0.0	0.0	999.0
neg_016958	0.0	None	0.0	0.0	999.0
neg_016933	0.0	None	0.0	0.0	999.0
neg_020880	0.0	None	0.0	0.0	999.0
neg_009893	0.0	None	0.0	0.0	999.0
neg_007393	0.0	None	0.0	0.0	999.0
neg_004230	0.0	None	0.0	0.0	999.0
neg_007604	0.0	None	0.0	0.0	999.0
neg_000291	0.0	None	0.0	0.0	999.0
neg_010401	0.0	None	0.0	0.0	999.0
neg_010314	0.0	None	0.0	0.0	999.0
neg_012740	0.0	None	0.0	0.0	999.0
neg_019095	0.0	None	0.0	0.0	999.0
neg_002657	0.0	None	0.0	0.0	999.0
neg_017989	0.0	None	0.0	0.0	999.0
neg_010404	0.0	None	0.0	0.0	999.0
neg_001962	0.0	None	0.0	0.0	999.0
neg_019439	0.0	None	0.0	0.0	999.0
neg_012291	0.0	None	0.0	0.0	999.0
neg_007626	0.0	None	0.0	0.0	999.0
neg_011415	0.0	None	0.0	0.0	999.0
neg_003951	0.0	None	0.0	0.0	999.0
neg_019663	0.0	None	0.0	0.0	999.0
neg_012173	0.0	None	0.0	0.0	999.0
neg_010551	0.0	None	0.0	0.0	999.0
neg_017524	0.0	None	0.0	0.0	999.0
neg_000522	0.0	None	0.0	0.0	999.0
neg_004889	0.0	None	0.0	0.0	999.0
neg_017821	0.0	None	0.0	0.0	999.0
neg_014289	0.0	None	0.0	0.0	999.0
neg_014415	0.0	None	0.0	0.0	999.0
neg_013677	0.0	None	0.0	0.0	999.0
neg_001402	0.0	None	0.0	0.0	999.0
neg_013683	0.0	None	0.0	0.0	999.0
neg_001093	0.0	None	0.0	0.0	999.0
neg_015816	0.0	None	0.0	0.0	999.0
neg_021049	0.0	None	0.0	0.0	999.0
neg_014186	0.0	None	0.0	0.0	999.0
neg_012462	0.0	None	0.0	0.0	999.0
neg_001752	0.0	None	0.0	0.0	999.0
neg_018560	0.0	None	0.0	0.0	999.0
neg_007696	0.0	None	0.0	0.0	999.0
neg_018714	0.0	None	0.0	0.0	999.0
neg_006905	0.0	None	0.0	0.0	999.0
neg_004144	0.0	None	0.0	0.0	999.0
neg_003494	0.0	None	0.0	0.0	999.0
neg_019872	0.0	None	0.0	0.0	999.0
neg_003968	0.0	None	0.0	0.0	999.0
neg_003935	0.0	None	0.0	0.0	999.0
neg_005196	0.0	None	0.0	0.0	999.0
neg_015736	0.0	None	0.0	0.0	999.0
neg_002784	0.0	None	0.0	0.0	999.0
neg_008998	0.0	None	0.0	0.0	999.0
neg_011849	0.0	None	0.0	0.0	999.0
neg_018639	0.0	None	0.0	0.0	999.0
neg_001665	0.0	None	0.0	0.0	999.0
neg_009806	0.0	None	0.0	0.0	999.0
neg_018628	0.0	None	0.0	0.0	999.0
neg_012208	0.0	None	0.0	0.0	999.0
neg_005680	0.0	None	0.0	0.0	999.0
neg_018548	0.0	None	0.0	0.0	999.0
neg_005421	0.0	None	0.0	0.0	999.0
neg_018215	0.0	None	0.0	0.0	999.0
neg_016755	0.0	None	0.0	0.0	999.0
neg_016096	0.0	None	0.0	0.0	999.0
neg_016386	0.0	None	0.0	0.0	999.0
neg_014765	0.0	None	0.0	0.0	999.0
neg_013388	0.0	None	0.0	0.0	999.0
neg_001274	0.0	None	0.0	0.0	999.0
neg_001689	0.0	None	0.0	0.0	999.0
neg_008747	0.0	None	0.0	0.0	999.0
neg_003531	0.0	None	0.0	0.0	999.0
neg_020179	0.0	None	0.0	0.0	999.0
neg_009186	0.0	None	0.0	0.0	999.0
neg_014999	0.0	None	0.0	0.0	999.0
neg_012788	0.0	None	0.0	0.0	999.0
neg_013891	0.0	None	0.0	0.0	999.0
neg_000779	0.0	None	0.0	0.0	999.0
neg_004195	0.0	None	0.0	0.0	999.0
neg_006814	0.0	None	0.0	0.0	999.0
neg_006791	0.0	None	0.0	0.0	999.0
neg_010966	0.0	None	0.0	0.0	999.0
neg_002656	0.0	None	0.0	0.0	999.0
neg_014974	0.0	None	0.0	0.0	999.0
neg_005156	0.0	None	0.0	0.0	999.0
neg_004043	0.0	None	0.0	0.0	999.0
neg_006191	0.0	None	0.0	0.0	999.0
neg_011642	0.0	None	0.0	0.0	999.0
neg_016294	0.0	None	0.0	0.0	999.0
neg_013383	0.0	None	0.0	0.0	999.0
neg_002816	0.0	None	0.0	0.0	999.0
neg_000760	0.0	None	0.0	0.0	999.0
neg_006658	0.0	None	0.0	0.0	999.0
neg_015351	0.0	None	0.0	0.0	999.0
neg_019032	0.0	None	0.0	0.0	999.0
neg_007975	0.0	None	0.0	0.0	999.0
neg_003593	0.0	None	0.0	0.0	999.0
neg_015447	0.0	None	0.0	0.0	999.0
neg_009978	0.0	None	0.0	0.0	999.0
neg_000892	0.0	None	0.0	0.0	999.0
neg_000009	0.0	None	0.0	0.0	999.0
neg_005658	0.0	None	0.0	0.0	999.0
neg_002775	0.0	None	0.0	0.0	999.0
neg_009075	0.0	None	0.0	0.0	999.0
neg_013206	0.0	None	0.0	0.0	999.0
neg_012302	0.0	None	0.0	0.0	999.0
neg_019267	0.0	None	0.0	0.0	999.0
neg_001390	0.0	None	0.0	0.0	999.0
neg_004882	0.0	None	0.0	0.0	999.0
neg_020479	0.0	None	0.0	0.0	999.0
neg_015979	0.0	None	0.0	0.0	999.0
neg_019679	0.0	None	0.0	0.0	999.0
neg_006376	0.0	None	0.0	0.0	999.0
neg_010489	0.0	None	0.0	0.0	999.0
neg_019463	0.0	None	0.0	0.0	999.0
neg_002316	0.0	None	0.0	0.0	999.0
neg_020045	0.0	None	0.0	0.0	999.0
neg_013830	0.0	None	0.0	0.0	999.0
neg_018510	0.0	None	0.0	0.0	999.0
neg_020851	0.0	None	0.0	0.0	999.0
neg_004381	0.0	None	0.0	0.0	999.0
neg_009857	0.0	None	0.0	0.0	999.0
neg_015907	0.0	None	0.0	0.0	999.0
neg_003843	0.0	None	0.0	0.0	999.0
neg_013274	0.0	None	0.0	0.0	999.0
neg_003425	0.0	None	0.0	0.0	999.0
neg_018299	0.0	None	0.0	0.0	999.0
neg_020204	0.0	None	0.0	0.0	999.0
neg_021134	0.0	None	0.0	0.0	999.0
neg_004507	0.0	None	0.0	0.0	999.0
neg_001070	0.0	None	0.0	0.0	999.0
neg_001530	0.0	None	0.0	0.0	999.0
neg_014750	0.0	None	0.0	0.0	999.0
neg_013351	0.0	None	0.0	0.0	999.0
neg_009515	0.0	None	0.0	0.0	999.0
neg_009049	0.0	None	0.0	0.0	999.0
neg_017211	0.0	None	0.0	0.0	999.0
neg_003419	0.0	None	0.0	0.0	999.0
neg_002206	0.0	None	0.0	0.0	999.0
neg_007924	0.0	None	0.0	0.0	999.0
neg_009367	0.0	None	0.0	0.0	999.0
neg_010780	0.0	None	0.0	0.0	999.0
neg_007540	0.0	None	0.0	0.0	999.0
neg_009071	0.0	None	0.0	0.0	999.0
neg_020162	0.0	None	0.0	0.0	999.0
neg_014616	0.0	None	0.0	0.0	999.0
neg_008441	0.0	None	0.0	0.0	999.0
neg_003582	0.0	None	0.0	0.0	999.0
neg_010931	0.0	None	0.0	0.0	999.0
neg_011147	0.0	None	0.0	0.0	999.0
neg_018424	0.0	None	0.0	0.0	999.0
neg_002949	0.0	None	0.0	0.0	999.0
neg_001373	0.0	None	0.0	0.0	999.0
neg_017804	0.0	None	0.0	0.0	999.0
neg_012127	0.0	None	0.0	0.0	999.0
neg_014143	0.0	None	0.0	0.0	999.0
neg_001073	0.0	None	0.0	0.0	999.0
neg_017363	0.0	None	0.0	0.0	999.0
neg_005807	0.0	None	0.0	0.0	999.0
neg_020709	0.0	None	0.0	0.0	999.0
neg_001430	0.0	None	0.0	0.0	999.0
neg_017496	0.0	None	0.0	0.0	999.0
neg_013306	0.0	None	0.0	0.0	999.0
neg_011553	0.0	None	0.0	0.0	999.0
neg_014735	0.0	None	0.0	0.0	999.0
neg_007031	0.0	None	0.0	0.0	999.0
neg_000033	0.0	None	0.0	0.0	999.0
neg_010109	0.0	None	0.0	0.0	999.0
neg_018402	0.0	None	0.0	0.0	999.0
neg_014779	0.0	None	0.0	0.0	999.0
neg_017155	0.0	None	0.0	0.0	999.0
neg_014530	0.0	None	0.0	0.0	999.0
neg_005758	0.0	None	0.0	0.0	999.0
neg_020350	0.0	None	0.0	0.0	999.0
neg_006356	0.0	None	0.0	0.0	999.0
neg_017166	0.0	None	0.0	0.0	999.0
neg_017605	0.0	None	0.0	0.0	999.0
neg_017949	0.0	None	0.0	0.0	999.0
neg_015085	0.0	None	0.0	0.0	999.0
neg_020264	0.0	None	0.0	0.0	999.0
neg_001600	0.0	None	0.0	0.0	999.0
neg_005105	0.0	None	0.0	0.0	999.0
neg_003196	0.0	None	0.0	0.0	999.0
neg_017655	0.0	None	0.0	0.0	999.0
neg_012008	0.0	None	0.0	0.0	999.0
neg_019829	0.0	None	0.0	0.0	999.0
neg_012257	0.0	None	0.0	0.0	999.0
neg_015562	0.0	None	0.0	0.0	999.0
neg_014760	0.0	None	0.0	0.0	999.0
neg_014862	0.0	None	0.0	0.0	999.0
neg_008199	0.0	None	0.0	0.0	999.0
neg_006006	0.0	None	0.0	0.0	999.0
neg_017846	0.0	None	0.0	0.0	999.0
neg_020000	0.0	None	0.0	0.0	999.0
neg_003569	0.0	None	0.0	0.0	999.0
neg_002788	0.0	None	0.0	0.0	999.0
neg_004332	0.0	None	0.0	0.0	999.0
neg_009820	0.0	None	0.0	0.0	999.0
neg_006260	0.0	None	0.0	0.0	999.0
neg_011241	0.0	None	0.0	0.0	999.0
neg_012159	0.0	None	0.0	0.0	999.0
neg_014692	0.0	None	0.0	0.0	999.0
neg_016486	0.0	None	0.0	0.0	999.0
neg_004736	0.0	None	0.0	0.0	999.0
neg_011715	0.0	None	0.0	0.0	999.0
neg_006877	0.0	None	0.0	0.0	999.0
neg_012196	0.0	None	0.0	0.0	999.0
neg_017928	0.0	None	0.0	0.0	999.0
neg_016828	0.0	None	0.0	0.0	999.0
neg_010439	0.0	None	0.0	0.0	999.0
neg_014252	0.0	None	0.0	0.0	999.0
neg_002747	0.0	None	0.0	0.0	999.0
neg_009668	0.0	None	0.0	0.0	999.0
neg_010763	0.0	None	0.0	0.0	999.0
neg_015070	0.0	None	0.0	0.0	999.0
neg_000061	0.0	None	0.0	0.0	999.0
neg_004777	0.0	None	0.0	0.0	999.0
neg_015310	0.0	None	0.0	0.0	999.0
neg_006977	0.0	None	0.0	0.0	999.0
neg_017962	0.0	None	0.0	0.0	999.0
neg_010114	0.0	None	0.0	0.0	999.0
neg_010607	0.0	None	0.0	0.0	999.0
neg_019482	0.0	None	0.0	0.0	999.0
neg_017792	0.0	None	0.0	0.0	999.0
neg_018455	0.0	None	0.0	0.0	999.0
neg_011050	0.0	None	0.0	0.0	999.0
neg_000386	0.0	None	0.0	0.0	999.0
neg_004114	0.0	None	0.0	0.0	999.0
neg_010317	0.0	None	0.0	0.0	999.0
neg_001339	0.0	None	0.0	0.0	999.0
neg_008827	0.0	None	0.0	0.0	999.0
neg_013756	0.0	None	0.0	0.0	999.0
neg_019497	0.0	None	0.0	0.0	999.0
neg_019816	0.0	None	0.0	0.0	999.0
neg_015561	0.0	None	0.0	0.0	999.0
neg_017191	0.0	None	0.0	0.0	999.0
neg_015063	0.0	None	0.0	0.0	999.0
neg_000762	0.0	None	0.0	0.0	999.0
neg_004987	0.0	None	0.0	0.0	999.0
neg_018939	0.0	None	0.0	0.0	999.0
neg_005363	0.0	None	0.0	0.0	999.0
neg_003615	0.0	None	0.0	0.0	999.0
neg_012030	0.0	None	0.0	0.0	999.0
neg_007030	0.0	None	0.0	0.0	999.0
neg_017760	0.0	None	0.0	0.0	999.0
neg_001416	0.0	None	0.0	0.0	999.0
neg_018592	0.0	None	0.0	0.0	999.0
neg_001311	0.0	None	0.0	0.0	999.0
neg_008371	0.0	None	0.0	0.0	999.0
neg_008312	0.0	None	0.0	0.0	999.0
neg_019954	0.0	None	0.0	0.0	999.0
neg_005529	0.0	None	0.0	0.0	999.0
neg_008001	0.0	None	0.0	0.0	999.0
neg_009003	0.0	None	0.0	0.0	999.0
neg_008836	0.0	None	0.0	0.0	999.0
neg_011945	0.0	None	0.0	0.0	999.0
neg_015559	0.0	None	0.0	0.0	999.0
neg_010800	0.0	None	0.0	0.0	999.0
neg_017917	0.0	None	0.0	0.0	999.0
neg_012778	0.0	None	0.0	0.0	999.0
neg_012687	0.0	None	0.0	0.0	999.0
neg_015153	0.0	None	0.0	0.0	999.0
neg_006631	0.0	None	0.0	0.0	999.0
neg_001494	0.0	None	0.0	0.0	999.0
neg_008899	0.0	None	0.0	0.0	999.0
neg_016888	0.0	None	0.0	0.0	999.0
neg_009850	0.0	None	0.0	0.0	999.0
neg_013046	0.0	None	0.0	0.0	999.0
neg_018212	0.0	None	0.0	0.0	999.0
neg_017220	0.0	None	0.0	0.0	999.0
neg_018397	0.0	None	0.0	0.0	999.0
neg_011406	0.0	None	0.0	0.0	999.0
neg_002704	0.0	None	0.0	0.0	999.0
neg_006968	0.0	None	0.0	0.0	999.0
neg_016207	0.0	None	0.0	0.0	999.0
neg_007084	0.0	None	0.0	0.0	999.0
neg_002752	0.0	None	0.0	0.0	999.0
neg_008907	0.0	None	0.0	0.0	999.0
neg_005762	0.0	None	0.0	0.0	999.0
neg_008364	0.0	None	0.0	0.0	999.0
neg_003463	0.0	None	0.0	0.0	999.0
neg_017183	0.0	None	0.0	0.0	999.0
neg_009801	0.0	None	0.0	0.0	999.0
neg_014075	15.1	Tpase_IS110	0.0	0.0	0.0021
neg_006915	0.0	None	0.0	0.0	999.0
neg_004256	0.0	None	0.0	0.0	999.0
neg_013209	0.0	None	0.0	0.0	999.0
neg_003715	0.0	None	0.0	0.0	999.0
neg_015004	0.0	None	0.0	0.0	999.0
neg_015050	0.0	None	0.0	0.0	999.0
neg_014399	0.0	None	0.0	0.0	999.0
neg_008658	0.0	None	0.0	0.0	999.0
neg_001023	0.0	None	0.0	0.0	999.0
neg_012662	0.0	None	0.0	0.0	999.0
neg_017311	0.0	None	0.0	0.0	999.0
neg_010559	0.0	None	0.0	0.0	999.0
neg_013985	0.0	None	0.0	0.0	999.0
neg_001337	0.0	None	0.0	0.0	999.0
neg_011882	0.0	None	0.0	0.0	999.0
neg_015095	0.0	None	0.0	0.0	999.0
neg_018672	0.0	None	0.0	0.0	999.0
neg_001513	0.0	None	0.0	0.0	999.0
neg_003109	0.0	None	0.0	0.0	999.0
neg_015486	0.0	None	0.0	0.0	999.0
neg_009151	0.0	None	0.0	0.0	999.0
neg_008467	0.0	None	0.0	0.0	999.0
neg_006679	0.0	None	0.0	0.0	999.0
neg_019765	0.0	None	0.0	0.0	999.0
neg_011495	0.0	None	0.0	0.0	999.0
neg_017870	0.0	None	0.0	0.0	999.0
neg_016075	0.0	None	0.0	0.0	999.0
neg_010100	0.0	None	0.0	0.0	999.0
neg_001829	0.0	None	0.0	0.0	999.0
neg_016665	0.0	None	0.0	0.0	999.0
neg_000492	0.0	None	0.0	0.0	999.0
neg_011513	0.0	None	0.0	0.0	999.0
neg_008031	0.0	None	0.0	0.0	999.0
neg_009484	19.6	Tpase_IS630	0.0	0.0	0.000097
neg_011705	0.0	None	0.0	0.0	999.0
neg_008514	0.0	None	0.0	0.0	999.0
neg_004942	0.0	None	0.0	0.0	999.0
neg_009660	0.0	None	0.0	0.0	999.0
neg_020736	0.0	None	0.0	0.0	999.0
neg_020783	0.0	None	0.0	0.0	999.0
neg_015509	0.0	None	0.0	0.0	999.0
neg_004448	0.0	None	0.0	0.0	999.0
neg_016781	0.0	None	0.0	0.0	999.0
neg_012765	0.0	None	0.0	0.0	999.0
neg_003775	0.0	None	0.0	0.0	999.0
neg_012277	0.0	None	0.0	0.0	999.0
neg_017088	0.0	None	0.0	0.0	999.0
neg_014477	0.0	None	0.0	0.0	999.0
neg_012273	0.0	None	0.0	0.0	999.0
neg_014185	0.0	None	0.0	0.0	999.0
neg_018169	0.0	None	0.0	0.0	999.0
neg_014124	0.0	None	0.0	0.0	999.0
neg_008569	0.0	None	0.0	0.0	999.0
neg_007811	0.0	None	0.0	0.0	999.0
neg_017054	0.0	None	0.0	0.0	999.0
neg_017895	0.0	None	0.0	0.0	999.0
neg_005988	0.0	None	0.0	0.0	999.0
neg_011093	0.0	None	0.0	0.0	999.0
neg_004814	0.0	None	0.0	0.0	999.0
neg_009159	0.0	None	0.0	0.0	999.0
neg_011473	0.0	None	0.0	0.0	999.0
neg_000240	0.0	None	0.0	0.0	999.0
neg_003709	0.0	None	0.0	0.0	999.0
neg_017413	0.0	None	0.0	0.0	999.0
neg_004429	0.0	None	0.0	0.0	999.0
neg_010704	0.0	None	0.0	0.0	999.0
neg_012140	0.0	None	0.0	0.0	999.0
neg_003829	0.0	None	0.0	0.0	999.0
neg_001233	0.0	None	0.0	0.0	999.0
neg_017223	0.0	None	0.0	0.0	999.0
neg_013448	0.0	None	0.0	0.0	999.0
neg_019105	0.0	None	0.0	0.0	999.0
neg_000808	0.0	None	0.0	0.0	999.0
neg_012244	0.0	None	0.0	0.0	999.0
neg_011128	0.0	None	0.0	0.0	999.0
neg_007185	0.0	None	0.0	0.0	999.0
neg_007768	0.0	None	0.0	0.0	999.0
neg_010747	0.0	None	0.0	0.0	999.0
neg_008636	0.0	None	0.0	0.0	999.0
neg_001019	0.0	None	0.0	0.0	999.0
neg_011095	0.0	None	0.0	0.0	999.0
neg_019203	0.0	None	0.0	0.0	999.0
neg_016175	0.0	None	0.0	0.0	999.0
neg_008631	0.0	None	0.0	0.0	999.0
neg_002278	0.0	None	0.0	0.0	999.0
neg_005599	0.0	None	0.0	0.0	999.0
neg_010982	0.0	None	0.0	0.0	999.0
neg_016237	0.0	None	0.0	0.0	999.0
neg_014404	0.0	None	0.0	0.0	999.0
neg_002983	0.0	None	0.0	0.0	999.0
neg_017063	0.0	None	0.0	0.0	999.0
neg_001867	0.0	None	0.0	0.0	999.0
neg_010379	0.0	None	0.0	0.0	999.0
neg_009017	0.0	None	0.0	0.0	999.0
neg_019437	0.0	None	0.0	0.0	999.0
neg_018607	0.0	None	0.0	0.0	999.0
neg_009457	0.0	None	0.0	0.0	999.0
neg_013395	0.0	None	0.0	0.0	999.0
neg_005305	0.0	None	0.0	0.0	999.0
neg_016285	0.0	None	0.0	0.0	999.0
neg_001913	0.0	None	0.0	0.0	999.0
neg_002941	0.0	None	0.0	0.0	999.0
neg_009384	0.0	None	0.0	0.0	999.0
neg_000677	0.0	None	0.0	0.0	999.0
neg_020121	0.0	None	0.0	0.0	999.0
neg_005560	0.0	None	0.0	0.0	999.0
neg_020686	0.0	None	0.0	0.0	999.0
neg_016928	0.0	None	0.0	0.0	999.0
neg_006744	0.0	None	0.0	0.0	999.0
neg_015966	0.0	None	0.0	0.0	999.0
neg_018545	0.0	None	0.0	0.0	999.0
neg_014190	0.0	None	0.0	0.0	999.0
neg_007573	0.0	None	0.0	0.0	999.0
neg_017886	0.0	None	0.0	0.0	999.0
neg_002254	0.0	None	0.0	0.0	999.0
neg_016333	0.0	None	0.0	0.0	999.0
neg_009427	0.0	None	0.0	0.0	999.0
neg_020816	0.0	None	0.0	0.0	999.0
neg_019325	0.0	None	0.0	0.0	999.0
neg_003905	0.0	None	0.0	0.0	999.0
neg_018480	0.0	None	0.0	0.0	999.0
neg_009132	0.0	None	0.0	0.0	999.0
neg_009379	0.0	None	0.0	0.0	999.0
neg_011253	0.0	None	0.0	0.0	999.0
neg_008078	0.0	None	0.0	0.0	999.0
neg_015057	0.0	None	0.0	0.0	999.0
neg_001974	0.0	None	0.0	0.0	999.0
neg_013432	0.0	None	0.0	0.0	999.0
neg_015774	0.0	None	0.0	0.0	999.0
neg_005032	0.0	None	0.0	0.0	999.0
neg_010873	0.0	None	0.0	0.0	999.0
neg_006499	0.0	None	0.0	0.0	999.0
neg_000611	0.0	None	0.0	0.0	999.0
neg_010189	0.0	None	0.0	0.0	999.0
neg_016554	0.0	None	0.0	0.0	999.0
neg_006161	0.0	None	0.0	0.0	999.0
neg_002758	0.0	None	0.0	0.0	999.0
neg_004163	0.0	None	0.0	0.0	999.0
neg_013256	0.0	None	0.0	0.0	999.0
neg_007351	0.0	None	0.0	0.0	999.0
neg_002904	0.0	None	0.0	0.0	999.0
neg_016637	0.0	None	0.0	0.0	999.0
neg_016950	0.0	None	0.0	0.0	999.0
neg_004529	0.0	None	0.0	0.0	999.0
neg_014405	0.0	None	0.0	0.0	999.0
neg_005521	0.0	None	0.0	0.0	999.0
neg_003219	0.0	None	0.0	0.0	999.0
neg_019413	0.0	None	0.0	0.0	999.0
neg_013829	0.0	None	0.0	0.0	999.0
neg_007860	0.0	None	0.0	0.0	999.0
neg_018600	0.0	None	0.0	0.0	999.0
neg_014158	0.0	None	0.0	0.0	999.0
neg_004997	0.0	None	0.0	0.0	999.0
neg_011490	0.0	None	0.0	0.0	999.0
neg_008269	0.0	None	0.0	0.0	999.0
neg_011958	0.0	None	0.0	0.0	999.0
neg_011987	0.0	None	0.0	0.0	999.0
neg_008086	0.0	None	0.0	0.0	999.0
neg_015773	0.0	None	0.0	0.0	999.0
neg_001285	0.0	None	0.0	0.0	999.0
neg_003805	0.0	None	0.0	0.0	999.0
neg_020399	0.0	None	0.0	0.0	999.0
neg_018576	0.0	None	0.0	0.0	999.0
neg_003622	0.0	None	0.0	0.0	999.0
neg_007292	0.0	None	0.0	0.0	999.0
neg_002741	0.0	None	0.0	0.0	999.0
neg_015113	0.0	None	0.0	0.0	999.0
neg_005877	0.0	None	0.0	0.0	999.0
neg_013036	0.0	None	0.0	0.0	999.0
neg_009068	0.0	None	0.0	0.0	999.0
neg_006869	0.0	None	0.0	0.0	999.0
neg_012633	0.0	None	0.0	0.0	999.0
neg_000129	0.0	None	0.0	0.0	999.0
neg_001044	0.0	None	0.0	0.0	999.0
neg_013992	0.0	None	0.0	0.0	999.0
neg_009670	0.0	None	0.0	0.0	999.0
neg_002339	0.0	None	0.0	0.0	999.0
neg_006535	0.0	None	0.0	0.0	999.0
neg_010170	0.0	None	0.0	0.0	999.0
neg_015672	0.0	None	0.0	0.0	999.0
neg_000521	0.0	None	0.0	0.0	999.0
neg_015393	0.0	None	0.0	0.0	999.0
neg_012001	0.0	None	0.0	0.0	999.0
neg_014455	0.0	None	0.0	0.0	999.0
neg_017395	0.0	None	0.0	0.0	999.0
neg_012084	0.0	None	0.0	0.0	999.0
neg_013009	0.0	None	0.0	0.0	999.0
neg_020082	0.0	None	0.0	0.0	999.0
neg_011536	0.0	None	0.0	0.0	999.0
neg_000785	0.0	None	0.0	0.0	999.0
neg_014373	0.0	None	0.0	0.0	999.0
neg_010593	0.0	None	0.0	0.0	999.0
neg_017106	0.0	None	0.0	0.0	999.0
neg_001684	0.0	None	0.0	0.0	999.0
neg_013221	0.0	None	0.0	0.0	999.0
neg_000287	0.0	None	0.0	0.0	999.0
neg_000376	0.0	None	0.0	0.0	999.0
neg_011577	0.0	None	0.0	0.0	999.0
neg_015971	0.0	None	0.0	0.0	999.0
neg_008984	0.0	None	0.0	0.0	999.0
neg_007747	0.0	None	0.0	0.0	999.0
neg_000938	0.0	None	0.0	0.0	999.0
neg_006303	0.0	None	0.0	0.0	999.0
neg_019697	0.0	None	0.0	0.0	999.0
neg_018295	0.0	None	0.0	0.0	999.0
neg_004567	0.0	None	0.0	0.0	999.0
neg_002934	0.0	None	0.0	0.0	999.0
neg_020290	0.0	None	0.0	0.0	999.0
neg_014738	0.0	None	0.0	0.0	999.0
neg_020213	0.0	None	0.0	0.0	999.0
neg_010799	0.0	None	0.0	0.0	999.0
neg_020128	0.0	None	0.0	0.0	999.0
neg_020824	0.0	None	0.0	0.0	999.0
neg_011330	0.0	None	0.0	0.0	999.0
neg_006093	0.0	None	0.0	0.0	999.0
neg_016987	0.0	None	0.0	0.0	999.0
neg_013577	0.0	None	0.0	0.0	999.0
neg_013198	0.0	None	0.0	0.0	999.0
neg_020430	0.0	None	0.0	0.0	999.0
neg_009620	0.0	None	0.0	0.0	999.0
neg_008334	0.0	None	0.0	0.0	999.0
neg_010380	0.0	None	0.0	0.0	999.0
neg_015041	0.0	None	0.0	0.0	999.0
neg_015267	0.0	None	0.0	0.0	999.0
neg_010617	0.0	None	0.0	0.0	999.0
neg_019630	0.0	None	0.0	0.0	999.0
neg_019990	0.0	None	0.0	0.0	999.0
neg_009656	0.0	None	0.0	0.0	999.0
neg_002610	0.0	None	0.0	0.0	999.0
neg_004240	0.0	None	0.0	0.0	999.0
neg_004657	0.0	None	0.0	0.0	999.0
neg_008393	0.0	None	0.0	0.0	999.0
neg_002153	0.0	None	0.0	0.0	999.0
neg_015649	0.0	None	0.0	0.0	999.0
neg_005235	0.0	None	0.0	0.0	999.0
neg_004937	0.0	None	0.0	0.0	999.0
neg_014773	0.0	None	0.0	0.0	999.0
neg_007390	0.0	None	0.0	0.0	999.0
neg_012421	0.0	None	0.0	0.0	999.0
neg_000647	0.0	None	0.0	0.0	999.0
neg_000422	0.0	None	0.0	0.0	999.0
neg_016546	0.0	None	0.0	0.0	999.0
neg_008327	0.0	None	0.0	0.0	999.0
neg_007980	0.0	None	0.0	0.0	999.0
neg_002006	0.0	None	0.0	0.0	999.0
neg_012212	0.0	None	0.0	0.0	999.0
neg_003308	0.0	None	0.0	0.0	999.0
neg_007895	0.0	None	0.0	0.0	999.0
neg_020767	0.0	None	0.0	0.0	999.0
neg_017464	0.0	None	0.0	0.0	999.0
neg_017461	0.0	None	0.0	0.0	999.0
neg_002679	0.0	None	0.0	0.0	999.0
neg_016747	0.0	None	0.0	0.0	999.0
neg_012249	0.0	None	0.0	0.0	999.0
neg_008341	0.0	None	0.0	0.0	999.0
neg_003310	0.0	None	0.0	0.0	999.0
neg_004027	0.0	None	0.0	0.0	999.0
neg_001797	0.0	None	0.0	0.0	999.0
neg_002376	0.0	None	0.0	0.0	999.0
neg_014283	0.0	None	0.0	0.0	999.0
neg_016234	0.0	None	0.0	0.0	999.0
neg_007862	0.0	None	0.0	0.0	999.0
neg_000005	0.0	None	0.0	0.0	999.0
neg_008610	0.0	None	0.0	0.0	999.0
neg_020590	0.0	None	0.0	0.0	999.0
neg_001622	0.0	None	0.0	0.0	999.0
neg_017579	0.0	None	0.0	0.0	999.0
neg_009418	0.0	None	0.0	0.0	999.0
neg_006265	0.0	None	0.0	0.0	999.0
neg_009545	0.0	None	0.0	0.0	999.0
neg_016244	0.0	None	0.0	0.0	999.0
neg_006165	0.0	None	0.0	0.0	999.0
neg_005186	0.0	None	0.0	0.0	999.0
neg_018598	0.0	None	0.0	0.0	999.0
neg_016868	0.0	None	0.0	0.0	999.0
neg_017206	0.0	None	0.0	0.0	999.0
neg_002130	0.0	None	0.0	0.0	999.0
neg_019798	0.0	None	0.0	0.0	999.0
neg_006437	0.0	None	0.0	0.0	999.0
neg_012359	0.0	None	0.0	0.0	999.0
neg_011440	0.0	None	0.0	0.0	999.0
neg_003970	0.0	None	0.0	0.0	999.0
neg_020808	0.0	None	0.0	0.0	999.0
neg_018571	0.0	None	0.0	0.0	999.0
neg_005813	0.0	None	0.0	0.0	999.0
neg_002106	0.0	None	0.0	0.0	999.0
neg_018774	0.0	None	0.0	0.0	999.0
neg_018461	11.3	Tpase_IS110	0.0	0.0	0.028
neg_013202	0.0	None	0.0	0.0	999.0
neg_008228	0.0	None	0.0	0.0	999.0
neg_002081	0.0	None	0.0	0.0	999.0
neg_013709	0.0	None	0.0	0.0	999.0
neg_015479	0.0	None	0.0	0.0	999.0
neg_006912	0.0	None	0.0	0.0	999.0
neg_012134	0.0	None	0.0	0.0	999.0
neg_009419	0.0	None	0.0	0.0	999.0
neg_003602	0.0	None	0.0	0.0	999.0
neg_012390	0.0	None	0.0	0.0	999.0
neg_001989	0.0	None	0.0	0.0	999.0
neg_013782	0.0	None	0.0	0.0	999.0
neg_005360	0.0	None	0.0	0.0	999.0
neg_013071	0.0	None	0.0	0.0	999.0
neg_002545	0.0	None	0.0	0.0	999.0
neg_001895	0.0	None	0.0	0.0	999.0
neg_019655	0.0	None	0.0	0.0	999.0
neg_020532	0.0	None	0.0	0.0	999.0
neg_018574	0.0	None	0.0	0.0	999.0
neg_014923	0.0	None	0.0	0.0	999.0
neg_000780	0.0	None	0.0	0.0	999.0
neg_013435	0.0	None	0.0	0.0	999.0
neg_009470	0.0	None	0.0	0.0	999.0
neg_001267	0.0	None	0.0	0.0	999.0
neg_007315	0.0	None	0.0	0.0	999.0
neg_006019	0.0	None	0.0	0.0	999.0
neg_007152	0.0	None	0.0	0.0	999.0
neg_013144	0.0	None	0.0	0.0	999.0
neg_003280	0.0	None	0.0	0.0	999.0
neg_019448	0.0	None	0.0	0.0	999.0
neg_012983	0.0	None	0.0	0.0	999.0
neg_015218	0.0	None	0.0	0.0	999.0
neg_014366	0.0	None	0.0	0.0	999.0
neg_016971	0.0	None	0.0	0.0	999.0
neg_007183	0.0	None	0.0	0.0	999.0
neg_006166	0.0	None	0.0	0.0	999.0
neg_007991	0.0	None	0.0	0.0	999.0
neg_016740	0.0	None	0.0	0.0	999.0
neg_003759	0.0	None	0.0	0.0	999.0
neg_017662	0.0	None	0.0	0.0	999.0
neg_012211	0.0	None	0.0	0.0	999.0
neg_004124	0.0	None	0.0	0.0	999.0
neg_014771	0.0	None	0.0	0.0	999.0
neg_012541	0.0	None	0.0	0.0	999.0
neg_008897	0.0	None	0.0	0.0	999.0
neg_013611	0.0	None	0.0	0.0	999.0
neg_007902	0.0	None	0.0	0.0	999.0
neg_002410	0.0	None	0.0	0.0	999.0
neg_009407	0.0	None	0.0	0.0	999.0
neg_015806	0.0	None	0.0	0.0	999.0
neg_019517	0.0	None	0.0	0.0	999.0
neg_005729	0.0	None	0.0	0.0	999.0
neg_016050	0.0	None	0.0	0.0	999.0
neg_014800	0.0	None	0.0	0.0	999.0
neg_006214	0.0	None	0.0	0.0	999.0
neg_018269	0.0	None	0.0	0.0	999.0
neg_001086	0.0	None	0.0	0.0	999.0
neg_000242	0.0	None	0.0	0.0	999.0
neg_012600	0.0	None	0.0	0.0	999.0
neg_020454	0.0	None	0.0	0.0	999.0
neg_004210	0.0	None	0.0	0.0	999.0
neg_007095	0.0	None	0.0	0.0	999.0
neg_002158	0.0	None	0.0	0.0	999.0
neg_014150	0.0	None	0.0	0.0	999.0
neg_007874	0.0	None	0.0	0.0	999.0
neg_011972	0.0	None	0.0	0.0	999.0
neg_000878	0.0	None	0.0	0.0	999.0
neg_020169	0.0	None	0.0	0.0	999.0
neg_017370	0.0	None	0.0	0.0	999.0
neg_004418	0.0	None	0.0	0.0	999.0
neg_019977	0.0	None	0.0	0.0	999.0
neg_000241	0.0	None	0.0	0.0	999.0
neg_010021	0.0	None	0.0	0.0	999.0
neg_009661	0.0	None	0.0	0.0	999.0
neg_018605	0.0	None	0.0	0.0	999.0
neg_001718	0.0	None	0.0	0.0	999.0
neg_003960	0.0	None	0.0	0.0	999.0
neg_008618	0.0	None	0.0	0.0	999.0
neg_012144	0.0	None	0.0	0.0	999.0
neg_010845	0.0	None	0.0	0.0	999.0
neg_002095	0.0	None	0.0	0.0	999.0
neg_002699	0.0	None	0.0	0.0	999.0
neg_010139	0.0	None	0.0	0.0	999.0
neg_011532	0.0	None	0.0	0.0	999.0
neg_018613	0.0	None	0.0	0.0	999.0
neg_020348	0.0	None	0.0	0.0	999.0
neg_014611	0.0	None	0.0	0.0	999.0
neg_010387	0.0	None	0.0	0.0	999.0
neg_011428	0.0	None	0.0	0.0	999.0
neg_000015	0.0	None	0.0	0.0	999.0
neg_017500	0.0	None	0.0	0.0	999.0
neg_000645	0.0	None	0.0	0.0	999.0
neg_007784	0.0	None	0.0	0.0	999.0
neg_013228	0.0	None	0.0	0.0	999.0
neg_001761	0.0	None	0.0	0.0	999.0
neg_002585	0.0	None	0.0	0.0	999.0
neg_019855	0.0	None	0.0	0.0	999.0
neg_006483	0.0	None	0.0	0.0	999.0
neg_018621	0.0	None	0.0	0.0	999.0
neg_012105	0.0	None	0.0	0.0	999.0
neg_010906	0.0	None	0.0	0.0	999.0
neg_002073	0.0	None	0.0	0.0	999.0
neg_007012	0.0	None	0.0	0.0	999.0
neg_008289	0.0	None	0.0	0.0	999.0
neg_014686	0.0	None	0.0	0.0	999.0
neg_006609	0.0	None	0.0	0.0	999.0
neg_003510	0.0	None	0.0	0.0	999.0
neg_006754	0.0	None	0.0	0.0	999.0
neg_003114	0.0	None	0.0	0.0	999.0
neg_018622	0.0	None	0.0	0.0	999.0
neg_003258	0.0	None	0.0	0.0	999.0
neg_006222	0.0	None	0.0	0.0	999.0
neg_013914	0.0	None	0.0	0.0	999.0
neg_007838	0.0	None	0.0	0.0	999.0
neg_003212	0.0	None	0.0	0.0	999.0
neg_015616	0.0	None	0.0	0.0	999.0
neg_005835	0.0	None	0.0	0.0	999.0
neg_008155	0.0	None	0.0	0.0	999.0
neg_013154	0.0	None	0.0	0.0	999.0
neg_004140	0.0	None	0.0	0.0	999.0
neg_010754	0.0	None	0.0	0.0	999.0
neg_021025	0.0	None	0.0	0.0	999.0
neg_018008	0.0	None	0.0	0.0	999.0
neg_014706	0.0	None	0.0	0.0	999.0
neg_013431	0.0	None	0.0	0.0	999.0
neg_009521	0.0	None	0.0	0.0	999.0
neg_001654	0.0	None	0.0	0.0	999.0
neg_009949	0.0	None	0.0	0.0	999.0
neg_018918	0.0	None	0.0	0.0	999.0
neg_010362	0.0	None	0.0	0.0	999.0
neg_001742	0.0	None	0.0	0.0	999.0
neg_016284	0.0	None	0.0	0.0	999.0
neg_005152	0.0	None	0.0	0.0	999.0
neg_018086	0.0	None	0.0	0.0	999.0
neg_003304	0.0	None	0.0	0.0	999.0
neg_012800	0.0	None	0.0	0.0	999.0
neg_014065	0.0	None	0.0	0.0	999.0
neg_012499	0.0	None	0.0	0.0	999.0
neg_001787	0.0	None	0.0	0.0	999.0
neg_000235	0.0	None	0.0	0.0	999.0
neg_000030	0.0	None	0.0	0.0	999.0
neg_013788	0.0	None	0.0	0.0	999.0
neg_012995	0.0	None	0.0	0.0	999.0
neg_004487	0.0	None	0.0	0.0	999.0
neg_014463	0.0	None	0.0	0.0	999.0
neg_010476	0.0	None	0.0	0.0	999.0
neg_017404	0.0	None	0.0	0.0	999.0
neg_016280	0.0	None	0.0	0.0	999.0
neg_012408	0.0	None	0.0	0.0	999.0
neg_017534	0.0	None	0.0	0.0	999.0
neg_019952	0.0	None	0.0	0.0	999.0
neg_005390	0.0	None	0.0	0.0	999.0
neg_017673	0.0	None	0.0	0.0	999.0
neg_001433	0.0	None	0.0	0.0	999.0
neg_011924	0.0	None	0.0	0.0	999.0
neg_005245	0.0	None	0.0	0.0	999.0
neg_018649	0.0	None	0.0	0.0	999.0
neg_000702	0.0	None	0.0	0.0	999.0
neg_000732	0.0	None	0.0	0.0	999.0
neg_018130	0.0	None	0.0	0.0	999.0
neg_009201	0.0	None	0.0	0.0	999.0
neg_013748	0.0	None	0.0	0.0	999.0
neg_004271	0.0	None	0.0	0.0	999.0
neg_007625	0.0	None	0.0	0.0	999.0
neg_005640	0.0	None	0.0	0.0	999.0
neg_012823	0.0	None	0.0	0.0	999.0
neg_006925	0.0	None	0.0	0.0	999.0
neg_014827	0.0	None	0.0	0.0	999.0
neg_020862	0.0	None	0.0	0.0	999.0
neg_000002	0.0	None	0.0	0.0	999.0
neg_019508	0.0	None	0.0	0.0	999.0
neg_013305	0.0	None	0.0	0.0	999.0
neg_011757	0.0	None	0.0	0.0	999.0
neg_002002	0.0	None	0.0	0.0	999.0
neg_000874	0.0	None	0.0	0.0	999.0
neg_017753	0.0	None	0.0	0.0	999.0
neg_009443	0.0	None	0.0	0.0	999.0
neg_014620	0.0	None	0.0	0.0	999.0
neg_012411	0.0	None	0.0	0.0	999.0
neg_003457	0.0	None	0.0	0.0	999.0
neg_014070	0.0	None	0.0	0.0	999.0
neg_001928	0.0	None	0.0	0.0	999.0
neg_015499	0.0	None	0.0	0.0	999.0
neg_007129	0.0	None	0.0	0.0	999.0
neg_004954	0.0	None	0.0	0.0	999.0
neg_017611	0.0	None	0.0	0.0	999.0
neg_004193	16.6	Tpase_IS1595	0.0	0.0	0.00095
neg_015185	0.0	None	0.0	0.0	999.0
neg_002677	0.0	None	0.0	0.0	999.0
neg_012629	0.0	None	0.0	0.0	999.0
neg_005064	0.0	None	0.0	0.0	999.0
neg_014362	0.0	None	0.0	0.0	999.0
neg_008550	0.0	None	0.0	0.0	999.0
neg_002391	0.0	None	0.0	0.0	999.0
neg_012011	0.0	None	0.0	0.0	999.0
neg_014969	0.0	None	0.0	0.0	999.0
neg_012511	0.0	None	0.0	0.0	999.0
neg_018502	0.0	None	0.0	0.0	999.0
neg_006974	0.0	None	0.0	0.0	999.0
neg_016269	0.0	None	0.0	0.0	999.0
neg_010642	0.0	None	0.0	0.0	999.0
neg_015875	0.0	None	0.0	0.0	999.0
neg_012539	0.0	None	0.0	0.0	999.0
neg_019222	0.0	None	0.0	0.0	999.0
neg_007503	0.0	None	0.0	0.0	999.0
neg_012043	0.0	None	0.0	0.0	999.0
neg_017483	0.0	None	0.0	0.0	999.0
neg_005125	0.0	None	0.0	0.0	999.0
neg_002393	0.0	None	0.0	0.0	999.0
neg_012225	0.0	None	0.0	0.0	999.0
neg_001492	0.0	None	0.0	0.0	999.0
neg_005918	0.0	None	0.0	0.0	999.0
neg_013255	0.0	None	0.0	0.0	999.0
neg_006339	0.0	None	0.0	0.0	999.0
neg_008376	0.0	None	0.0	0.0	999.0
neg_006104	0.0	None	0.0	0.0	999.0
neg_003261	0.0	None	0.0	0.0	999.0
neg_015964	0.0	None	0.0	0.0	999.0
neg_020015	0.0	None	0.0	0.0	999.0
neg_018929	0.0	None	0.0	0.0	999.0
neg_005954	0.0	None	0.0	0.0	999.0
neg_002252	0.0	None	0.0	0.0	999.0
neg_016517	0.0	None	0.0	0.0	999.0
neg_002142	0.0	None	0.0	0.0	999.0
neg_007348	0.0	None	0.0	0.0	999.0
neg_020707	0.0	None	0.0	0.0	999.0
neg_005711	0.0	None	0.0	0.0	999.0
neg_017546	0.0	None	0.0	0.0	999.0
neg_011006	0.0	None	0.0	0.0	999.0
neg_021081	0.0	None	0.0	0.0	999.0
neg_003015	0.0	None	0.0	0.0	999.0
neg_009780	0.0	None	0.0	0.0	999.0
neg_017105	0.0	None	0.0	0.0	999.0
neg_012997	0.0	None	0.0	0.0	999.0
neg_004466	0.0	None	0.0	0.0	999.0
neg_009685	0.0	None	0.0	0.0	999.0
neg_003101	0.0	None	0.0	0.0	999.0
neg_016124	0.0	None	0.0	0.0	999.0
neg_005430	0.0	None	0.0	0.0	999.0
neg_017550	0.0	None	0.0	0.0	999.0
neg_013988	0.0	None	0.0	0.0	999.0
neg_016353	0.0	None	0.0	0.0	999.0
neg_003087	0.0	None	0.0	0.0	999.0
neg_012106	0.0	None	0.0	0.0	999.0
neg_006890	0.0	None	0.0	0.0	999.0
neg_011560	0.0	None	0.0	0.0	999.0
neg_010511	0.0	None	0.0	0.0	999.0
neg_012721	0.0	None	0.0	0.0	999.0
neg_005519	0.0	None	0.0	0.0	999.0
neg_017294	0.0	None	0.0	0.0	999.0
neg_010843	0.0	None	0.0	0.0	999.0
neg_018384	0.0	None	0.0	0.0	999.0
neg_012617	0.0	None	0.0	0.0	999.0
neg_005661	0.0	None	0.0	0.0	999.0
neg_004947	0.0	None	0.0	0.0	999.0
neg_003680	0.0	None	0.0	0.0	999.0
neg_015324	0.0	None	0.0	0.0	999.0
neg_015626	0.0	None	0.0	0.0	999.0
neg_010945	0.0	None	0.0	0.0	999.0
neg_020123	0.0	None	0.0	0.0	999.0
neg_014208	0.0	None	0.0	0.0	999.0
neg_006625	0.0	None	0.0	0.0	999.0
neg_005088	0.0	None	0.0	0.0	999.0
neg_018677	0.0	None	0.0	0.0	999.0
neg_018106	0.0	None	0.0	0.0	999.0
neg_020145	13.0	Tpase_IS110	0.0	0.0	0.0087
neg_002162	0.0	None	0.0	0.0	999.0
neg_015581	0.0	None	0.0	0.0	999.0
neg_004315	0.0	None	0.0	0.0	999.0
neg_005402	0.0	None	0.0	0.0	999.0
neg_001449	0.0	None	0.0	0.0	999.0
neg_016812	0.0	None	0.0	0.0	999.0
neg_007073	0.0	None	0.0	0.0	999.0
neg_011773	0.0	None	0.0	0.0	999.0
neg_001464	0.0	None	0.0	0.0	999.0
neg_015615	0.0	None	0.0	0.0	999.0
neg_008201	0.0	None	0.0	0.0	999.0
neg_001308	0.0	None	0.0	0.0	999.0
neg_003277	0.0	None	0.0	0.0	999.0
neg_000425	0.0	None	0.0	0.0	999.0
neg_012132	0.0	None	0.0	0.0	999.0
neg_018258	0.0	None	0.0	0.0	999.0
neg_014707	0.0	None	0.0	0.0	999.0
neg_010113	0.0	None	0.0	0.0	999.0
neg_007081	0.0	None	0.0	0.0	999.0
neg_012135	0.0	None	0.0	0.0	999.0
neg_017816	0.0	None	0.0	0.0	999.0
neg_009055	0.0	None	0.0	0.0	999.0
neg_018400	0.0	None	0.0	0.0	999.0
neg_000459	10.4	Tpase_IS21	0.0	0.0	0.049
neg_005844	0.0	None	0.0	0.0	999.0
neg_015770	0.0	None	0.0	0.0	999.0
neg_007688	0.0	None	0.0	0.0	999.0
neg_009836	0.0	None	0.0	0.0	999.0
neg_000182	0.0	None	0.0	0.0	999.0
neg_013281	0.0	None	0.0	0.0	999.0
neg_016446	0.0	None	0.0	0.0	999.0
neg_014347	0.0	None	0.0	0.0	999.0
neg_003573	0.0	None	0.0	0.0	999.0
neg_006937	0.0	None	0.0	0.0	999.0
neg_016411	0.0	None	0.0	0.0	999.0
neg_000282	0.0	None	0.0	0.0	999.0
neg_018874	0.0	None	0.0	0.0	999.0
neg_006875	0.0	None	0.0	0.0	999.0
neg_010479	0.0	None	0.0	0.0	999.0
neg_018591	0.0	None	0.0	0.0	999.0
neg_017657	0.0	None	0.0	0.0	999.0
neg_015133	0.0	None	0.0	0.0	999.0
neg_013019	0.0	None	0.0	0.0	999.0
neg_017730	207.7	Tpase_IS110	0.0	0.0	5.5e-62
neg_020233	0.0	None	0.0	0.0	999.0
neg_016232	0.0	None	0.0	0.0	999.0
neg_005024	0.0	None	0.0	0.0	999.0
neg_009567	0.0	None	0.0	0.0	999.0
neg_019419	0.0	None	0.0	0.0	999.0
neg_005166	0.0	None	0.0	0.0	999.0
neg_004356	0.0	None	0.0	0.0	999.0
neg_020621	0.0	None	0.0	0.0	999.0
neg_002700	0.0	None	0.0	0.0	999.0
neg_009045	0.0	None	0.0	0.0	999.0
neg_002506	0.0	None	0.0	0.0	999.0
neg_006844	0.0	None	0.0	0.0	999.0
neg_005579	0.0	None	0.0	0.0	999.0
neg_004255	0.0	None	0.0	0.0	999.0
neg_012927	0.0	None	0.0	0.0	999.0
neg_009378	0.0	None	0.0	0.0	999.0
neg_016480	0.0	None	0.0	0.0	999.0
neg_012706	0.0	None	0.0	0.0	999.0
neg_015195	0.0	None	0.0	0.0	999.0
neg_011175	0.0	None	0.0	0.0	999.0
neg_011215	0.0	None	0.0	0.0	999.0
neg_011064	0.0	None	0.0	0.0	999.0
neg_006079	0.0	None	0.0	0.0	999.0
neg_000778	0.0	None	0.0	0.0	999.0
neg_005609	0.0	None	0.0	0.0	999.0
neg_002361	0.0	None	0.0	0.0	999.0
neg_011186	0.0	None	0.0	0.0	999.0
neg_000249	0.0	None	0.0	0.0	999.0
neg_008716	0.0	None	0.0	0.0	999.0
neg_011842	0.0	None	0.0	0.0	999.0
neg_008522	0.0	None	0.0	0.0	999.0
neg_004849	0.0	None	0.0	0.0	999.0
neg_011544	0.0	None	0.0	0.0	999.0
neg_015180	0.0	None	0.0	0.0	999.0
neg_007149	0.0	None	0.0	0.0	999.0
neg_017602	0.0	None	0.0	0.0	999.0
neg_003982	0.0	None	0.0	0.0	999.0
neg_021157	0.0	None	0.0	0.0	999.0
neg_010242	0.0	None	0.0	0.0	999.0
neg_006755	0.0	None	0.0	0.0	999.0
neg_005980	0.0	None	0.0	0.0	999.0
neg_018010	0.0	None	0.0	0.0	999.0
neg_002854	0.0	None	0.0	0.0	999.0
neg_018578	0.0	None	0.0	0.0	999.0
neg_014378	0.0	None	0.0	0.0	999.0
neg_017844	0.0	None	0.0	0.0	999.0
neg_015578	0.0	None	0.0	0.0	999.0
neg_020746	0.0	None	0.0	0.0	999.0
neg_010736	0.0	None	0.0	0.0	999.0
neg_017333	18.6	Tpase_IS1595	0.0	0.0	0.00023
neg_014427	0.0	None	0.0	0.0	999.0
neg_004426	0.0	None	0.0	0.0	999.0
neg_014564	0.0	None	0.0	0.0	999.0
neg_016138	0.0	None	0.0	0.0	999.0
neg_017514	0.0	None	0.0	0.0	999.0
neg_002484	0.0	None	0.0	0.0	999.0
neg_001734	0.0	None	0.0	0.0	999.0
neg_014761	0.0	None	0.0	0.0	999.0
neg_014629	0.0	None	0.0	0.0	999.0
neg_000726	0.0	None	0.0	0.0	999.0
neg_016125	0.0	None	0.0	0.0	999.0
neg_015007	0.0	None	0.0	0.0	999.0
neg_005404	0.0	None	0.0	0.0	999.0
neg_009904	0.0	None	0.0	0.0	999.0
neg_009990	0.0	None	0.0	0.0	999.0
neg_003033	0.0	None	0.0	0.0	999.0
neg_005425	0.0	None	0.0	0.0	999.0
neg_007603	0.0	None	0.0	0.0	999.0
neg_008323	0.0	None	0.0	0.0	999.0
neg_020873	0.0	None	0.0	0.0	999.0
neg_000181	0.0	None	0.0	0.0	999.0
neg_012659	0.0	None	0.0	0.0	999.0
neg_012161	0.0	None	0.0	0.0	999.0
neg_001176	0.0	None	0.0	0.0	999.0
neg_008829	0.0	None	0.0	0.0	999.0
neg_002264	0.0	None	0.0	0.0	999.0
neg_005897	0.0	None	0.0	0.0	999.0
neg_002379	0.0	None	0.0	0.0	999.0
neg_007978	0.0	None	0.0	0.0	999.0
neg_007707	0.0	None	0.0	0.0	999.0
neg_008128	0.0	None	0.0	0.0	999.0
neg_002386	0.0	None	0.0	0.0	999.0
neg_020628	0.0	None	0.0	0.0	999.0
neg_009772	0.0	None	0.0	0.0	999.0
neg_005630	0.0	None	0.0	0.0	999.0
neg_014789	0.0	None	0.0	0.0	999.0
neg_019183	0.0	None	0.0	0.0	999.0
neg_001800	0.0	None	0.0	0.0	999.0
neg_017693	0.0	None	0.0	0.0	999.0
neg_004132	0.0	None	0.0	0.0	999.0
neg_007638	0.0	None	0.0	0.0	999.0
neg_015427	0.0	None	0.0	0.0	999.0
neg_007821	0.0	None	0.0	0.0	999.0
neg_001937	0.0	None	0.0	0.0	999.0
neg_019181	0.0	None	0.0	0.0	999.0
neg_008942	0.0	None	0.0	0.0	999.0
neg_017520	0.0	None	0.0	0.0	999.0
neg_000473	0.0	None	0.0	0.0	999.0
neg_006772	0.0	None	0.0	0.0	999.0
neg_004704	0.0	None	0.0	0.0	999.0
neg_017215	0.0	None	0.0	0.0	999.0
neg_020849	0.0	None	0.0	0.0	999.0
neg_013523	0.0	None	0.0	0.0	999.0
neg_018645	0.0	None	0.0	0.0	999.0
neg_011650	0.0	None	0.0	0.0	999.0
neg_011651	0.0	None	0.0	0.0	999.0
neg_006939	0.0	None	0.0	0.0	999.0
neg_012806	0.0	None	0.0	0.0	999.0
neg_017427	0.0	None	0.0	0.0	999.0
neg_016021	0.0	None	0.0	0.0	999.0
neg_014803	0.0	None	0.0	0.0	999.0
neg_000768	0.0	None	0.0	0.0	999.0
neg_002170	0.0	None	0.0	0.0	999.0
neg_002987	0.0	None	0.0	0.0	999.0
neg_012335	0.0	None	0.0	0.0	999.0
neg_015480	0.0	None	0.0	0.0	999.0
neg_003226	0.0	None	0.0	0.0	999.0
neg_006348	0.0	None	0.0	0.0	999.0
neg_009133	0.0	None	0.0	0.0	999.0
neg_006706	0.0	None	0.0	0.0	999.0
neg_011004	0.0	None	0.0	0.0	999.0
neg_008402	0.0	None	0.0	0.0	999.0
neg_010505	0.0	None	0.0	0.0	999.0
neg_016390	0.0	None	0.0	0.0	999.0
neg_003781	0.0	None	0.0	0.0	999.0
neg_002768	0.0	None	0.0	0.0	999.0
neg_016547	0.0	None	0.0	0.0	999.0
neg_001216	0.0	None	0.0	0.0	999.0
neg_012223	0.0	None	0.0	0.0	999.0
neg_005982	0.0	None	0.0	0.0	999.0
neg_003609	0.0	None	0.0	0.0	999.0
neg_017625	0.0	None	0.0	0.0	999.0
neg_013966	0.0	None	0.0	0.0	999.0
neg_007766	0.0	None	0.0	0.0	999.0
neg_004765	0.0	None	0.0	0.0	999.0
neg_014333	0.0	None	0.0	0.0	999.0
neg_017630	0.0	None	0.0	0.0	999.0
neg_010934	0.0	None	0.0	0.0	999.0
neg_005915	0.0	None	0.0	0.0	999.0
neg_017704	0.0	None	0.0	0.0	999.0
neg_015956	0.0	None	0.0	0.0	999.0
neg_001466	0.0	None	0.0	0.0	999.0
neg_008659	0.0	None	0.0	0.0	999.0
neg_017747	0.0	None	0.0	0.0	999.0
neg_000356	0.0	None	0.0	0.0	999.0
neg_020142	0.0	None	0.0	0.0	999.0
neg_012214	0.0	None	0.0	0.0	999.0
neg_008513	0.0	None	0.0	0.0	999.0
neg_011169	0.0	None	0.0	0.0	999.0
neg_009828	0.0	None	0.0	0.0	999.0
neg_006596	0.0	None	0.0	0.0	999.0
neg_002989	0.0	None	0.0	0.0	999.0
neg_004101	3.8	Tpase_IS1182	0.0	0.0	5.1
neg_005857	0.0	None	0.0	0.0	999.0
neg_016213	0.0	None	0.0	0.0	999.0
neg_000876	0.0	None	0.0	0.0	999.0
neg_008996	0.0	None	0.0	0.0	999.0
neg_020021	0.0	None	0.0	0.0	999.0
neg_020515	0.0	None	0.0	0.0	999.0
neg_013784	0.0	None	0.0	0.0	999.0
neg_005678	0.0	None	0.0	0.0	999.0
neg_018066	0.0	None	0.0	0.0	999.0
neg_014505	0.0	None	0.0	0.0	999.0
neg_009673	0.0	None	0.0	0.0	999.0
neg_013124	0.0	None	0.0	0.0	999.0
neg_019471	0.0	None	0.0	0.0	999.0
neg_006872	0.0	None	0.0	0.0	999.0
neg_012616	0.0	None	0.0	0.0	999.0
neg_019479	0.0	None	0.0	0.0	999.0
neg_009359	0.0	None	0.0	0.0	999.0
neg_020013	0.0	None	0.0	0.0	999.0
neg_010414	0.0	None	0.0	0.0	999.0
neg_011061	0.0	None	0.0	0.0	999.0
neg_001664	0.0	None	0.0	0.0	999.0
neg_009061	0.0	None	0.0	0.0	999.0
neg_014361	0.0	None	0.0	0.0	999.0
neg_005871	0.0	None	0.0	0.0	999.0
neg_011216	0.0	None	0.0	0.0	999.0
neg_004986	0.0	None	0.0	0.0	999.0
neg_004312	0.0	None	0.0	0.0	999.0
neg_000208	0.0	None	0.0	0.0	999.0
neg_020462	0.0	None	0.0	0.0	999.0
neg_005333	0.0	None	0.0	0.0	999.0
neg_020758	0.0	None	0.0	0.0	999.0
neg_010862	0.0	None	0.0	0.0	999.0
neg_006697	0.0	None	0.0	0.0	999.0
neg_008428	0.0	None	0.0	0.0	999.0
neg_002194	0.0	None	0.0	0.0	999.0
neg_003574	0.0	None	0.0	0.0	999.0
neg_015812	0.0	None	0.0	0.0	999.0
neg_020075	0.0	None	0.0	0.0	999.0
neg_014927	0.0	None	0.0	0.0	999.0
neg_017140	0.0	None	0.0	0.0	999.0
neg_012435	0.0	None	0.0	0.0	999.0
neg_006428	0.0	None	0.0	0.0	999.0
neg_002186	0.0	None	0.0	0.0	999.0
neg_015528	0.0	None	0.0	0.0	999.0
neg_016029	0.0	None	0.0	0.0	999.0
neg_014341	0.0	None	0.0	0.0	999.0
neg_018093	0.0	None	0.0	0.0	999.0
neg_000402	0.0	None	0.0	0.0	999.0
neg_016899	0.0	None	0.0	0.0	999.0
neg_020365	0.0	None	0.0	0.0	999.0
neg_013928	0.0	None	0.0	0.0	999.0
neg_003040	0.0	None	0.0	0.0	999.0
neg_020975	0.0	None	0.0	0.0	999.0
neg_007034	0.0	None	0.0	0.0	999.0
neg_018479	0.0	None	0.0	0.0	999.0
neg_005456	0.0	None	0.0	0.0	999.0
neg_007160	0.0	None	0.0	0.0	999.0
neg_003682	0.0	None	0.0	0.0	999.0
neg_008833	0.0	None	0.0	0.0	999.0
neg_020879	0.0	None	0.0	0.0	999.0
neg_015279	0.0	None	0.0	0.0	999.0
neg_012131	0.0	None	0.0	0.0	999.0
neg_002721	0.0	None	0.0	0.0	999.0
neg_016631	0.0	None	0.0	0.0	999.0
neg_001024	0.0	None	0.0	0.0	999.0
neg_013502	0.0	None	0.0	0.0	999.0
neg_006086	0.0	None	0.0	0.0	999.0
neg_020346	0.0	None	0.0	0.0	999.0
neg_016609	0.0	None	0.0	0.0	999.0
neg_008135	0.0	None	0.0	0.0	999.0
neg_008808	28.1	Tpase_IS607	0.0	0.0	2.5e-7
neg_019475	0.0	None	0.0	0.0	999.0
neg_005923	0.0	None	0.0	0.0	999.0
neg_017859	0.0	None	0.0	0.0	999.0
neg_008644	0.0	None	0.0	0.0	999.0
neg_019984	0.0	None	0.0	0.0	999.0
neg_011341	0.0	None	0.0	0.0	999.0
neg_008577	0.0	None	0.0	0.0	999.0
neg_012016	0.0	None	0.0	0.0	999.0
neg_006384	0.0	None	0.0	0.0	999.0
neg_010885	0.0	None	0.0	0.0	999.0
neg_003685	0.0	None	0.0	0.0	999.0
neg_006949	0.0	None	0.0	0.0	999.0
neg_016206	0.0	None	0.0	0.0	999.0
neg_012610	0.0	None	0.0	0.0	999.0
neg_020571	0.0	None	0.0	0.0	999.0
neg_007232	0.0	None	0.0	0.0	999.0
neg_010516	0.0	None	0.0	0.0	999.0
neg_020908	0.0	None	0.0	0.0	999.0
neg_012725	0.0	None	0.0	0.0	999.0
neg_012402	0.0	None	0.0	0.0	999.0
neg_019020	0.0	None	0.0	0.0	999.0
neg_005932	0.0	None	0.0	0.0	999.0
neg_014592	0.0	None	0.0	0.0	999.0
neg_008439	0.0	None	0.0	0.0	999.0
neg_001810	0.0	None	0.0	0.0	999.0
neg_016939	0.0	None	0.0	0.0	999.0
neg_002882	0.0	None	0.0	0.0	999.0
neg_018908	0.0	None	0.0	0.0	999.0
neg_001134	0.0	None	0.0	0.0	999.0
neg_007021	0.0	None	0.0	0.0	999.0
neg_020631	0.0	None	0.0	0.0	999.0
neg_020077	0.0	None	0.0	0.0	999.0
neg_010555	0.0	None	0.0	0.0	999.0
neg_019528	0.0	None	0.0	0.0	999.0
neg_012080	0.0	None	0.0	0.0	999.0
neg_018837	0.0	None	0.0	0.0	999.0
neg_003522	0.0	None	0.0	0.0	999.0
neg_018331	0.0	None	0.0	0.0	999.0
neg_000336	0.0	None	0.0	0.0	999.0
neg_006945	0.0	None	0.0	0.0	999.0
neg_018275	0.0	None	0.0	0.0	999.0
neg_014398	0.0	None	0.0	0.0	999.0
neg_017529	0.0	None	0.0	0.0	999.0
neg_010338	0.0	None	0.0	0.0	999.0
neg_006978	0.0	None	0.0	0.0	999.0
neg_019256	0.0	None	0.0	0.0	999.0
neg_010739	0.0	None	0.0	0.0	999.0
neg_016257	0.0	None	0.0	0.0	999.0
neg_000148	0.0	None	0.0	0.0	999.0
neg_003526	0.0	None	0.0	0.0	999.0
neg_006385	0.0	None	0.0	0.0	999.0
neg_003969	0.0	None	0.0	0.0	999.0
neg_013455	0.0	None	0.0	0.0	999.0
neg_001850	0.0	None	0.0	0.0	999.0
neg_001905	0.0	None	0.0	0.0	999.0
neg_020311	0.0	None	0.0	0.0	999.0
neg_009057	0.0	None	0.0	0.0	999.0
neg_005273	0.0	None	0.0	0.0	999.0
neg_013697	0.0	None	0.0	0.0	999.0
neg_011876	0.0	None	0.0	0.0	999.0
neg_005219	0.0	None	0.0	0.0	999.0
neg_017649	0.0	None	0.0	0.0	999.0
neg_018594	0.0	None	0.0	0.0	999.0
neg_010867	0.0	None	0.0	0.0	999.0
neg_019353	0.0	None	0.0	0.0	999.0
neg_005346	0.0	None	0.0	0.0	999.0
neg_010914	0.0	None	0.0	0.0	999.0
neg_019730	0.0	None	0.0	0.0	999.0
neg_008769	0.0	None	0.0	0.0	999.0
neg_012703	0.0	None	0.0	0.0	999.0
neg_017421	0.0	None	0.0	0.0	999.0
neg_009889	0.0	None	0.0	0.0	999.0
neg_000675	0.0	None	0.0	0.0	999.0
neg_014861	0.0	None	0.0	0.0	999.0
neg_011742	0.0	None	0.0	0.0	999.0
neg_018294	0.0	None	0.0	0.0	999.0
neg_020379	0.0	None	0.0	0.0	999.0
neg_016036	0.0	None	0.0	0.0	999.0
neg_012137	0.0	None	0.0	0.0	999.0
neg_013280	0.0	None	0.0	0.0	999.0
neg_006847	0.0	None	0.0	0.0	999.0
neg_008492	0.0	None	0.0	0.0	999.0
neg_014069	0.0	None	0.0	0.0	999.0
neg_008931	0.0	None	0.0	0.0	999.0
neg_017073	0.0	None	0.0	0.0	999.0
neg_010407	0.0	None	0.0	0.0	999.0
neg_021050	0.0	None	0.0	0.0	999.0
neg_007142	0.0	None	0.0	0.0	999.0
neg_004967	0.0	None	0.0	0.0	999.0
neg_018759	0.0	None	0.0	0.0	999.0
neg_017439	0.0	None	0.0	0.0	999.0
neg_008680	0.0	None	0.0	0.0	999.0
neg_001553	0.0	None	0.0	0.0	999.0
neg_018383	0.0	None	0.0	0.0	999.0
neg_005832	0.0	None	0.0	0.0	999.0
neg_006200	0.0	None	0.0	0.0	999.0
neg_000818	0.0	None	0.0	0.0	999.0
neg_015704	0.0	None	0.0	0.0	999.0
neg_013177	0.0	None	0.0	0.0	999.0
neg_016816	0.0	None	0.0	0.0	999.0
neg_002990	0.0	None	0.0	0.0	999.0
neg_015147	0.0	None	0.0	0.0	999.0
neg_008544	0.0	None	0.0	0.0	999.0
neg_000837	0.0	None	0.0	0.0	999.0
neg_000039	0.0	None	0.0	0.0	999.0
neg_014985	0.0	None	0.0	0.0	999.0
neg_015289	0.0	None	0.0	0.0	999.0
neg_004981	0.0	None	0.0	0.0	999.0
neg_010941	0.0	None	0.0	0.0	999.0
neg_018064	0.0	None	0.0	0.0	999.0
neg_007666	0.0	None	0.0	0.0	999.0
neg_011724	0.0	None	0.0	0.0	999.0
neg_000329	0.0	None	0.0	0.0	999.0
neg_007215	0.0	None	0.0	0.0	999.0
neg_010437	0.0	None	0.0	0.0	999.0
neg_019196	0.0	None	0.0	0.0	999.0
neg_020945	0.0	None	0.0	0.0	999.0
neg_017889	0.0	None	0.0	0.0	999.0
neg_010996	0.0	None	0.0	0.0	999.0
neg_007796	0.0	None	0.0	0.0	999.0
neg_004603	0.0	None	0.0	0.0	999.0
neg_001052	0.0	None	0.0	0.0	999.0
neg_003611	0.0	None	0.0	0.0	999.0
neg_011145	0.0	None	0.0	0.0	999.0
neg_007394	0.0	None	0.0	0.0	999.0
neg_017302	0.0	None	0.0	0.0	999.0
neg_020666	0.0	None	0.0	0.0	999.0
neg_019747	0.0	None	0.0	0.0	999.0
neg_017996	0.0	None	0.0	0.0	999.0
neg_009079	0.0	None	0.0	0.0	999.0
neg_001938	0.0	None	0.0	0.0	999.0
neg_004322	0.0	None	0.0	0.0	999.0
neg_020788	0.0	None	0.0	0.0	999.0
neg_015591	0.0	None	0.0	0.0	999.0
neg_000095	0.0	None	0.0	0.0	999.0
neg_003796	0.0	None	0.0	0.0	999.0
neg_019850	0.0	None	0.0	0.0	999.0
neg_008000	0.0	None	0.0	0.0	999.0
neg_012834	0.0	None	0.0	0.0	999.0
neg_001838	0.0	None	0.0	0.0	999.0
neg_006512	0.0	None	0.0	0.0	999.0
neg_017954	0.0	None	0.0	0.0	999.0
neg_006972	0.0	None	0.0	0.0	999.0
neg_013150	0.0	None	0.0	0.0	999.0
neg_014519	0.0	None	0.0	0.0	999.0
neg_014580	0.0	None	0.0	0.0	999.0
neg_010949	0.0	None	0.0	0.0	999.0
neg_010096	0.0	None	0.0	0.0	999.0
neg_006128	0.0	None	0.0	0.0	999.0
neg_013715	0.0	None	0.0	0.0	999.0
neg_006998	0.0	None	0.0	0.0	999.0
neg_014688	0.0	None	0.0	0.0	999.0
neg_009652	0.0	None	0.0	0.0	999.0
neg_010226	0.0	None	0.0	0.0	999.0
neg_004878	0.0	None	0.0	0.0	999.0
neg_001567	0.0	None	0.0	0.0	999.0
neg_018935	0.0	None	0.0	0.0	999.0
neg_008459	0.0	None	0.0	0.0	999.0
neg_020573	0.0	None	0.0	0.0	999.0
neg_012468	0.0	None	0.0	0.0	999.0
neg_010457	0.0	None	0.0	0.0	999.0
neg_014233	0.0	None	0.0	0.0	999.0
neg_020435	0.0	None	0.0	0.0	999.0
neg_013484	0.0	None	0.0	0.0	999.0
neg_008923	0.0	None	0.0	0.0	999.0
neg_014380	0.0	None	0.0	0.0	999.0
neg_008750	0.0	None	0.0	0.0	999.0
neg_016346	0.0	None	0.0	0.0	999.0
neg_005578	0.0	None	0.0	0.0	999.0
neg_012474	0.0	None	0.0	0.0	999.0
neg_011686	0.0	None	0.0	0.0	999.0
neg_016743	0.0	None	0.0	0.0	999.0
neg_019025	0.0	None	0.0	0.0	999.0
neg_004164	0.0	None	0.0	0.0	999.0
neg_016271	0.0	None	0.0	0.0	999.0
neg_000903	0.0	None	0.0	0.0	999.0
neg_008363	0.0	None	0.0	0.0	999.0
neg_009517	0.0	None	0.0	0.0	999.0
neg_007931	0.0	None	0.0	0.0	999.0
neg_016634	0.0	None	0.0	0.0	999.0
neg_019227	0.0	None	0.0	0.0	999.0
neg_020699	0.0	None	0.0	0.0	999.0
neg_004640	0.0	None	0.0	0.0	999.0
neg_010673	0.0	None	0.0	0.0	999.0
neg_001333	0.0	None	0.0	0.0	999.0
neg_007249	0.0	None	0.0	0.0	999.0
neg_008748	0.0	None	0.0	0.0	999.0
neg_004089	0.0	None	0.0	0.0	999.0
neg_013249	0.0	None	0.0	0.0	999.0
neg_014203	0.0	None	0.0	0.0	999.0
neg_019812	0.0	None	0.0	0.0	999.0
neg_018422	0.0	None	0.0	0.0	999.0
neg_004769	0.0	None	0.0	0.0	999.0
neg_013085	0.0	None	0.0	0.0	999.0
neg_017778	0.0	None	0.0	0.0	999.0
neg_019637	0.0	None	0.0	0.0	999.0
neg_009667	0.0	None	0.0	0.0	999.0
neg_017237	0.0	None	0.0	0.0	999.0
neg_007098	0.0	None	0.0	0.0	999.0
neg_001886	0.0	None	0.0	0.0	999.0
neg_008766	0.0	None	0.0	0.0	999.0
neg_014921	0.0	None	0.0	0.0	999.0
neg_013543	0.0	None	0.0	0.0	999.0
neg_013334	0.0	None	0.0	0.0	999.0
neg_014035	0.0	None	0.0	0.0	999.0
neg_012307	0.0	None	0.0	0.0	999.0
neg_011515	0.0	None	0.0	0.0	999.0
neg_002298	0.0	None	0.0	0.0	999.0
neg_014702	0.0	None	0.0	0.0	999.0
neg_003823	0.0	None	0.0	0.0	999.0
neg_013011	0.0	None	0.0	0.0	999.0
neg_004151	0.0	None	0.0	0.0	999.0
neg_003065	0.0	None	0.0	0.0	999.0
neg_015508	0.0	None	0.0	0.0	999.0
neg_004625	0.0	None	0.0	0.0	999.0
neg_004084	0.0	None	0.0	0.0	999.0
neg_015090	0.0	None	0.0	0.0	999.0
neg_016023	0.0	None	0.0	0.0	999.0
neg_015231	0.0	None	0.0	0.0	999.0
neg_008765	0.0	None	0.0	0.0	999.0
neg_013638	0.0	None	0.0	0.0	999.0
neg_018103	0.0	None	0.0	0.0	999.0
neg_002578	0.0	None	0.0	0.0	999.0
neg_012789	0.0	None	0.0	0.0	999.0
neg_013557	0.0	None	0.0	0.0	999.0
neg_011414	0.0	None	0.0	0.0	999.0
neg_011407	0.0	None	0.0	0.0	999.0
neg_006429	0.0	None	0.0	0.0	999.0
neg_009358	0.0	None	0.0	0.0	999.0
neg_003474	0.0	None	0.0	0.0	999.0
neg_019485	0.0	None	0.0	0.0	999.0
neg_009745	0.0	None	0.0	0.0	999.0
neg_006088	0.0	None	0.0	0.0	999.0
neg_007004	0.0	None	0.0	0.0	999.0
neg_001227	0.0	None	0.0	0.0	999.0
neg_013012	0.0	None	0.0	0.0	999.0
neg_012564	0.0	None	0.0	0.0	999.0
neg_008542	0.0	None	0.0	0.0	999.0
neg_003345	0.0	None	0.0	0.0	999.0
neg_008717	0.0	None	0.0	0.0	999.0
neg_013656	0.0	None	0.0	0.0	999.0
neg_016425	0.0	None	0.0	0.0	999.0
neg_015526	0.0	None	0.0	0.0	999.0
neg_003857	0.0	None	0.0	0.0	999.0
neg_011369	0.0	None	0.0	0.0	999.0
neg_013519	0.0	None	0.0	0.0	999.0
neg_008737	0.0	None	0.0	0.0	999.0
neg_016117	0.0	None	0.0	0.0	999.0
neg_016457	0.0	None	0.0	0.0	999.0
neg_002921	0.0	None	0.0	0.0	999.0
neg_018096	0.0	None	0.0	0.0	999.0
neg_007888	0.0	None	0.0	0.0	999.0
neg_000163	0.0	None	0.0	0.0	999.0
neg_014866	0.0	None	0.0	0.0	999.0
neg_000218	0.0	None	0.0	0.0	999.0
neg_008173	0.0	None	0.0	0.0	999.0
neg_007527	0.0	None	0.0	0.0	999.0
neg_000261	0.0	None	0.0	0.0	999.0
neg_020886	0.0	None	0.0	0.0	999.0
neg_015605	0.0	None	0.0	0.0	999.0
neg_005890	0.0	None	0.0	0.0	999.0
neg_003041	0.0	None	0.0	0.0	999.0
neg_005117	0.0	None	0.0	0.0	999.0
neg_008308	0.0	None	0.0	0.0	999.0
neg_009966	0.0	None	0.0	0.0	999.0
neg_011994	0.0	None	0.0	0.0	999.0
neg_013470	0.0	None	0.0	0.0	999.0
neg_014915	0.0	None	0.0	0.0	999.0
neg_007057	0.0	None	0.0	0.0	999.0
neg_001345	0.0	None	0.0	0.0	999.0
neg_019473	0.0	None	0.0	0.0	999.0
neg_019815	0.0	None	0.0	0.0	999.0
neg_007298	0.0	None	0.0	0.0	999.0
neg_011684	0.0	None	0.0	0.0	999.0
neg_006686	0.0	None	0.0	0.0	999.0
neg_003890	0.0	None	0.0	0.0	999.0
neg_009304	0.0	None	0.0	0.0	999.0
neg_014572	0.0	None	0.0	0.0	999.0
neg_016016	0.0	None	0.0	0.0	999.0
neg_002900	0.0	None	0.0	0.0	999.0
neg_017967	0.0	None	0.0	0.0	999.0
neg_012972	0.0	None	0.0	0.0	999.0
neg_003205	0.0	None	0.0	0.0	999.0
neg_007865	0.0	None	0.0	0.0	999.0
neg_010140	0.0	None	0.0	0.0	999.0
neg_006206	0.0	None	0.0	0.0	999.0
neg_014906	0.0	None	0.0	0.0	999.0
neg_018504	0.0	None	0.0	0.0	999.0
neg_018700	0.0	None	0.0	0.0	999.0
neg_012718	0.0	None	0.0	0.0	999.0
neg_001649	0.0	None	0.0	0.0	999.0
neg_015832	0.0	None	0.0	0.0	999.0
neg_018092	0.0	None	0.0	0.0	999.0
neg_018717	0.0	None	0.0	0.0	999.0
neg_021070	0.0	None	0.0	0.0	999.0
neg_004051	0.0	None	0.0	0.0	999.0
neg_009771	0.0	None	0.0	0.0	999.0
neg_006407	0.0	None	0.0	0.0	999.0
neg_009251	0.0	None	0.0	0.0	999.0
neg_020545	0.0	None	0.0	0.0	999.0
neg_003437	0.0	None	0.0	0.0	999.0
neg_006582	0.0	None	0.0	0.0	999.0
neg_002672	0.0	None	0.0	0.0	999.0
neg_008003	0.0	None	0.0	0.0	999.0
neg_013493	0.0	None	0.0	0.0	999.0
neg_014490	0.0	None	0.0	0.0	999.0
neg_009925	0.0	None	0.0	0.0	999.0
neg_005713	0.0	None	0.0	0.0	999.0
neg_020721	0.0	None	0.0	0.0	999.0
neg_014964	0.0	None	0.0	0.0	999.0
neg_006712	0.0	None	0.0	0.0	999.0
neg_017744	0.0	None	0.0	0.0	999.0
neg_000542	0.0	None	0.0	0.0	999.0
neg_019208	0.0	None	0.0	0.0	999.0
neg_007302	0.0	None	0.0	0.0	999.0
neg_011496	0.0	None	0.0	0.0	999.0
neg_011655	0.0	None	0.0	0.0	999.0
neg_007705	0.0	None	0.0	0.0	999.0
neg_018742	0.0	None	0.0	0.0	999.0
neg_005725	0.0	None	0.0	0.0	999.0
neg_001229	0.0	None	0.0	0.0	999.0
neg_006809	0.0	None	0.0	0.0	999.0
neg_017289	0.0	None	0.0	0.0	999.0
neg_018769	0.0	None	0.0	0.0	999.0
neg_000536	0.0	None	0.0	0.0	999.0
neg_008848	0.0	None	0.0	0.0	999.0
neg_010741	0.0	None	0.0	0.0	999.0
neg_003752	0.0	None	0.0	0.0	999.0
neg_019054	0.0	None	0.0	0.0	999.0
neg_013330	0.0	None	0.0	0.0	999.0
neg_010125	0.0	None	0.0	0.0	999.0
neg_003477	0.0	None	0.0	0.0	999.0
neg_018640	0.0	None	0.0	0.0	999.0
neg_020680	0.0	None	0.0	0.0	999.0
neg_002373	0.0	None	0.0	0.0	999.0
neg_008461	0.0	None	0.0	0.0	999.0
neg_005481	0.0	None	0.0	0.0	999.0
neg_020569	0.0	None	0.0	0.0	999.0
neg_011613	0.0	None	0.0	0.0	999.0
neg_002628	0.0	None	0.0	0.0	999.0
neg_002279	0.0	None	0.0	0.0	999.0
neg_020309	0.0	None	0.0	0.0	999.0
neg_001795	0.0	None	0.0	0.0	999.0
neg_001296	0.0	None	0.0	0.0	999.0
neg_016662	0.0	None	0.0	0.0	999.0
neg_015280	0.0	None	0.0	0.0	999.0
neg_011986	0.0	None	0.0	0.0	999.0
neg_007685	0.0	None	0.0	0.0	999.0
neg_001169	0.0	None	0.0	0.0	999.0
neg_018690	0.0	None	0.0	0.0	999.0
neg_019539	0.0	None	0.0	0.0	999.0
neg_012267	0.0	None	0.0	0.0	999.0
neg_005281	0.0	None	0.0	0.0	999.0
neg_019039	0.0	None	0.0	0.0	999.0
neg_015595	0.0	None	0.0	0.0	999.0
neg_014374	0.0	None	0.0	0.0	999.0
neg_014518	0.0	None	0.0	0.0	999.0
neg_000298	0.0	None	0.0	0.0	999.0
neg_010569	0.0	None	0.0	0.0	999.0
neg_006441	0.0	None	0.0	0.0	999.0
neg_009474	0.0	None	0.0	0.0	999.0
neg_019769	0.0	None	0.0	0.0	999.0
neg_010301	0.0	None	0.0	0.0	999.0
neg_007677	0.0	None	0.0	0.0	999.0
neg_009839	0.0	None	0.0	0.0	999.0
neg_000087	0.0	None	0.0	0.0	999.0
neg_001733	0.0	None	0.0	0.0	999.0
neg_016658	0.0	None	0.0	0.0	999.0
neg_002993	0.0	None	0.0	0.0	999.0
neg_002332	0.0	None	0.0	0.0	999.0
neg_016327	0.0	None	0.0	0.0	999.0
neg_014617	0.0	None	0.0	0.0	999.0
neg_012704	0.0	None	0.0	0.0	999.0
neg_000713	0.0	None	0.0	0.0	999.0
neg_008391	0.0	None	0.0	0.0	999.0
neg_004090	0.0	None	0.0	0.0	999.0
neg_017797	0.0	None	0.0	0.0	999.0
neg_012605	0.0	None	0.0	0.0	999.0
neg_010271	0.0	None	0.0	0.0	999.0
neg_011970	0.0	None	0.0	0.0	999.0
neg_000285	0.0	None	0.0	0.0	999.0
neg_002736	0.0	None	0.0	0.0	999.0
neg_014937	0.0	None	0.0	0.0	999.0
neg_005436	0.0	None	0.0	0.0	999.0
neg_017240	0.0	None	0.0	0.0	999.0
neg_011841	0.0	None	0.0	0.0	999.0
neg_019176	0.0	None	0.0	0.0	999.0
neg_013955	0.0	None	0.0	0.0	999.0
neg_008303	0.0	None	0.0	0.0	999.0
neg_020843	0.0	None	0.0	0.0	999.0
neg_018907	0.0	None	0.0	0.0	999.0
neg_017342	0.0	None	0.0	0.0	999.0
neg_020410	0.0	None	0.0	0.0	999.0
neg_001643	0.0	None	0.0	0.0	999.0
neg_006402	0.0	None	0.0	0.0	999.0
neg_015727	0.0	None	0.0	0.0	999.0
neg_002444	0.0	None	0.0	0.0	999.0
neg_006436	0.0	None	0.0	0.0	999.0
neg_007164	0.0	None	0.0	0.0	999.0
neg_020005	0.0	None	0.0	0.0	999.0
neg_008584	0.0	None	0.0	0.0	999.0
neg_013057	0.0	None	0.0	0.0	999.0
neg_002724	0.0	None	0.0	0.0	999.0
neg_008548	0.0	None	0.0	0.0	999.0
neg_004747	0.0	None	0.0	0.0	999.0
neg_005532	0.0	None	0.0	0.0	999.0
neg_017067	0.0	None	0.0	0.0	999.0
neg_015619	0.0	None	0.0	0.0	999.0
neg_012053	0.0	None	0.0	0.0	999.0
neg_012495	0.0	None	0.0	0.0	999.0
neg_008490	0.0	None	0.0	0.0	999.0
neg_020552	0.0	None	0.0	0.0	999.0
neg_007419	0.0	None	0.0	0.0	999.0
neg_001717	0.0	None	0.0	0.0	999.0
neg_019226	0.0	None	0.0	0.0	999.0
neg_019370	0.0	None	0.0	0.0	999.0
neg_002087	0.0	None	0.0	0.0	999.0
neg_010028	0.0	None	0.0	0.0	999.0
neg_013964	0.0	None	0.0	0.0	999.0
neg_009646	0.0	None	0.0	0.0	999.0
neg_007884	0.0	None	0.0	0.0	999.0
neg_020601	0.0	None	0.0	0.0	999.0
neg_001171	0.0	None	0.0	0.0	999.0
neg_002294	0.0	None	0.0	0.0	999.0
neg_005759	0.0	None	0.0	0.0	999.0
neg_002718	0.0	None	0.0	0.0	999.0
neg_001764	0.0	None	0.0	0.0	999.0
neg_005938	0.0	None	0.0	0.0	999.0
neg_018247	0.0	None	0.0	0.0	999.0
neg_005875	0.0	None	0.0	0.0	999.0
neg_004871	0.0	None	0.0	0.0	999.0
neg_010054	0.0	None	0.0	0.0	999.0
neg_020703	0.0	None	0.0	0.0	999.0
neg_003795	0.0	None	0.0	0.0	999.0
neg_010217	0.0	None	0.0	0.0	999.0
neg_002203	0.0	None	0.0	0.0	999.0
neg_003782	0.0	None	0.0	0.0	999.0
neg_004512	0.0	None	0.0	0.0	999.0
neg_011456	0.0	None	0.0	0.0	999.0
neg_019224	0.0	None	0.0	0.0	999.0
neg_020510	0.0	None	0.0	0.0	999.0
neg_009579	0.0	None	0.0	0.0	999.0
neg_012145	0.0	None	0.0	0.0	999.0
neg_013382	0.0	None	0.0	0.0	999.0
neg_004200	0.0	None	0.0	0.0	999.0
neg_000828	0.0	None	0.0	0.0	999.0
neg_019875	0.0	None	0.0	0.0	999.0
neg_003127	0.0	None	0.0	0.0	999.0
neg_016186	0.0	None	0.0	0.0	999.0
neg_012820	0.0	None	0.0	0.0	999.0
neg_013282	0.0	None	0.0	0.0	999.0
neg_008929	0.0	None	0.0	0.0	999.0
neg_017640	0.0	None	0.0	0.0	999.0
neg_002693	0.0	None	0.0	0.0	999.0
neg_020308	0.0	None	0.0	0.0	999.0
neg_014141	0.0	None	0.0	0.0	999.0
neg_007942	0.0	None	0.0	0.0	999.0
neg_014308	0.0	None	0.0	0.0	999.0
neg_000921	0.0	None	0.0	0.0	999.0
neg_010940	0.0	None	0.0	0.0	999.0
neg_000250	0.0	None	0.0	0.0	999.0
neg_016688	0.0	None	0.0	0.0	999.0
neg_002966	0.0	None	0.0	0.0	999.0
neg_008182	0.0	None	0.0	0.0	999.0
neg_016705	0.0	None	0.0	0.0	999.0
neg_012571	0.0	None	0.0	0.0	999.0
neg_007454	0.0	None	0.0	0.0	999.0
neg_001638	0.0	None	0.0	0.0	999.0
neg_011617	0.0	None	0.0	0.0	999.0
neg_007445	0.0	None	0.0	0.0	999.0
neg_019690	0.0	None	0.0	0.0	999.0
neg_013876	0.0	None	0.0	0.0	999.0
neg_020564	0.0	None	0.0	0.0	999.0
neg_012654	0.0	None	0.0	0.0	999.0
neg_008563	0.0	None	0.0	0.0	999.0
neg_004445	0.0	None	0.0	0.0	999.0
neg_006336	0.0	None	0.0	0.0	999.0
neg_015914	0.0	None	0.0	0.0	999.0
neg_017874	0.0	None	0.0	0.0	999.0
neg_006254	0.0	None	0.0	0.0	999.0
neg_012482	0.0	None	0.0	0.0	999.0
neg_005031	0.0	None	0.0	0.0	999.0
neg_010991	0.0	None	0.0	0.0	999.0
neg_005417	0.0	None	0.0	0.0	999.0
neg_015564	0.0	None	0.0	0.0	999.0
neg_020325	0.0	None	0.0	0.0	999.0
neg_019496	0.0	None	0.0	0.0	999.0
neg_018961	0.0	None	0.0	0.0	999.0
neg_010720	0.0	None	0.0	0.0	999.0
neg_017178	0.0	None	0.0	0.0	999.0
neg_000914	0.0	None	0.0	0.0	999.0
neg_003222	0.0	None	0.0	0.0	999.0
neg_009472	0.0	None	0.0	0.0	999.0
neg_006503	0.0	None	0.0	0.0	999.0
neg_020798	0.0	None	0.0	0.0	999.0
neg_013679	0.0	None	0.0	0.0	999.0
neg_015149	0.0	None	0.0	0.0	999.0
neg_008486	0.0	None	0.0	0.0	999.0
neg_009408	0.0	None	0.0	0.0	999.0
neg_020441	0.0	None	0.0	0.0	999.0
neg_012925	0.0	None	0.0	0.0	999.0
neg_001635	0.0	None	0.0	0.0	999.0
neg_002814	0.0	None	0.0	0.0	999.0
neg_009736	0.0	None	0.0	0.0	999.0
neg_000666	0.0	None	0.0	0.0	999.0
neg_002372	0.0	None	0.0	0.0	999.0
neg_018977	0.0	None	0.0	0.0	999.0
neg_007689	0.0	None	0.0	0.0	999.0
neg_003466	0.0	None	0.0	0.0	999.0
neg_020968	0.0	None	0.0	0.0	999.0
neg_018652	0.0	None	0.0	0.0	999.0
neg_006126	0.0	None	0.0	0.0	999.0
neg_012942	0.0	None	0.0	0.0	999.0
neg_007107	0.0	None	0.0	0.0	999.0
neg_015501	0.0	None	0.0	0.0	999.0
neg_001908	0.0	None	0.0	0.0	999.0
neg_010188	0.0	None	0.0	0.0	999.0
neg_019173	0.0	None	0.0	0.0	999.0
neg_014679	11.8	Tpase_IS110	0.0	0.0	0.02
neg_004935	0.0	None	0.0	0.0	999.0
neg_016602	0.0	None	0.0	0.0	999.0
neg_001277	0.0	None	0.0	0.0	999.0
neg_017340	0.0	None	0.0	0.0	999.0
neg_016957	0.0	None	0.0	0.0	999.0
neg_018203	0.0	None	0.0	0.0	999.0
neg_010304	0.0	None	0.0	0.0	999.0
neg_005547	0.0	None	0.0	0.0	999.0
neg_002831	0.0	None	0.0	0.0	999.0
neg_003562	0.0	None	0.0	0.0	999.0
neg_001994	0.0	None	0.0	0.0	999.0
neg_000551	0.0	None	0.0	0.0	999.0
neg_010993	0.0	None	0.0	0.0	999.0
neg_009092	0.0	None	0.0	0.0	999.0
neg_015566	0.0	None	0.0	0.0	999.0
neg_021059	0.0	None	0.0	0.0	999.0
neg_003838	0.0	None	0.0	0.0	999.0
neg_004881	0.0	None	0.0	0.0	999.0
neg_019056	0.0	None	0.0	0.0	999.0
neg_003517	0.0	None	0.0	0.0	999.0
neg_008567	0.0	None	0.0	0.0	999.0
neg_004559	0.0	None	0.0	0.0	999.0
neg_006780	0.0	None	0.0	0.0	999.0
neg_004409	0.0	None	0.0	0.0	999.0
neg_019009	0.0	None	0.0	0.0	999.0
neg_016951	0.0	None	0.0	0.0	999.0
neg_006174	0.0	None	0.0	0.0	999.0
neg_006092	0.0	None	0.0	0.0	999.0
neg_018841	0.0	None	0.0	0.0	999.0
neg_012751	0.0	None	0.0	0.0	999.0
neg_011988	0.0	None	0.0	0.0	999.0
neg_008426	0.0	None	0.0	0.0	999.0
neg_002271	0.0	None	0.0	0.0	999.0
neg_004127	0.0	None	0.0	0.0	999.0
neg_018282	0.0	None	0.0	0.0	999.0
neg_014453	0.0	None	0.0	0.0	999.0
neg_006900	0.0	None	0.0	0.0	999.0
neg_017434	0.0	None	0.0	0.0	999.0
neg_014749	0.0	None	0.0	0.0	999.0
neg_018617	0.0	None	0.0	0.0	999.0
neg_014715	0.0	None	0.0	0.0	999.0
neg_016988	0.0	None	0.0	0.0	999.0
neg_006970	0.0	None	0.0	0.0	999.0
neg_002644	0.0	None	0.0	0.0	999.0
neg_008347	0.0	None	0.0	0.0	999.0
neg_008649	0.0	None	0.0	0.0	999.0
neg_007846	0.0	None	0.0	0.0	999.0
neg_010611	0.0	None	0.0	0.0	999.0
neg_014444	0.0	None	0.0	0.0	999.0
neg_013880	0.0	None	0.0	0.0	999.0
neg_012666	0.0	None	0.0	0.0	999.0
neg_008549	0.0	None	0.0	0.0	999.0
neg_006953	0.0	None	0.0	0.0	999.0
neg_007470	0.0	None	0.0	0.0	999.0
neg_000786	0.0	None	0.0	0.0	999.0
neg_018107	0.0	None	0.0	0.0	999.0
neg_004238	0.0	None	0.0	0.0	999.0
neg_020754	0.0	None	0.0	0.0	999.0
neg_017172	0.0	None	0.0	0.0	999.0
neg_005895	0.0	None	0.0	0.0	999.0
neg_013327	0.0	None	0.0	0.0	999.0
neg_015120	0.0	None	0.0	0.0	999.0
neg_012071	0.0	None	0.0	0.0	999.0
neg_005488	0.0	None	0.0	0.0	999.0
neg_006133	0.0	None	0.0	0.0	999.0
neg_019551	0.0	None	0.0	0.0	999.0
neg_010998	0.0	None	0.0	0.0	999.0
neg_017024	0.0	None	0.0	0.0	999.0
neg_011111	0.0	None	0.0	0.0	999.0
neg_021077	0.0	None	0.0	0.0	999.0
neg_014594	0.0	None	0.0	0.0	999.0
neg_006103	0.0	None	0.0	0.0	999.0
neg_001766	0.0	None	0.0	0.0	999.0
neg_000398	0.0	None	0.0	0.0	999.0
neg_018863	0.0	None	0.0	0.0	999.0
neg_000970	0.0	None	0.0	0.0	999.0
neg_018947	0.0	None	0.0	0.0	999.0
neg_009267	0.0	None	0.0	0.0	999.0
neg_019975	0.0	None	0.0	0.0	999.0
neg_004411	0.0	None	0.0	0.0	999.0
neg_018098	0.0	None	0.0	0.0	999.0
neg_007507	0.0	None	0.0	0.0	999.0
neg_004444	0.0	None	0.0	0.0	999.0
neg_011381	0.0	None	0.0	0.0	999.0
neg_004328	0.0	None	0.0	0.0	999.0
neg_016817	0.0	None	0.0	0.0	999.0
neg_009960	0.0	None	0.0	0.0	999.0
neg_001906	0.0	None	0.0	0.0	999.0
neg_002794	0.0	None	0.0	0.0	999.0
neg_016401	0.0	None	0.0	0.0	999.0
neg_007686	0.0	None	0.0	0.0	999.0
neg_005272	0.0	None	0.0	0.0	999.0
neg_000157	0.0	None	0.0	0.0	999.0
neg_011834	0.0	None	0.0	0.0	999.0
neg_008353	0.0	None	0.0	0.0	999.0
neg_014920	0.0	None	0.0	0.0	999.0
neg_014424	0.0	None	0.0	0.0	999.0
neg_001630	0.0	None	0.0	0.0	999.0
neg_004826	0.0	None	0.0	0.0	999.0
neg_006007	0.0	None	0.0	0.0	999.0
neg_001324	0.0	None	0.0	0.0	999.0
neg_003347	0.0	None	0.0	0.0	999.0
neg_010710	0.0	None	0.0	0.0	999.0
neg_012003	0.0	None	0.0	0.0	999.0
neg_018831	0.0	None	0.0	0.0	999.0
neg_012491	0.0	None	0.0	0.0	999.0
neg_005761	0.0	None	0.0	0.0	999.0
neg_011256	0.0	None	0.0	0.0	999.0
neg_016561	0.0	None	0.0	0.0	999.0
neg_020753	0.0	None	0.0	0.0	999.0
neg_011595	0.0	None	0.0	0.0	999.0
neg_001405	0.0	None	0.0	0.0	999.0
neg_000735	0.0	None	0.0	0.0	999.0
neg_004438	0.0	None	0.0	0.0	999.0
neg_017057	0.0	None	0.0	0.0	999.0
neg_002405	0.0	None	0.0	0.0	999.0
neg_013095	0.0	None	0.0	0.0	999.0
neg_009988	0.0	None	0.0	0.0	999.0
neg_004595	0.0	None	0.0	0.0	999.0
neg_014468	0.0	None	0.0	0.0	999.0
neg_018648	0.0	None	0.0	0.0	999.0
neg_005180	0.0	None	0.0	0.0	999.0
neg_013883	0.0	None	0.0	0.0	999.0
neg_020321	0.0	None	0.0	0.0	999.0
neg_014598	0.0	None	0.0	0.0	999.0
neg_015884	0.0	None	0.0	0.0	999.0
neg_017072	0.0	None	0.0	0.0	999.0
neg_012458	0.0	None	0.0	0.0	999.0
neg_004786	0.0	None	0.0	0.0	999.0
neg_005728	0.0	None	0.0	0.0	999.0
neg_018834	0.0	None	0.0	0.0	999.0
neg_016809	0.0	None	0.0	0.0	999.0
neg_005056	0.0	None	0.0	0.0	999.0
neg_003415	0.0	None	0.0	0.0	999.0
neg_015873	0.0	None	0.0	0.0	999.0
neg_014303	0.0	None	0.0	0.0	999.0
neg_012701	0.0	None	0.0	0.0	999.0
neg_005285	0.0	None	0.0	0.0	999.0
neg_016946	0.0	None	0.0	0.0	999.0
neg_008505	0.0	None	0.0	0.0	999.0
neg_005311	0.0	None	0.0	0.0	999.0
neg_007068	0.0	None	0.0	0.0	999.0
neg_003770	0.0	None	0.0	0.0	999.0
neg_002277	0.0	None	0.0	0.0	999.0
neg_014797	0.0	None	0.0	0.0	999.0
neg_000933	0.0	None	0.0	0.0	999.0
neg_016055	0.0	None	0.0	0.0	999.0
neg_008867	0.0	None	0.0	0.0	999.0
neg_011302	0.0	None	0.0	0.0	999.0
neg_000654	0.0	None	0.0	0.0	999.0
neg_018442	0.0	None	0.0	0.0	999.0
neg_012407	0.0	None	0.0	0.0	999.0
neg_008414	0.0	None	0.0	0.0	999.0
neg_014659	0.0	None	0.0	0.0	999.0
neg_010121	0.0	None	0.0	0.0	999.0
neg_015453	0.0	None	0.0	0.0	999.0
neg_005130	0.0	None	0.0	0.0	999.0
neg_016918	0.0	None	0.0	0.0	999.0
neg_007524	0.0	None	0.0	0.0	999.0
neg_011732	0.0	None	0.0	0.0	999.0
neg_002445	0.0	None	0.0	0.0	999.0
neg_016825	0.0	None	0.0	0.0	999.0
neg_012057	0.0	None	0.0	0.0	999.0
neg_010147	0.0	None	0.0	0.0	999.0
neg_004527	0.0	None	0.0	0.0	999.0
neg_009349	0.0	None	0.0	0.0	999.0
neg_008460	0.0	None	0.0	0.0	999.0
neg_002947	0.0	None	0.0	0.0	999.0
neg_005617	0.0	None	0.0	0.0	999.0
neg_018803	0.0	None	0.0	0.0	999.0
neg_015112	0.0	None	0.0	0.0	999.0
neg_001990	0.0	None	0.0	0.0	999.0
neg_009131	0.0	None	0.0	0.0	999.0
neg_018785	0.0	None	0.0	0.0	999.0
neg_017128	0.0	None	0.0	0.0	999.0
neg_018438	0.0	None	0.0	0.0	999.0
neg_009372	0.0	None	0.0	0.0	999.0
neg_010129	0.0	None	0.0	0.0	999.0
neg_003488	0.0	None	0.0	0.0	999.0
neg_013739	0.0	None	0.0	0.0	999.0
neg_000523	0.0	None	0.0	0.0	999.0
neg_000840	0.0	None	0.0	0.0	999.0
neg_017903	0.0	None	0.0	0.0	999.0
neg_001361	0.0	None	0.0	0.0	999.0
neg_010325	0.0	None	0.0	0.0	999.0
neg_006529	0.0	None	0.0	0.0	999.0
neg_005951	0.0	None	0.0	0.0	999.0
neg_004811	0.0	None	0.0	0.0	999.0
neg_010594	0.0	None	0.0	0.0	999.0
neg_012314	0.0	None	0.0	0.0	999.0
neg_018453	0.0	None	0.0	0.0	999.0
neg_009173	0.0	None	0.0	0.0	999.0
neg_008582	0.0	None	0.0	0.0	999.0
neg_018033	0.0	None	0.0	0.0	999.0
neg_019552	0.0	None	0.0	0.0	999.0
neg_010541	0.0	None	0.0	0.0	999.0
neg_011931	0.0	None	0.0	0.0	999.0
neg_021160	0.0	None	0.0	0.0	999.0
neg_020178	0.0	None	0.0	0.0	999.0
neg_002732	0.0	None	0.0	0.0	999.0
neg_018149	0.0	None	0.0	0.0	999.0
neg_009877	0.0	None	0.0	0.0	999.0
neg_014336	0.0	None	0.0	0.0	999.0
neg_004422	0.0	None	0.0	0.0	999.0
neg_005129	0.0	None	0.0	0.0	999.0
neg_011558	0.0	None	0.0	0.0	999.0
neg_001009	0.0	None	0.0	0.0	999.0
neg_002212	0.0	None	0.0	0.0	999.0
neg_014026	0.0	None	0.0	0.0	999.0
neg_011606	0.0	None	0.0	0.0	999.0
neg_019391	0.0	None	0.0	0.0	999.0
neg_020052	0.0	None	0.0	0.0	999.0
neg_018267	0.0	None	0.0	0.0	999.0
neg_014685	0.0	None	0.0	0.0	999.0
neg_000097	0.0	None	0.0	0.0	999.0
neg_004298	0.0	None	0.0	0.0	999.0
neg_000233	0.0	None	0.0	0.0	999.0
neg_019683	0.0	None	0.0	0.0	999.0
neg_010558	0.0	None	0.0	0.0	999.0
neg_007943	0.0	None	0.0	0.0	999.0
neg_011156	0.0	None	0.0	0.0	999.0
neg_010758	0.0	None	0.0	0.0	999.0
neg_013413	0.0	None	0.0	0.0	999.0
neg_006101	0.0	None	0.0	0.0	999.0
neg_013480	0.0	None	0.0	0.0	999.0
neg_005742	0.0	None	0.0	0.0	999.0
neg_010578	0.0	None	0.0	0.0	999.0
neg_018121	0.0	None	0.0	0.0	999.0
neg_012606	0.0	None	0.0	0.0	999.0
neg_011793	0.0	None	0.0	0.0	999.0
neg_011366	0.0	None	0.0	0.0	999.0
neg_000964	0.0	None	0.0	0.0	999.0
neg_006164	0.0	None	0.0	0.0	999.0
neg_012233	0.0	None	0.0	0.0	999.0
neg_017354	0.0	None	0.0	0.0	999.0
neg_008324	11.9	Tpase_IS110	0.0	0.0	0.019
neg_012290	0.0	None	0.0	0.0	999.0
neg_017887	0.0	None	0.0	0.0	999.0
neg_011181	0.0	None	0.0	0.0	999.0
neg_007855	0.0	None	0.0	0.0	999.0
neg_010817	0.0	None	0.0	0.0	999.0
neg_002553	0.0	None	0.0	0.0	999.0
neg_012365	0.0	None	0.0	0.0	999.0
neg_019641	0.0	None	0.0	0.0	999.0
neg_003647	0.0	None	0.0	0.0	999.0
neg_017658	0.0	None	0.0	0.0	999.0
neg_000939	0.0	None	0.0	0.0	999.0
neg_001668	0.0	None	0.0	0.0	999.0
neg_001240	0.0	None	0.0	0.0	999.0
neg_013223	0.0	None	0.0	0.0	999.0
neg_011131	0.0	None	0.0	0.0	999.0
neg_006617	0.0	None	0.0	0.0	999.0
neg_010864	0.0	None	0.0	0.0	999.0
neg_015257	0.0	None	0.0	0.0	999.0
neg_014847	0.0	None	0.0	0.0	999.0
neg_014480	0.0	None	0.0	0.0	999.0
neg_016287	0.0	None	0.0	0.0	999.0
neg_018758	0.0	None	0.0	0.0	999.0
neg_012807	0.0	None	0.0	0.0	999.0
neg_011019	0.0	None	0.0	0.0	999.0
neg_000410	0.0	None	0.0	0.0	999.0
neg_014365	0.0	None	0.0	0.0	999.0
neg_016005	0.0	None	0.0	0.0	999.0
neg_013607	0.0	None	0.0	0.0	999.0
neg_018387	0.0	None	0.0	0.0	999.0
neg_012530	0.0	None	0.0	0.0	999.0
neg_000379	0.0	None	0.0	0.0	999.0
neg_012032	0.0	None	0.0	0.0	999.0
neg_008877	0.0	None	0.0	0.0	999.0
neg_013530	0.0	None	0.0	0.0	999.0
neg_016305	0.0	None	0.0	0.0	999.0
neg_011125	0.0	None	0.0	0.0	999.0
neg_002060	7.4	Tpase_IS1182	0.0	0.0	0.42
neg_003153	0.0	None	0.0	0.0	999.0
neg_019943	0.0	None	0.0	0.0	999.0
neg_013449	0.0	None	0.0	0.0	999.0
neg_000222	0.0	None	0.0	0.0	999.0
neg_009260	0.0	None	0.0	0.0	999.0
neg_013379	0.0	None	0.0	0.0	999.0
neg_001251	0.0	None	0.0	0.0	999.0
neg_016230	0.0	None	0.0	0.0	999.0
neg_006983	0.0	None	0.0	0.0	999.0
neg_019794	0.0	None	0.0	0.0	999.0
neg_013618	0.0	None	0.0	0.0	999.0
neg_004388	0.0	None	0.0	0.0	999.0
neg_020943	0.0	None	0.0	0.0	999.0
neg_020964	0.0	None	0.0	0.0	999.0
neg_012766	0.0	None	0.0	0.0	999.0
neg_003306	0.0	None	0.0	0.0	999.0
neg_004325	0.0	None	0.0	0.0	999.0
neg_001253	0.0	None	0.0	0.0	999.0
neg_020603	0.0	None	0.0	0.0	999.0
neg_010341	0.0	None	0.0	0.0	999.0
neg_020567	0.0	None	0.0	0.0	999.0
neg_012331	0.0	None	0.0	0.0	999.0
neg_006421	0.0	None	0.0	0.0	999.0
neg_001873	0.0	None	0.0	0.0	999.0
neg_002209	0.0	None	0.0	0.0	999.0
neg_014615	0.0	None	0.0	0.0	999.0
neg_007578	0.0	None	0.0	0.0	999.0
neg_016448	0.0	None	0.0	0.0	999.0
neg_014482	0.0	None	0.0	0.0	999.0
neg_008406	0.0	None	0.0	0.0	999.0
neg_016106	0.0	None	0.0	0.0	999.0
neg_008724	0.0	None	0.0	0.0	999.0
neg_013991	0.0	None	0.0	0.0	999.0
neg_013060	0.0	None	0.0	0.0	999.0
neg_005113	0.0	None	0.0	0.0	999.0
neg_015677	0.0	None	0.0	0.0	999.0
neg_000245	0.0	None	0.0	0.0	999.0
neg_000277	0.0	None	0.0	0.0	999.0
neg_003541	0.0	None	0.0	0.0	999.0
neg_019184	0.0	None	0.0	0.0	999.0
neg_010288	0.0	None	0.0	0.0	999.0
neg_011113	0.0	None	0.0	0.0	999.0
neg_020047	0.0	None	0.0	0.0	999.0
neg_010432	0.0	None	0.0	0.0	999.0
neg_011784	0.0	None	0.0	0.0	999.0
neg_020794	0.0	None	0.0	0.0	999.0
neg_001168	0.0	None	0.0	0.0	999.0
neg_016052	0.0	None	0.0	0.0	999.0
neg_012512	0.0	None	0.0	0.0	999.0
neg_009154	0.0	None	0.0	0.0	999.0
neg_014032	0.0	None	0.0	0.0	999.0
neg_010348	0.0	None	0.0	0.0	999.0
neg_020196	0.0	None	0.0	0.0	999.0
neg_006115	0.0	None	0.0	0.0	999.0
neg_002094	0.0	None	0.0	0.0	999.0
neg_014484	0.0	None	0.0	0.0	999.0
neg_014034	0.0	None	0.0	0.0	999.0
neg_015015	0.0	None	0.0	0.0	999.0
neg_003242	0.0	None	0.0	0.0	999.0
neg_019327	0.0	None	0.0	0.0	999.0
neg_002120	0.0	None	0.0	0.0	999.0
neg_003800	0.0	None	0.0	0.0	999.0
neg_011546	0.0	None	0.0	0.0	999.0
neg_013487	0.0	None	0.0	0.0	999.0
neg_003080	0.0	None	0.0	0.0	999.0
neg_018309	0.0	None	0.0	0.0	999.0
neg_006332	0.0	None	0.0	0.0	999.0
neg_019806	0.0	None	0.0	0.0	999.0
neg_005820	0.0	None	0.0	0.0	999.0
neg_007815	0.0	None	0.0	0.0	999.0
neg_008149	0.0	None	0.0	0.0	999.0
neg_006732	0.0	None	0.0	0.0	999.0
neg_020078	0.0	None	0.0	0.0	999.0
neg_017588	0.0	None	0.0	0.0	999.0
neg_009563	0.0	None	0.0	0.0	999.0
neg_005049	0.0	None	0.0	0.0	999.0
neg_006986	0.0	None	0.0	0.0	999.0
neg_015074	0.0	None	0.0	0.0	999.0
neg_007879	0.0	None	0.0	0.0	999.0
neg_018519	0.0	None	0.0	0.0	999.0
neg_018573	0.0	None	0.0	0.0	999.0
neg_010748	0.0	None	0.0	0.0	999.0
neg_007544	0.0	None	0.0	0.0	999.0
neg_017845	0.0	None	0.0	0.0	999.0
neg_009851	0.0	None	0.0	0.0	999.0
neg_007423	0.0	None	0.0	0.0	999.0
neg_020797	0.0	None	0.0	0.0	999.0
neg_011985	0.0	None	0.0	0.0	999.0
neg_019993	0.0	None	0.0	0.0	999.0
neg_002371	0.0	None	0.0	0.0	999.0
neg_007563	0.0	None	0.0	0.0	999.0
neg_005927	0.0	None	0.0	0.0	999.0
neg_003618	0.0	None	0.0	0.0	999.0
neg_012091	0.0	None	0.0	0.0	999.0
neg_005069	0.0	None	0.0	0.0	999.0
neg_013862	0.0	None	0.0	0.0	999.0
neg_005872	0.0	None	0.0	0.0	999.0
neg_006528	0.0	None	0.0	0.0	999.0
neg_002438	0.0	None	0.0	0.0	999.0
neg_009000	0.0	None	0.0	0.0	999.0
neg_011029	0.0	None	0.0	0.0	999.0
neg_003493	0.0	None	0.0	0.0	999.0
neg_011142	0.0	None	0.0	0.0	999.0
neg_009876	0.0	None	0.0	0.0	999.0
neg_019729	0.0	None	0.0	0.0	999.0
neg_014418	0.0	None	0.0	0.0	999.0
neg_017044	0.0	None	0.0	0.0	999.0
neg_012825	0.0	None	0.0	0.0	999.0
neg_001452	0.0	None	0.0	0.0	999.0
neg_014612	0.0	None	0.0	0.0	999.0
neg_004875	0.0	None	0.0	0.0	999.0
neg_019078	0.0	None	0.0	0.0	999.0
neg_009874	0.0	None	0.0	0.0	999.0
neg_005379	0.0	None	0.0	0.0	999.0
neg_002682	0.0	None	0.0	0.0	999.0
neg_009657	0.0	None	0.0	0.0	999.0
neg_006552	0.0	None	0.0	0.0	999.0
neg_013743	0.0	None	0.0	0.0	999.0
neg_012598	0.0	None	0.0	0.0	999.0
neg_007671	0.0	None	0.0	0.0	999.0
neg_017437	0.0	None	0.0	0.0	999.0
neg_017799	0.0	None	0.0	0.0	999.0
neg_018928	0.0	None	0.0	0.0	999.0
neg_017094	0.0	None	0.0	0.0	999.0
neg_010229	0.0	None	0.0	0.0	999.0
neg_001514	0.0	None	0.0	0.0	999.0
neg_000585	0.0	None	0.0	0.0	999.0
neg_015078	0.0	None	0.0	0.0	999.0
neg_002759	0.0	None	0.0	0.0	999.0
neg_017511	0.0	None	0.0	0.0	999.0
neg_012698	0.0	None	0.0	0.0	999.0
neg_010585	0.0	None	0.0	0.0	999.0
neg_016542	0.0	None	0.0	0.0	999.0
neg_008080	0.0	None	0.0	0.0	999.0
neg_015471	0.0	None	0.0	0.0	999.0
neg_012218	0.0	None	0.0	0.0	999.0
neg_013034	0.0	None	0.0	0.0	999.0
neg_010102	0.0	None	0.0	0.0	999.0
neg_004228	0.0	None	0.0	0.0	999.0
neg_003272	0.0	None	0.0	0.0	999.0
neg_020617	0.0	None	0.0	0.0	999.0
neg_009869	0.0	None	0.0	0.0	999.0
neg_018356	0.0	None	0.0	0.0	999.0
neg_010487	0.0	None	0.0	0.0	999.0
neg_002007	0.0	None	0.0	0.0	999.0
neg_005499	0.0	None	0.0	0.0	999.0
neg_009169	0.0	None	0.0	0.0	999.0
neg_015013	0.0	None	0.0	0.0	999.0
neg_000793	0.0	None	0.0	0.0	999.0
neg_010082	0.0	None	0.0	0.0	999.0
neg_003583	0.0	None	0.0	0.0	999.0
neg_002522	0.0	None	0.0	0.0	999.0
neg_007023	0.0	None	0.0	0.0	999.0
neg_018731	0.0	None	0.0	0.0	999.0
neg_019449	0.0	None	0.0	0.0	999.0
neg_015853	0.0	None	0.0	0.0	999.0
neg_005983	0.0	None	0.0	0.0	999.0
neg_016083	0.0	None	0.0	0.0	999.0
neg_012547	0.0	None	0.0	0.0	999.0
neg_017828	0.0	None	0.0	0.0	999.0
neg_004021	0.0	None	0.0	0.0	999.0
neg_008221	0.0	None	0.0	0.0	999.0
neg_017565	0.0	None	0.0	0.0	999.0
neg_012750	0.0	None	0.0	0.0	999.0
neg_000824	0.0	None	0.0	0.0	999.0
neg_012368	0.0	None	0.0	0.0	999.0
neg_015991	0.0	None	0.0	0.0	999.0
neg_006409	0.0	None	0.0	0.0	999.0
neg_011207	0.0	None	0.0	0.0	999.0
neg_002334	0.0	None	0.0	0.0	999.0
neg_010186	0.0	None	0.0	0.0	999.0
neg_008921	0.0	None	0.0	0.0	999.0
neg_015008	0.0	None	0.0	0.0	999.0
neg_018123	0.0	None	0.0	0.0	999.0
neg_018302	0.0	None	0.0	0.0	999.0
neg_016512	0.0	None	0.0	0.0	999.0
neg_016604	0.0	None	0.0	0.0	999.0
neg_013898	0.0	None	0.0	0.0	999.0
neg_006253	0.0	None	0.0	0.0	999.0
neg_017369	0.0	None	0.0	0.0	999.0
neg_005694	0.0	None	0.0	0.0	999.0
neg_006014	0.0	None	0.0	0.0	999.0
neg_011629	0.0	None	0.0	0.0	999.0
neg_000537	0.0	None	0.0	0.0	999.0
neg_016126	0.0	None	0.0	0.0	999.0
neg_006537	0.0	None	0.0	0.0	999.0
neg_011951	0.0	None	0.0	0.0	999.0
neg_015885	0.0	None	0.0	0.0	999.0
neg_002478	0.0	None	0.0	0.0	999.0
neg_018049	0.0	None	0.0	0.0	999.0
neg_003542	0.0	None	0.0	0.0	999.0
neg_002662	0.0	None	0.0	0.0	999.0
neg_004044	0.0	None	0.0	0.0	999.0
neg_000975	0.0	None	0.0	0.0	999.0
neg_018689	0.0	None	0.0	0.0	999.0
neg_012224	0.0	None	0.0	0.0	999.0
neg_002963	0.0	None	0.0	0.0	999.0
neg_005669	0.0	None	0.0	0.0	999.0
neg_010482	0.0	None	0.0	0.0	999.0
neg_009019	0.0	None	0.0	0.0	999.0
neg_012635	0.0	None	0.0	0.0	999.0
neg_008099	0.0	None	0.0	0.0	999.0
neg_011753	0.0	None	0.0	0.0	999.0
neg_011265	0.0	None	0.0	0.0	999.0
neg_019108	0.0	None	0.0	0.0	999.0
neg_015669	0.0	None	0.0	0.0	999.0
neg_019612	0.0	None	0.0	0.0	999.0
neg_015874	0.0	None	0.0	0.0	999.0
neg_003168	0.0	None	0.0	0.0	999.0
neg_007731	0.0	None	0.0	0.0	999.0
neg_011443	0.0	None	0.0	0.0	999.0
neg_008880	0.0	None	0.0	0.0	999.0
neg_016316	0.0	None	0.0	0.0	999.0
neg_010007	0.0	None	0.0	0.0	999.0
neg_015497	0.0	None	0.0	0.0	999.0
neg_000607	0.0	None	0.0	0.0	999.0
neg_013273	0.0	None	0.0	0.0	999.0
neg_005520	0.0	None	0.0	0.0	999.0
neg_010793	0.0	None	0.0	0.0	999.0
neg_014512	0.0	None	0.0	0.0	999.0
neg_009651	0.0	None	0.0	0.0	999.0
neg_006153	0.0	None	0.0	0.0	999.0
neg_019130	0.0	None	0.0	0.0	999.0
neg_011539	0.0	None	0.0	0.0	999.0
neg_003540	0.0	None	0.0	0.0	999.0
neg_016552	0.0	None	0.0	0.0	999.0
neg_019762	0.0	None	0.0	0.0	999.0
neg_014643	0.0	None	0.0	0.0	999.0
neg_008032	0.0	None	0.0	0.0	999.0
neg_000281	0.0	None	0.0	0.0	999.0
neg_008096	0.0	None	0.0	0.0	999.0
neg_010485	0.0	None	0.0	0.0	999.0
neg_011327	0.0	None	0.0	0.0	999.0
neg_017624	0.0	None	0.0	0.0	999.0
neg_017146	0.0	None	0.0	0.0	999.0
neg_005434	0.0	None	0.0	0.0	999.0
neg_005825	0.0	None	0.0	0.0	999.0
neg_010583	0.0	None	0.0	0.0	999.0
neg_002235	0.0	None	0.0	0.0	999.0
neg_017585	0.0	None	0.0	0.0	999.0
neg_016657	0.0	None	0.0	0.0	999.0
neg_006873	0.0	None	0.0	0.0	999.0
neg_004653	0.0	None	0.0	0.0	999.0
neg_001087	0.0	None	0.0	0.0	999.0
neg_018544	0.0	None	0.0	0.0	999.0
neg_010261	0.0	None	0.0	0.0	999.0
neg_007728	0.0	None	0.0	0.0	999.0
neg_013968	0.0	None	0.0	0.0	999.0
neg_001320	0.0	None	0.0	0.0	999.0
neg_009675	0.0	None	0.0	0.0	999.0
neg_016959	0.0	None	0.0	0.0	999.0
neg_000496	0.0	None	0.0	0.0	999.0
neg_009067	0.0	None	0.0	0.0	999.0
neg_019791	0.0	None	0.0	0.0	999.0
neg_005115	0.0	None	0.0	0.0	999.0
neg_015686	0.0	None	0.0	0.0	999.0
neg_018047	0.0	None	0.0	0.0	999.0
neg_020080	0.0	None	0.0	0.0	999.0
neg_012150	0.0	None	0.0	0.0	999.0
neg_004848	0.0	None	0.0	0.0	999.0
neg_005121	0.0	None	0.0	0.0	999.0
neg_007749	0.0	None	0.0	0.0	999.0
neg_018062	0.0	None	0.0	0.0	999.0
neg_010856	0.0	None	0.0	0.0	999.0
neg_007601	0.0	None	0.0	0.0	999.0
neg_008121	0.0	None	0.0	0.0	999.0
neg_000383	0.0	None	0.0	0.0	999.0
neg_004307	0.0	None	0.0	0.0	999.0
neg_016551	0.0	None	0.0	0.0	999.0
neg_016385	0.0	None	0.0	0.0	999.0
neg_014387	0.0	None	0.0	0.0	999.0
neg_007133	0.0	None	0.0	0.0	999.0
neg_014516	0.0	None	0.0	0.0	999.0
neg_018713	0.0	None	0.0	0.0	999.0
neg_013102	0.0	None	0.0	0.0	999.0
neg_002411	0.0	None	0.0	0.0	999.0
neg_013720	0.0	None	0.0	0.0	999.0
neg_005792	0.0	None	0.0	0.0	999.0
neg_003014	0.0	None	0.0	0.0	999.0
neg_007894	0.0	None	0.0	0.0	999.0
neg_002940	0.0	None	0.0	0.0	999.0
neg_012771	0.0	None	0.0	0.0	999.0
neg_019877	0.0	None	0.0	0.0	999.0
neg_018281	0.0	None	0.0	0.0	999.0
neg_013612	0.0	None	0.0	0.0	999.0
neg_019459	0.0	None	0.0	0.0	999.0
neg_015012	0.0	None	0.0	0.0	999.0
neg_016360	0.0	None	0.0	0.0	999.0
neg_018308	0.0	None	0.0	0.0	999.0
neg_014877	0.0	None	0.0	0.0	999.0
neg_013624	0.0	None	0.0	0.0	999.0
neg_001806	0.0	None	0.0	0.0	999.0
neg_008948	0.0	None	0.0	0.0	999.0
neg_009009	0.0	None	0.0	0.0	999.0
neg_011959	0.0	None	0.0	0.0	999.0
neg_014703	0.0	None	0.0	0.0	999.0
neg_017005	0.0	None	0.0	0.0	999.0
neg_007235	0.0	None	0.0	0.0	999.0
neg_020792	0.0	None	0.0	0.0	999.0
neg_019945	0.0	None	0.0	0.0	999.0
neg_013050	0.0	None	0.0	0.0	999.0
neg_005021	0.0	None	0.0	0.0	999.0
neg_015058	0.0	None	0.0	0.0	999.0
neg_005878	0.0	None	0.0	0.0	999.0
neg_019237	0.0	None	0.0	0.0	999.0
neg_007839	0.0	None	0.0	0.0	999.0
neg_015476	0.0	None	0.0	0.0	999.0
neg_020030	0.0	None	0.0	0.0	999.0
neg_017644	0.0	None	0.0	0.0	999.0
neg_015692	0.0	None	0.0	0.0	999.0
neg_008772	0.0	None	0.0	0.0	999.0
neg_016820	0.0	None	0.0	0.0	999.0
neg_005511	0.0	None	0.0	0.0	999.0
neg_004685	0.0	None	0.0	0.0	999.0
neg_014848	0.0	None	0.0	0.0	999.0
neg_020954	0.0	None	0.0	0.0	999.0
neg_007139	0.0	None	0.0	0.0	999.0
neg_012645	0.0	None	0.0	0.0	999.0
neg_019159	0.0	None	0.0	0.0	999.0
neg_014121	0.0	None	0.0	0.0	999.0
neg_019059	0.0	None	0.0	0.0	999.0
neg_019290	0.0	None	0.0	0.0	999.0
neg_000206	0.0	None	0.0	0.0	999.0
neg_000443	0.0	None	0.0	0.0	999.0
neg_009719	0.0	None	0.0	0.0	999.0
neg_016098	0.0	None	0.0	0.0	999.0
neg_014834	0.0	None	0.0	0.0	999.0
neg_019016	0.0	None	0.0	0.0	999.0
neg_014082	0.0	None	0.0	0.0	999.0
neg_019389	0.0	None	0.0	0.0	999.0
neg_015408	0.0	None	0.0	0.0	999.0
neg_013512	0.0	None	0.0	0.0	999.0
neg_008906	0.0	None	0.0	0.0	999.0
neg_017236	0.0	None	0.0	0.0	999.0
neg_011819	0.0	None	0.0	0.0	999.0
neg_015735	0.0	None	0.0	0.0	999.0
neg_013441	0.0	None	0.0	0.0	999.0
neg_000838	0.0	None	0.0	0.0	999.0
neg_004166	0.0	None	0.0	0.0	999.0
neg_012303	0.0	None	0.0	0.0	999.0
neg_001673	0.0	None	0.0	0.0	999.0
neg_014109	0.0	None	0.0	0.0	999.0
neg_017980	0.0	None	0.0	0.0	999.0
neg_000792	0.0	None	0.0	0.0	999.0
neg_010538	0.0	None	0.0	0.0	999.0
neg_016842	0.0	None	0.0	0.0	999.0
neg_017932	0.0	None	0.0	0.0	999.0
neg_005966	0.0	None	0.0	0.0	999.0
neg_000996	0.0	None	0.0	0.0	999.0
neg_003159	0.0	None	0.0	0.0	999.0
neg_004374	0.0	None	0.0	0.0	999.0
neg_015106	0.0	None	0.0	0.0	999.0
neg_001367	0.0	None	0.0	0.0	999.0
neg_002593	0.0	None	0.0	0.0	999.0
neg_020695	0.0	None	0.0	0.0	999.0
neg_004096	0.0	None	0.0	0.0	999.0
neg_000682	0.0	None	0.0	0.0	999.0
neg_000301	0.0	None	0.0	0.0	999.0
neg_014470	0.0	None	0.0	0.0	999.0
neg_003720	0.0	None	0.0	0.0	999.0
neg_020177	0.0	None	0.0	0.0	999.0
neg_002221	0.0	None	0.0	0.0	999.0
neg_013216	0.0	None	0.0	0.0	999.0
neg_009615	0.0	None	0.0	0.0	999.0
neg_019109	0.0	None	0.0	0.0	999.0
neg_001629	0.0	None	0.0	0.0	999.0
neg_017656	0.0	None	0.0	0.0	999.0
neg_007203	0.0	None	0.0	0.0	999.0
neg_009226	0.0	None	0.0	0.0	999.0
neg_019495	0.0	None	0.0	0.0	999.0
neg_013565	0.0	None	0.0	0.0	999.0
neg_016363	0.0	None	0.0	0.0	999.0
neg_014290	0.0	None	0.0	0.0	999.0
neg_019011	0.0	None	0.0	0.0	999.0
neg_015371	0.0	None	0.0	0.0	999.0
neg_012503	0.0	None	0.0	0.0	999.0
neg_010532	0.0	None	0.0	0.0	999.0
neg_008546	0.0	None	0.0	0.0	999.0
neg_004541	0.0	None	0.0	0.0	999.0
neg_000439	0.0	None	0.0	0.0	999.0
neg_005471	0.0	None	0.0	0.0	999.0
neg_015028	0.0	None	0.0	0.0	999.0
neg_001082	0.0	None	0.0	0.0	999.0
neg_020113	0.0	None	0.0	0.0	999.0
neg_001735	0.0	None	0.0	0.0	999.0
neg_020465	0.0	None	0.0	0.0	999.0
neg_011179	0.0	None	0.0	0.0	999.0
neg_011714	0.0	None	0.0	0.0	999.0
neg_002543	0.0	None	0.0	0.0	999.0
neg_008930	0.0	None	0.0	0.0	999.0
neg_012496	0.0	None	0.0	0.0	999.0
neg_003539	0.0	None	0.0	0.0	999.0
neg_014147	0.0	None	0.0	0.0	999.0
neg_008689	0.0	None	0.0	0.0	999.0
neg_019625	0.0	None	0.0	0.0	999.0
neg_017185	0.0	None	0.0	0.0	999.0
neg_011855	0.0	None	0.0	0.0	999.0
neg_021107	0.0	None	0.0	0.0	999.0
neg_002112	0.0	None	0.0	0.0	999.0
neg_007623	0.0	None	0.0	0.0	999.0
neg_003094	0.0	None	0.0	0.0	999.0
neg_019710	0.0	None	0.0	0.0	999.0
neg_003252	0.0	None	0.0	0.0	999.0
neg_004313	0.0	None	0.0	0.0	999.0
neg_005671	0.0	None	0.0	0.0	999.0
neg_001578	0.0	None	0.0	0.0	999.0
neg_018835	0.0	None	0.0	0.0	999.0
neg_012125	0.0	None	0.0	0.0	999.0
neg_015952	0.0	None	0.0	0.0	999.0
neg_019123	0.0	None	0.0	0.0	999.0
neg_019934	0.0	None	0.0	0.0	999.0
neg_002712	0.0	None	0.0	0.0	999.0
neg_016276	0.0	None	0.0	0.0	999.0
neg_019570	0.0	None	0.0	0.0	999.0
neg_000635	0.0	None	0.0	0.0	999.0
