seq_id	score	target_id	pident	coverage	evalue
tpase_004048	79.0	tpase_002058	26.5	88.9	1.247e-16
tpase_004403	0.0	None	0.0	0.0	999.0
tpase_004673	68.0	tpase_004411	24.4	80.0	1.087e-13
tpase_004684	53.0	tpase_002058	28.599999999999998	72.1	3.091e-9
tpase_002437	67.0	tpase_000579	22.900000000000002	89.4	2.282e-12
tpase_004384	98.0	tpase_004452	31.0	72.39999999999999	1.346e-22
tpase_006725	189.0	tpase_004348	29.799999999999997	97.1	6.49e-52
tpase_005887	0.0	None	0.0	0.0	999.0
tpase_006445	121.0	tpase_002009	24.3	97.2	4.553e-29
tpase_005299	55.0	tpase_002245	28.599999999999998	59.5	6.608e-9
tpase_006150	80.0	tpase_004041	23.9	90.10000000000001	7.335e-17
tpase_005322	115.0	tpase_006749	29.9	89.0	1.916e-27
tpase_003228	76.0	tpase_006811	27.3	64.2	9.368e-16
tpase_002196	70.0	tpase_000044	28.9	78.10000000000001	8.797e-14
tpase_006029	71.0	tpase_002721	25.7	79.60000000000001	1.966e-13
tpase_001691	0.0	None	0.0	0.0	999.0
tpase_002281	168.0	tpase_006992	27.800000000000004	97.3	1.07e-44
tpase_000227	0.0	None	0.0	0.0	999.0
tpase_004987	53.0	tpase_005257	26.6	31.3	2.642e-8
tpase_000046	139.0	tpase_004209	29.299999999999997	97.89999999999999	2.612e-36
tpase_005258	199.0	tpase_004348	31.4	96.5	3.367e-55
tpase_002564	76.0	tpase_002009	25.900000000000002	44.4	6.158e-15
tpase_003875	89.0	tpase_006625	31.0	71.7	4.308e-20
tpase_000534	57.0	tpase_000903	30.2	39.4	1.521e-9
tpase_001328	112.0	tpase_004452	33.300000000000004	74.6	3.336e-27
tpase_001213	74.0	tpase_004348	21.4	95.39999999999999	3.361e-14
tpase_004356	103.0	tpase_002009	24.9	95.5	2.308e-23
tpase_002646	52.0	tpase_006785	30.3	73.9	1.405e-8
tpase_003834	141.0	tpase_001684	27.200000000000003	95.1	6.572e-36
tpase_004126	91.0	tpase_002009	25.7	82.69999999999999	1.394e-19
tpase_006405	45.0	tpase_006785	30.2	44.7	3.625e-6
tpase_005295	0.0	None	0.0	0.0	999.0
tpase_002405	101.0	tpase_001729	23.799999999999997	83.6	7.76e-23
tpase_000643	100.0	tpase_006625	29.2	88.5	1.155e-23
tpase_001665	85.0	tpase_004452	31.3	72.3	1.55e-18
tpase_001887	53.0	tpase_000881	34.0	24.8	4.458e-8
tpase_003788	89.0	tpase_000842	25.3	81.6	2.346e-19
tpase_003481	133.0	tpase_004161	27.1	85.6	7.87e-34
tpase_000620	103.0	tpase_002133	42.0	74.6	2.704e-24
tpase_000089	77.0	tpase_005500	23.599999999999998	91.9	1.919e-15
tpase_005266	76.0	tpase_006811	30.4	47.3	2.037e-15
tpase_002696	133.0	tpase_006879	26.700000000000003	95.8	2.406e-33
tpase_005437	77.0	tpase_005214	28.799999999999997	62.1	6.014e-16
tpase_006896	76.0	tpase_002625	21.4	93.8	3.574e-15
tpase_002488	110.0	tpase_004208	29.4	73.4	1.182e-26
tpase_004996	107.0	tpase_002164	29.5	95.39999999999999	1.435e-25
tpase_001167	71.0	tpase_006625	26.8	82.6	2.996e-14
tpase_002539	56.0	tpase_004339	29.5	41.699999999999996	3.418e-9
tpase_003952	128.0	tpase_001684	28.299999999999997	99.6	1.816e-31
tpase_003365	136.0	tpase_006994	28.9	76.5	2.908e-34
tpase_004358	98.0	tpase_002009	24.6	96.1	6.675e-22
tpase_002971	83.0	tpase_006550	24.4	89.4	2.245e-17
tpase_006239	101.0	tpase_004452	31.6	72.6	1.706e-23
tpase_005120	63.0	tpase_006625	26.200000000000003	74.9	1.119e-11
tpase_001685	85.0	tpase_002625	23.400000000000002	79.0	1.003e-17
tpase_001916	92.0	tpase_000239	26.3	82.6	1.561e-20
tpase_000408	152.0	tpase_006994	25.7	96.39999999999999	2.481e-39
tpase_000873	87.0	tpase_006761	28.7	66.7	6.542e-19
tpase_003463	0.0	None	0.0	0.0	999.0
tpase_006762	76.0	tpase_001320	27.800000000000004	69.0	6.302e-15
tpase_003348	119.0	tpase_004161	26.3	80.7	2.87e-29
tpase_003627	61.0	tpase_000623	26.5	79.80000000000001	1.564e-10
tpase_002154	71.0	tpase_002133	30.9	74.6	5.902e-14
tpase_004962	98.0	tpase_004465	32.1	71.7	2.027e-22
tpase_005846	61.0	tpase_006785	29.099999999999998	55.2	1.066e-10
tpase_004762	113.0	tpase_004352	27.400000000000002	75.0	1.497e-27
tpase_003857	83.0	tpase_000187	25.4	89.4	2.087e-17
tpase_003268	81.0	tpase_002245	28.1	95.6	2.64e-17
tpase_005595	90.0	tpase_004348	27.3	62.8	1.892e-19
tpase_001908	149.0	tpase_006514	30.599999999999998	94.39999999999999	2.22e-38
tpase_005252	105.0	tpase_002164	27.900000000000002	98.2	5.842e-25
tpase_005385	57.0	tpase_005434	26.5	32.800000000000004	2.791e-9
tpase_006448	96.0	tpase_004411	22.7	93.8	7.368e-22
tpase_000305	66.0	tpase_000044	27.1	72.2	1.569e-12
tpase_007010	64.0	tpase_006625	27.3	95.19999999999999	4.562e-12
tpase_005873	54.0	tpase_000882	37.6	21.0	1.435e-8
tpase_001625	141.0	tpase_006994	27.6	92.10000000000001	1.024e-35
tpase_005025	46.0	tpase_004493	28.299999999999997	31.7	3.191e-6
tpase_000921	0.0	None	0.0	0.0	999.0
tpase_002218	111.0	tpase_002164	28.7	95.39999999999999	9.468e-27
tpase_004631	62.0	tpase_000088	27.6	49.6	4.16e-11
tpase_004506	107.0	tpase_005275	27.6	76.6	8.434e-25
tpase_005881	108.0	tpase_002625	26.6	86.5	4.212e-25
tpase_000048	139.0	tpase_004209	29.299999999999997	97.89999999999999	3.548e-36
tpase_001977	64.0	tpase_004848	26.200000000000003	75.2	6.707e-12
tpase_000957	59.0	tpase_002058	27.200000000000003	58.199999999999996	3.615e-10
tpase_002313	117.0	tpase_004504	30.3	96.8	9.111e-29
tpase_002475	81.0	tpase_003846	26.5	94.89999999999999	8.6e-17
tpase_001915	72.0	tpase_000239	31.5	73.2	1.663e-15
tpase_002343	159.0	tpase_004348	28.999999999999996	90.5	1.254e-41
tpase_003542	89.0	tpase_003975	27.0	92.2	1.901e-19
tpase_000912	0.0	None	0.0	0.0	999.0
tpase_000427	76.0	tpase_006994	30.2	90.4	3.822e-16
tpase_006655	70.0	tpase_002659	24.2	70.0	2.004e-13
tpase_000900	63.0	tpase_002058	28.199999999999996	57.599999999999994	2.888e-11
tpase_005593	110.0	tpase_004452	34.2	83.2	1.381e-26
tpase_002616	108.0	tpase_004452	31.7	71.8	5.205e-26
tpase_007070	44.0	tpase_006011	23.1	45.300000000000004	0.00001739
tpase_003446	74.0	tpase_006785	32.5	53.900000000000006	2.979e-15
tpase_006122	66.0	tpase_006625	26.700000000000003	99.3	2.017e-12
tpase_004173	46.0	tpase_007089	25.3	35.8	3.08e-6
tpase_005041	106.0	tpase_001009	27.400000000000002	75.4	1.472e-24
tpase_004455	59.0	tpase_000881	29.2	54.7	7.792e-10
tpase_002148	97.0	tpase_004411	28.299999999999997	84.0	2.547e-22
tpase_002730	49.0	tpase_003956	26.400000000000002	42.9	5.91e-7
tpase_004775	54.0	tpase_004862	29.799999999999997	77.0	1.5e-9
tpase_005510	114.0	tpase_004452	33.6	72.89999999999999	6.063e-28
tpase_003404	56.0	tpase_002058	24.8	79.10000000000001	4.561e-9
tpase_005644	99.0	tpase_004209	29.5	71.6	5.154e-23
tpase_000822	94.0	tpase_001028	26.400000000000002	85.8	3.509e-21
tpase_006478	59.0	tpase_000044	26.5	77.8	4.654e-10
tpase_000426	79.0	tpase_006987	27.3	86.5	4.042e-17
tpase_001544	55.0	tpase_006785	38.7	35.3	2.64e-9
tpase_002953	51.0	tpase_004409	24.6	96.39999999999999	1.106e-8
tpase_003798	120.0	tpase_000982	30.599999999999998	93.5	5.982e-30
tpase_001601	154.0	tpase_006991	26.8	81.0	4.06e-40
tpase_005669	58.0	tpase_000882	36.9	21.3	1.287e-9
tpase_006188	44.0	tpase_003731	24.0	50.3	0.00001543
tpase_004882	85.0	tpase_006811	32.9	47.5	1.931e-18
tpase_006072	132.0	tpase_004452	33.300000000000004	74.0	8.458e-34
tpase_002756	96.0	tpase_002058	29.2	85.0	4.787e-22
tpase_005398	98.0	tpase_001009	26.200000000000003	75.4	6.479e-22
tpase_004484	182.0	tpase_004348	30.5	97.1	1.79e-49
tpase_004376	0.0	None	0.0	0.0	999.0
tpase_000177	51.0	tpase_005257	24.8	40.8	1.092e-7
tpase_000410	152.0	tpase_006994	26.200000000000003	94.8	2.526e-39
tpase_000872	87.0	tpase_006761	28.7	74.5	3.887e-19
tpase_005017	76.0	tpase_000044	29.299999999999997	78.10000000000001	1.106e-15
tpase_004999	58.0	tpase_005257	26.200000000000003	41.199999999999996	8.463e-10
tpase_003832	166.0	tpase_001684	28.299999999999997	98.9	3.988e-44
tpase_006389	40.0	tpase_006039	30.3	58.9	0.00007138
tpase_005861	50.0	tpase_000882	35.0	21.0	3.186e-7
tpase_004686	94.0	tpase_004411	23.7	95.3	3.145e-21
tpase_005616	52.0	tpase_006785	33.0	44.800000000000004	4.329e-8
tpase_003282	142.0	tpase_003748	28.1	97.6	1.348e-36
tpase_006637	73.0	tpase_002229	28.999999999999996	61.3	1.634e-14
tpase_000150	99.0	tpase_002164	32.6	85.6	6.039e-23
tpase_001740	107.0	tpase_005600	36.7	69.39999999999999	1.435e-25
tpase_003583	39.0	tpase_000917	27.1	76.5	0.00008474
tpase_004189	51.0	tpase_005992	32.9	21.6	1.028e-7
tpase_000418	114.0	tpase_006994	27.1	93.30000000000001	5.959e-28
tpase_006532	74.0	tpase_005500	24.0	91.10000000000001	1.583e-14
tpase_003563	84.0	tpase_004411	22.7	96.1	3.447e-18
tpase_004448	69.0	tpase_006785	32.5	71.2	5.343e-14
tpase_002116	92.0	tpase_002164	29.299999999999997	77.0	1.496e-20
tpase_003910	78.0	tpase_000579	21.5	69.19999999999999	1.439e-15
tpase_005296	74.0	tpase_004411	24.8	88.1	5.618e-15
tpase_001019	107.0	tpase_004209	29.599999999999998	97.89999999999999	1.185e-25
tpase_000814	0.0	None	0.0	0.0	999.0
tpase_001163	78.0	tpase_004041	32.300000000000004	79.3	2.408e-17
tpase_000937	74.0	tpase_002058	23.799999999999997	75.1	1.259e-14
tpase_001561	116.0	tpase_004452	35.5	74.6	1.181e-28
tpase_006942	87.0	tpase_006785	33.900000000000006	74.9	2.433e-20
tpase_004861	68.0	tpase_006811	29.599999999999998	46.6	6.155e-13
tpase_001741	110.0	tpase_004452	31.900000000000002	74.3	1.205e-26
tpase_003465	91.0	tpase_004411	23.9	97.1	1.86e-20
tpase_002280	55.0	tpase_002721	23.9	93.8	1.607e-8
tpase_001976	66.0	tpase_004348	27.400000000000002	87.9	2.282e-13
tpase_002185	72.0	tpase_000044	28.000000000000004	77.8	2.234e-14
tpase_000201	0.0	None	0.0	0.0	999.0
tpase_000743	40.0	tpase_001146	37.5	23.200000000000003	0.0001831
tpase_002957	73.0	tpase_000044	27.1	78.8	9.888e-15
tpase_003648	53.0	tpase_000703	23.5	85.8	3.31e-8
tpase_006773	179.0	tpase_004348	32.300000000000004	94.8	2.271e-48
tpase_003015	55.0	tpase_000579	20.599999999999998	77.60000000000001	1.341e-8
tpase_004937	78.0	tpase_006811	31.2	55.2	3.589e-16
tpase_003049	0.0	None	0.0	0.0	999.0
tpase_004380	40.0	tpase_004565	31.4	28.199999999999996	0.0001776
tpase_003561	52.0	tpase_004409	28.1	81.0	6.891e-9
tpase_003933	78.0	tpase_006625	32.7	59.099999999999994	1.572e-16
tpase_002926	121.0	tpase_004452	30.9	73.5	3.191e-30
tpase_002299	69.0	tpase_000579	22.6	89.60000000000001	5.504e-13
tpase_002234	70.0	tpase_005170	25.6	27.6	2.195e-13
tpase_000755	89.0	tpase_001028	24.6	88.4	8.515e-20
tpase_005949	53.0	tpase_006127	31.0	30.3	3.768e-8
tpase_002354	47.0	tpase_004479	31.8	30.3	2.356e-6
tpase_005042	122.0	tpase_004209	33.0	79.5	2.32e-30
tpase_003715	69.0	tpase_000044	29.099999999999998	76.7	2.307e-13
tpase_005036	102.0	tpase_004465	31.4	71.2	5.18e-24
tpase_006954	168.0	tpase_004348	29.099999999999998	97.2	1.579e-44
tpase_000079	84.0	tpase_000044	30.099999999999998	76.0	4.581e-18
tpase_002755	68.0	tpase_006785	31.5	87.7	2.686e-14
tpase_003904	101.0	tpase_006625	29.7	88.2	4.654e-24
tpase_005072	40.0	tpase_005597	24.5	32.800000000000004	0.0003826
tpase_006013	111.0	tpase_004452	31.6	73.5	6.218e-27
tpase_000973	87.0	tpase_002625	24.2	90.3	1.23e-18
tpase_002417	51.0	tpase_004437	26.900000000000002	33.7	2.642e-7
tpase_000914	69.0	tpase_006785	31.8	63.1	1.36e-13
tpase_001628	109.0	tpase_002164	32.4	81.5	2.854e-26
tpase_001973	147.0	tpase_006994	26.5	97.5	1.114e-37
tpase_005629	55.0	tpase_000882	35.699999999999996	21.3	9.236e-9
tpase_006294	79.0	tpase_001009	24.3	76.8	5.3e-16
tpase_003462	54.0	tpase_000881	39.0	22.5	1.883e-8
tpase_003637	61.0	tpase_004410	28.9	83.2	1.151e-11
tpase_003585	93.0	tpase_000919	27.800000000000004	84.3	5.513e-21
tpase_000068	139.0	tpase_006991	29.799999999999997	96.39999999999999	5.678e-35
tpase_004418	108.0	tpase_002009	24.2	95.0	7.831e-25
tpase_006447	56.0	tpase_000703	27.0	55.50000000000001	1.25e-9
tpase_003750	116.0	tpase_004504	30.2	92.4	1.703e-28
tpase_001485	214.0	tpase_002133	76.7	76.3	1.442e-61
tpase_003231	55.0	tpase_000882	24.3	68.2	1.035e-8
tpase_001033	73.0	tpase_004041	23.599999999999998	93.0	1.861e-14
tpase_003133	59.0	tpase_002765	27.500000000000004	53.1	4.665e-10
tpase_004949	84.0	tpase_001852	21.9	96.39999999999999	1.152e-17
tpase_001560	93.0	tpase_001689	28.9	82.5	3.078e-21
tpase_001914	43.0	tpase_002058	32.5	47.0	0.00001133
tpase_006327	108.0	tpase_003609	27.500000000000004	97.6	1.005e-25
tpase_005182	102.0	tpase_001009	27.700000000000003	75.4	2.515e-23
tpase_003745	95.0	tpase_004209	33.6	70.89999999999999	1.467e-21
tpase_006712	51.0	tpase_005257	24.8	40.8	8.226e-8
tpase_005547	108.0	tpase_001226	28.7	76.8	6.8e-25
tpase_003504	125.0	tpase_004161	28.199999999999996	89.3	3.794e-31
tpase_004543	100.0	tpase_006515	26.3	92.4	1.17e-22
tpase_000237	111.0	tpase_004452	33.300000000000004	71.8	6.738e-27
tpase_004040	51.0	tpase_002058	29.799999999999997	59.599999999999994	1.238e-7
tpase_004371	78.0	tpase_002620	28.7	79.80000000000001	3.567e-16
tpase_001542	44.0	tpase_006236	24.8	65.3	0.00005085
tpase_001511	47.0	tpase_004862	21.5	91.7	4.946e-7
tpase_002321	132.0	tpase_000044	36.4	77.10000000000001	4.036e-34
tpase_001424	59.0	tpase_004041	25.8	67.30000000000001	4.538e-10
tpase_005494	50.0	tpase_005257	25.7	31.3	1.926e-7
tpase_004945	64.0	tpase_002058	24.099999999999998	93.10000000000001	4.454e-12
tpase_004405	132.0	tpase_006517	28.7	74.1	9.095e-33
tpase_004833	51.0	tpase_004862	28.299999999999997	77.0	2.326e-8
tpase_006781	102.0	tpase_002009	28.599999999999998	91.10000000000001	5.49e-23
tpase_003862	96.0	tpase_006625	31.0	82.8	2.373e-22
tpase_007063	68.0	tpase_000044	29.799999999999997	72.2	4.993e-13
tpase_001859	42.0	tpase_001146	28.299999999999997	54.7	0.00005318
tpase_005548	118.0	tpase_004209	29.799999999999997	97.6	3.678e-29
tpase_002497	95.0	tpase_001009	24.4	75.4	4.495e-21
tpase_001496	78.0	tpase_000044	30.8	69.1	2.618e-16
tpase_005274	92.0	tpase_003973	26.6	80.9	4.604e-20
tpase_000935	58.0	tpase_002058	25.3	75.7	1.029e-10
tpase_002591	79.0	tpase_006761	28.000000000000004	68.2	1.669e-16
tpase_004932	0.0	None	0.0	0.0	999.0
tpase_005288	79.0	tpase_004411	25.0	84.3	2.435e-16
tpase_005405	107.0	tpase_004465	32.1	72.89999999999999	1.936e-25
tpase_004950	58.0	tpase_005953	25.5	67.0	2.344e-9
tpase_005888	0.0	None	0.0	0.0	999.0
tpase_004515	81.0	tpase_002659	25.0	76.3	3.069e-17
tpase_000661	40.0	tpase_001290	24.2	53.5	0.0003864
tpase_000085	82.0	tpase_000044	28.999999999999996	76.0	1.967e-17
tpase_003566	84.0	tpase_004041	24.4	97.0	4.625e-18
tpase_004066	0.0	None	0.0	0.0	999.0
tpase_001259	55.0	tpase_006127	36.7	25.8	8.788e-9
tpase_001161	67.0	tpase_006785	30.5	53.900000000000006	6.743e-13
tpase_004879	74.0	tpase_002659	25.0	69.3	1.15e-14
tpase_001626	144.0	tpase_006994	27.800000000000004	92.10000000000001	9.393e-37
tpase_000662	39.0	tpase_004246	28.000000000000004	75.1	0.000507
tpase_003871	132.0	tpase_001684	26.5	95.1	7.983e-33
tpase_006710	189.0	tpase_004348	32.4	96.5	8.807e-52
tpase_003280	40.0	tpase_002015	35.9	73.6	0.00001795
tpase_000652	104.0	tpase_006056	27.0	92.30000000000001	8.072e-25
tpase_000411	158.0	tpase_006994	26.900000000000002	94.8	3.85e-41
tpase_006933	0.0	None	0.0	0.0	999.0
tpase_003327	49.0	tpase_000623	24.9	79.80000000000001	5.62e-7
tpase_002402	179.0	tpase_006516	29.799999999999997	96.2	3.83e-48
tpase_001645	106.0	tpase_002164	30.7	93.30000000000001	2.334e-25
tpase_003500	57.0	tpase_006785	28.499999999999996	87.0	2.666e-10
tpase_004610	96.0	tpase_005922	29.7	84.1	6.322e-22
tpase_005308	76.0	tpase_000044	28.1	75.0	1.877e-15
tpase_002645	0.0	None	0.0	0.0	999.0
tpase_002955	78.0	tpase_004411	23.0	94.69999999999999	3.44e-16
tpase_002785	129.0	tpase_006771	27.3	95.3	4.437e-33
tpase_000285	71.0	tpase_002721	25.7	79.60000000000001	1.721e-13
tpase_000406	154.0	tpase_006994	28.599999999999998	93.4	4.212e-40
tpase_003275	49.0	tpase_000882	28.799999999999997	30.2	4.118e-7
tpase_004953	68.0	tpase_000044	27.800000000000004	74.7	9.226e-13
tpase_002056	83.0	tpase_002058	28.4	92.0	5.709e-18
tpase_001129	53.0	tpase_000703	25.1	50.0	1.355e-8
tpase_004674	96.0	tpase_004411	23.200000000000003	98.5	5.385e-22
tpase_000425	151.0	tpase_006994	25.4	96.39999999999999	4.506e-39
tpase_000086	67.0	tpase_005214	26.6	62.4	1.176e-12
tpase_003210	70.0	tpase_003956	31.5	30.099999999999998	2.529e-13
tpase_000656	102.0	tpase_006056	27.700000000000003	92.30000000000001	3.673e-24
tpase_003732	51.0	tpase_006673	27.400000000000002	33.4	1.092e-7
tpase_001397	58.0	tpase_004411	23.599999999999998	88.7	7.004e-10
tpase_005284	57.0	tpase_004493	28.799999999999997	71.1	2.553e-10
tpase_003848	0.0	None	0.0	0.0	999.0
tpase_004781	46.0	tpase_004862	25.3	77.0	1.189e-6
tpase_004102	139.0	tpase_006514	29.799999999999997	85.9	1.29e-34
tpase_004700	126.0	tpase_004161	25.8	96.0	1.362e-31
tpase_003499	56.0	tpase_004862	26.8	72.8	4.108e-10
tpase_004934	80.0	tpase_006811	24.8	72.1	1.125e-16
tpase_004944	57.0	tpase_006785	26.5	80.30000000000001	2.184e-10
tpase_004252	93.0	tpase_001028	24.7	87.0	6.056e-21
tpase_003313	81.0	tpase_002659	29.099999999999998	56.2	4.135e-17
tpase_004687	0.0	None	0.0	0.0	999.0
tpase_001913	79.0	tpase_002245	27.6	95.6	6.236e-17
tpase_005425	51.0	tpase_005257	24.8	40.8	8.226e-8
tpase_000834	60.0	tpase_002345	21.6	88.3	1.51e-10
tpase_000223	80.0	tpase_002058	26.900000000000002	62.6	1.005e-16
tpase_006282	118.0	tpase_004465	30.5	96.8	2.718e-29
tpase_000404	164.0	tpase_006994	28.799999999999997	95.0	4.287e-43
tpase_006495	0.0	None	0.0	0.0	999.0
tpase_004514	0.0	None	0.0	0.0	999.0
tpase_004928	58.0	tpase_004348	27.800000000000004	81.5	1.55e-10
tpase_005264	0.0	None	0.0	0.0	999.0
tpase_003181	61.0	tpase_004409	30.0	81.0	4.462e-12
tpase_000526	90.0	tpase_004209	27.200000000000003	99.1	5.625e-20
tpase_001046	121.0	tpase_001048	98.4	75.0	5.644e-34
tpase_001162	0.0	None	0.0	0.0	999.0
tpase_002894	88.0	tpase_007008	27.6	94.39999999999999	2.651e-19
tpase_002522	62.0	tpase_003134	24.6	87.2	6.552e-11
tpase_003850	74.0	tpase_002659	27.900000000000002	58.599999999999994	1.226e-14
tpase_001506	52.0	tpase_006673	28.499999999999996	33.800000000000004	7.472e-8
tpase_005707	73.0	tpase_000881	24.5	89.0	3.048e-14
tpase_005021	100.0	tpase_004209	32.6	79.5	2.791e-23
tpase_005981	111.0	tpase_004204	32.4	87.7	6.345e-27
tpase_000655	102.0	tpase_006056	27.700000000000003	92.30000000000001	2.713e-24
tpase_004383	110.0	tpase_004452	32.4	73.5	1.76e-26
tpase_000653	98.0	tpase_006056	27.400000000000002	92.30000000000001	7.554e-23
tpase_002593	88.0	tpase_006761	29.7	82.0	1.411e-19
tpase_001402	38.0	tpase_002906	39.5	39.300000000000004	0.00008942
tpase_002315	57.0	tpase_006625	25.8	71.7	8.562e-10
tpase_004463	43.0	tpase_000703	26.400000000000002	61.9	9.249e-6
tpase_005815	113.0	tpase_001534	30.3	92.7	1.225e-27
tpase_003565	54.0	tpase_004862	26.0	60.099999999999994	4.467e-9
tpase_006006	72.0	tpase_006625	29.599999999999998	72.8	2.231e-14
tpase_006497	70.0	tpase_002058	27.1	85.5	9.072e-14
tpase_005123	99.0	tpase_002164	29.799999999999997	83.89999999999999	5.066e-23
tpase_003763	158.0	tpase_004348	28.1	97.0	1.747e-41
tpase_005471	56.0	tpase_000903	30.2	38.7	2.808e-9
tpase_000835	60.0	tpase_006625	25.5	62.0	1.541e-10
tpase_000428	134.0	tpase_006987	27.800000000000004	84.5	2.643e-33
tpase_000389	48.0	tpase_006301	27.0	39.800000000000004	1.06e-6
tpase_004464	52.0	tpase_004041	20.0	84.39999999999999	5.848e-8
tpase_004855	80.0	tpase_006811	32.0	47.3	1.125e-16
tpase_003825	66.0	tpase_002133	35.8	54.400000000000006	1.189e-13
tpase_002947	62.0	tpase_002009	23.0	83.3	1.079e-10
tpase_006881	66.0	tpase_000044	27.500000000000004	78.10000000000001	1.569e-12
tpase_006221	43.0	tpase_004400	31.7	66.0	5.408e-6
tpase_005000	104.0	tpase_000982	34.300000000000004	83.6	1.434e-24
tpase_000744	109.0	tpase_001320	28.299999999999997	85.5	2.435e-25
tpase_006916	108.0	tpase_000982	29.9	93.8	8.95e-26
tpase_001910	51.0	tpase_001904	28.999999999999996	42.5	1.39e-7
tpase_005744	60.0	tpase_004041	22.5	87.9	1.894e-10
tpase_004407	124.0	tpase_001210	27.700000000000003	91.3	2.641e-30
tpase_004049	50.0	tpase_004041	26.700000000000003	91.9	2.285e-7
tpase_003826	95.0	tpase_004411	26.5	82.8	8.537e-22
tpase_004370	0.0	None	0.0	0.0	999.0
tpase_002317	138.0	tpase_000044	38.1	77.10000000000001	6.887e-36
tpase_000815	61.0	tpase_006785	29.099999999999998	69.0	1.054e-11
tpase_000506	90.0	tpase_000982	31.2	94.0	5.625e-20
tpase_001991	53.0	tpase_000882	33.300000000000004	26.5	3.416e-8
tpase_004414	158.0	tpase_004353	30.7	92.5	2.847e-41
tpase_004878	74.0	tpase_002659	25.0	77.10000000000001	7.847e-15
tpase_003354	44.0	tpase_003045	36.8	27.6	0.00004424
tpase_002454	93.0	tpase_001226	25.1	69.3	4.291e-20
tpase_004853	0.0	None	0.0	0.0	999.0
tpase_004784	436.0	tpase_000044	93.89999999999999	79.9	2.515e-138
tpase_006312	56.0	tpase_002058	31.6	44.5	9.561e-10
tpase_005607	103.0	tpase_004452	32.1	73.4	2.248e-24
tpase_004834	59.0	tpase_006785	28.999999999999996	82.1	3.174e-11
tpase_006434	128.0	tpase_004452	34.8	69.8	1.781e-32
tpase_006275	107.0	tpase_004452	29.7	85.2	1.185e-25
tpase_001160	67.0	tpase_006785	30.5	69.1	9.746e-14
tpase_000405	152.0	tpase_006994	27.6	94.8	3.405e-39
tpase_000585	87.0	tpase_004353	26.0	98.3	2.224e-18
tpase_004047	59.0	tpase_002058	28.299999999999997	58.8	1.284e-10
tpase_001125	57.0	tpase_004619	36.199999999999996	57.099999999999994	2.9e-10
tpase_004856	0.0	None	0.0	0.0	999.0
tpase_004216	0.0	None	0.0	0.0	999.0
tpase_004318	46.0	tpase_002058	34.4	38.9	1.362e-6
tpase_000958	81.0	tpase_001028	26.0	94.6	5.283e-17
tpase_002195	70.0	tpase_000044	28.9	85.0	2.765e-14
tpase_006767	116.0	tpase_001679	24.6	89.0	1.068e-27
tpase_006313	58.0	tpase_002058	26.1	80.0	7.945e-10
tpase_002545	85.0	tpase_002344	23.3	95.0	1.087e-18
tpase_005285	63.0	tpase_004848	25.8	75.3	1.414e-11
tpase_002724	57.0	tpase_004338	32.5	32.6	1.463e-9
tpase_005980	115.0	tpase_004452	30.9	84.39999999999999	5.943e-28
tpase_005360	76.0	tpase_006279	24.4	91.10000000000001	2.906e-15
tpase_003572	134.0	tpase_004161	28.4	80.7	5.821e-34
tpase_007001	0.0	None	0.0	0.0	999.0
tpase_002567	158.0	tpase_002600	30.5	91.10000000000001	5.552e-41
tpase_004164	49.0	tpase_004338	31.0	27.900000000000002	4.221e-7
tpase_004777	82.0	tpase_004411	23.7	91.9	1.498e-17
tpase_003102	105.0	tpase_006514	32.1	66.7	4.983e-24
tpase_001861	50.0	tpase_005170	32.6	30.599999999999998	1.974e-7
tpase_000432	81.0	tpase_006625	28.499999999999996	68.8	2.31e-17
tpase_004121	35.0	tpase_002052	32.2	46.2	0.0009312
tpase_004036	72.0	tpase_002659	27.0	56.599999999999994	2.605e-14
tpase_001499	77.0	tpase_000044	29.7	69.1	7.698e-16
tpase_001896	75.0	tpase_002705	25.4	65.7	7.256e-15
tpase_000412	91.0	tpase_006991	28.499999999999996	66.3	8.471e-21
tpase_004067	85.0	tpase_006761	27.900000000000002	78.60000000000001	1.231e-18
tpase_006087	101.0	tpase_001690	28.1	96.8	1.564e-23
tpase_001974	148.0	tpase_006991	26.5	92.80000000000001	4.803e-38
tpase_000934	59.0	tpase_002058	26.6	91.8	2.749e-10
tpase_000883	49.0	tpase_005257	25.7	31.3	4.506e-7
tpase_005383	106.0	tpase_004452	28.199999999999996	98.2	4.014e-25
tpase_005157	86.0	tpase_003846	26.700000000000003	94.89999999999999	2.844e-18
tpase_001930	85.0	tpase_002625	22.900000000000002	80.60000000000001	6.905e-18
tpase_004052	113.0	tpase_004200	27.700000000000003	91.10000000000001	4.552e-27
tpase_004288	0.0	None	0.0	0.0	999.0
tpase_004685	55.0	tpase_004410	22.5	91.60000000000001	1.001e-9
tpase_005836	55.0	tpase_002058	36.9	29.2	5.882e-9
tpase_003614	54.0	tpase_004409	31.8	85.1	2.036e-9
tpase_001627	145.0	tpase_006994	27.900000000000002	93.4	5.295e-37
tpase_006392	97.0	tpase_003235	28.4	78.60000000000001	1.037e-21
tpase_007091	110.0	tpase_004208	31.900000000000002	75.1	1.182e-26
tpase_005558	96.0	tpase_002625	23.5	81.3	2.025e-21
tpase_000333	96.0	tpase_006625	31.1	70.6	3.627e-22
tpase_004776	54.0	tpase_006785	28.299999999999997	64.3	6.297e-9
tpase_003089	57.0	tpase_000239	30.2	73.5	3.385e-10
tpase_003602	45.0	tpase_000703	24.7	83.1	9.379e-6
tpase_004859	0.0	None	0.0	0.0	999.0
tpase_004039	57.0	tpase_002058	25.1	95.39999999999999	1.045e-9
tpase_006300	73.0	tpase_006625	30.0	71.7	7.909e-15
tpase_005065	112.0	tpase_001009	26.6	77.8	1.944e-26
tpase_001403	52.0	tpase_004041	26.400000000000002	81.0	1.383e-8
tpase_001992	53.0	tpase_000882	30.0	30.2	3.433e-8
tpase_003697	45.0	tpase_002906	48.0	39.2	6.78e-7
tpase_004880	0.0	None	0.0	0.0	999.0
tpase_001487	100.0	tpase_002133	39.6	74.6	3.96e-23
tpase_001731	73.0	tpase_000044	27.800000000000004	76.4	1.44e-14
tpase_000920	0.0	None	0.0	0.0	999.0
tpase_005453	115.0	tpase_001009	30.9	75.4	3.312e-27
tpase_006321	67.0	tpase_004409	25.6	91.8	3.778e-14
tpase_004544	76.0	tpase_006879	24.8	91.8	6.302e-15
tpase_005615	52.0	tpase_006785	33.0	44.800000000000004	4.662e-8
tpase_001395	121.0	tpase_002009	26.900000000000002	97.8	9.017e-29
tpase_004955	48.0	tpase_003956	25.0	38.2	7.891e-7
tpase_007064	42.0	tpase_006011	22.5	44.800000000000004	0.00009644
tpase_001406	102.0	tpase_004452	31.2	82.6	5.257e-24
tpase_001858	55.0	tpase_005170	33.6	30.599999999999998	6.55e-9
tpase_004103	140.0	tpase_006514	29.599999999999998	80.7	4.015e-35
tpase_000658	54.0	tpase_004409	31.8	65.5	1.482e-9
tpase_003793	72.0	tpase_004437	24.6	82.89999999999999	8.695e-14
tpase_006199	113.0	tpase_004452	33.300000000000004	73.4	1.788e-27
tpase_006492	74.0	tpase_006625	28.999999999999996	77.8	3.506e-15
tpase_001620	159.0	tpase_006994	28.599999999999998	93.4	1.509e-41
tpase_004002	161.0	tpase_004353	29.5	92.5	3.52e-42
tpase_004454	104.0	tpase_001688	31.5	97.7	2.231e-24
tpase_006939	68.0	tpase_002245	25.900000000000002	95.6	4.569e-13
tpase_005569	112.0	tpase_006989	28.199999999999996	94.3	2.923e-26
tpase_003584	71.0	tpase_006785	33.1	76.4	6.666e-15
tpase_000567	72.0	tpase_002058	26.6	84.0	1.661e-14
tpase_006643	94.0	tpase_003527	23.1	97.2	1.327e-20
tpase_003699	137.0	tpase_003389	28.7	95.89999999999999	1.32e-34
tpase_005622	0.0	None	0.0	0.0	999.0
tpase_006678	161.0	tpase_001684	29.9	86.0	2.305e-42
tpase_003564	46.0	tpase_004409	24.8	81.0	1.189e-6
tpase_003189	58.0	tpase_006785	28.299999999999997	55.2	7.88e-10
tpase_002134	264.0	tpase_002133	99.2	76.9	4.266e-79
tpase_006727	56.0	tpase_000881	30.099999999999998	33.900000000000006	4.561e-9
tpase_004933	80.0	tpase_006811	24.8	84.8	5.621e-17
tpase_001344	100.0	tpase_002009	25.3	96.8	2.909e-22
tpase_004295	57.0	tpase_000882	39.0	22.1	1.506e-9
tpase_003636	0.0	None	0.0	0.0	999.0
tpase_000423	164.0	tpase_006991	29.2	86.4	3.049e-43
tpase_005880	92.0	tpase_006625	28.499999999999996	94.3	6.538e-21
tpase_001853	66.0	tpase_006520	28.799999999999997	43.9	7.217e-12
tpase_002098	49.0	tpase_002765	29.5	47.099999999999994	3.333e-7
tpase_003347	131.0	tpase_004161	27.200000000000003	89.3	3.55e-33
tpase_001545	55.0	tpase_006785	38.7	32.800000000000004	7.709e-9
tpase_005168	57.0	tpase_006127	35.0	31.900000000000002	1.85e-9
tpase_004406	132.0	tpase_001210	28.199999999999996	95.0	6.777e-33
tpase_004123	79.0	tpase_004411	24.099999999999998	88.4	1.759e-16
tpase_005064	55.0	tpase_000903	29.4	39.4	4.759e-9
tpase_003870	142.0	tpase_001684	25.4	97.2	4.883e-36
tpase_006217	100.0	tpase_002164	28.199999999999996	96.7	3.506e-23
tpase_004361	0.0	None	0.0	0.0	999.0
tpase_006795	0.0	None	0.0	0.0	999.0
tpase_001128	60.0	tpase_004409	30.0	83.89999999999999	2.679e-11
tpase_002647	52.0	tpase_006785	30.3	67.2	4.389e-8
tpase_004783	80.0	tpase_004041	23.599999999999998	96.7	6.484e-17
tpase_005291	76.0	tpase_004411	25.0	89.9	1.317e-15
tpase_004478	65.0	tpase_004446	32.9	36.9	8.998e-12
tpase_004319	46.0	tpase_002058	34.4	27.400000000000002	3.043e-6
tpase_006650	59.0	tpase_004338	34.8	31.1	7.171e-10
tpase_006875	49.0	tpase_005170	26.0	33.4	3.395e-7
tpase_003184	54.0	tpase_004409	29.099999999999998	78.60000000000001	1.809e-9
tpase_001287	120.0	tpase_004353	26.700000000000003	92.4	9.858e-29
tpase_006457	77.0	tpase_006625	28.599999999999998	77.8	4.756e-16
tpase_002412	104.0	tpase_001226	25.1	69.3	1.214e-23
tpase_002200	78.0	tpase_000044	28.7	69.1	6.014e-16
tpase_004936	78.0	tpase_006811	31.2	64.9	1.836e-16
tpase_004613	124.0	tpase_004452	35.3	74.4	3.237e-31
tpase_001471	195.0	tpase_004353	30.099999999999998	97.1	9.004e-54
tpase_002595	0.0	None	0.0	0.0	999.0
tpase_005496	51.0	tpase_005257	24.8	40.8	8.226e-8
tpase_000913	69.0	tpase_006785	31.8	63.1	1.036e-13
tpase_002927	94.0	tpase_002164	29.799999999999997	85.6	2.155e-21
tpase_004737	55.0	tpase_001226	33.5	40.1	8.295e-9
tpase_005513	55.0	tpase_005257	27.6	31.6	8.294e-9
tpase_003445	74.0	tpase_006785	32.5	70.6	3.331e-16
tpase_007087	54.0	tpase_000882	33.300000000000004	29.099999999999998	2.096e-8
tpase_005395	54.0	tpase_005257	26.6	31.3	1.496e-8
tpase_002903	105.0	tpase_004452	29.2	74.2	5.734e-25
tpase_003883	79.0	tpase_006625	31.0	71.7	5.73e-17
tpase_007090	44.0	tpase_002340	28.999999999999996	34.4	0.00002356
tpase_002985	72.0	tpase_004041	23.799999999999997	93.0	4.298e-14
tpase_004854	80.0	tpase_006811	32.0	51.4	8.042e-17
tpase_003688	46.0	tpase_006039	30.0	60.9	3.36e-7
tpase_004317	0.0	None	0.0	0.0	999.0
tpase_005817	65.0	tpase_004437	26.200000000000003	74.3	8.414e-12
tpase_002895	70.0	tpase_000044	27.800000000000004	79.5	1.163e-13
tpase_006111	106.0	tpase_004452	29.099999999999998	81.5	3.523e-25
tpase_004678	63.0	tpase_000623	26.200000000000003	81.5	3.786e-11
tpase_006223	92.0	tpase_004411	23.1	90.2	1.426e-20
tpase_003125	51.0	tpase_006625	28.299999999999997	72.0	8.039e-8
tpase_002592	0.0	None	0.0	0.0	999.0
tpase_004020	136.0	tpase_001210	26.8	98.5	3.558e-34
tpase_001718	100.0	tpase_004353	27.400000000000002	90.8	1.71e-22
tpase_002589	0.0	None	0.0	0.0	999.0
tpase_001457	185.0	tpase_004348	29.4	96.0	1.907e-50
tpase_003897	72.0	tpase_005141	25.2	61.6	4.533e-14
tpase_000123	71.0	tpase_000044	29.4	64.2	3.039e-14
tpase_003229	76.0	tpase_006811	27.3	56.89999999999999	1.495e-15
tpase_006391	76.0	tpase_004411	26.900000000000002	87.5	1.435e-15
tpase_003867	83.0	tpase_006625	29.9	74.2	2.205e-18
tpase_003284	85.0	tpase_006625	28.7	94.6	7.345e-19
tpase_003083	69.0	tpase_004348	25.1	63.9	5.835e-13
tpase_004034	0.0	None	0.0	0.0	999.0
tpase_006372	99.0	tpase_004452	28.000000000000004	91.7	4.809e-23
tpase_003079	101.0	tpase_006284	24.7	87.4	3.897e-23
tpase_004873	85.0	tpase_002344	26.0	89.9	1.083e-18
tpase_005495	101.0	tpase_005646	29.299999999999997	94.5	1.267e-23
tpase_002863	77.0	tpase_004041	24.0	92.4	7.53e-16
tpase_004025	53.0	tpase_002392	25.3	57.4	3.026e-8
tpase_002954	44.0	tpase_004410	25.4	82.1	5.187e-6
tpase_003578	79.0	tpase_000703	21.5	92.80000000000001	1.56e-16
tpase_003183	76.0	tpase_004411	24.4	89.3	1.976e-15
tpase_000080	76.0	tpase_000044	29.5	75.3	1.996e-15
tpase_005837	61.0	tpase_002058	23.9	90.0	5.783e-11
tpase_000419	153.0	tpase_006994	26.400000000000002	95.0	1.032e-39
tpase_004738	53.0	tpase_006127	32.1	32.9	3.833e-8
tpase_002074	66.0	tpase_002058	27.500000000000004	81.2	1.561e-12
tpase_005935	43.0	tpase_004725	31.4	32.7	0.00004033
tpase_004289	45.0	tpase_002058	37.8	26.6	4.2e-6
tpase_004027	85.0	tpase_002009	24.6	98.2	4.18e-18
tpase_004362	84.0	tpase_003860	44.0	34.2	3.212e-18
tpase_003632	124.0	tpase_004161	24.7	92.5	7.21e-31
tpase_003075	76.0	tpase_004348	24.7	92.9	3.832e-15
tpase_005484	48.0	tpase_005257	24.7	31.4	7.891e-7
tpase_003314	81.0	tpase_002659	29.099999999999998	57.8	3.72e-17
tpase_005742	41.0	tpase_005777	40.9	54.6	9.363e-6
tpase_006222	54.0	tpase_000703	25.5	55.800000000000004	4.049e-9
tpase_001717	98.0	tpase_004348	27.1	63.4	6.638e-22
tpase_004961	109.0	tpase_004452	31.8	74.3	2.689e-26
tpase_005057	52.0	tpase_003527	30.5	36.4	5.787e-8
tpase_005297	102.0	tpase_002009	24.2	94.6	4.041e-23
tpase_006157	80.0	tpase_004353	22.7	91.8	3.042e-16
tpase_002355	88.0	tpase_004437	27.800000000000004	71.39999999999999	6.517e-19
tpase_001602	137.0	tpase_006991	27.500000000000004	80.4	7.839e-35
tpase_002688	67.0	tpase_006785	29.4	71.8	5.499e-13
tpase_006549	81.0	tpase_002058	23.599999999999998	84.1	3.207e-17
tpase_000504	87.0	tpase_004209	27.0	99.1	3.312e-19
tpase_005470	94.0	tpase_004437	28.499999999999996	71.39999999999999	6.785e-21
tpase_005399	53.0	tpase_005257	26.6	31.3	2.642e-8
tpase_001562	106.0	tpase_004452	29.9	97.6	2.334e-25
tpase_003824	55.0	tpase_002058	29.299999999999997	92.0	8.438e-10
tpase_001512	61.0	tpase_004862	21.4	97.89999999999999	1.163e-10
tpase_007068	91.0	tpase_004204	29.9	92.60000000000001	1.86e-20
tpase_003379	65.0	tpase_002765	27.400000000000002	52.800000000000004	1.219e-11
tpase_004611	106.0	tpase_002014	27.800000000000004	89.1	1.338e-24
tpase_005119	66.0	tpase_006625	25.8	81.69999999999999	1.454e-12
tpase_002584	120.0	tpase_001028	28.199999999999996	94.8	2.658e-30
tpase_004296	102.0	tpase_004452	32.2	74.1	5.731e-24
tpase_003103	74.0	tpase_006514	26.200000000000003	78.5	2.024e-14
tpase_006999	60.0	tpase_002058	28.7	93.60000000000001	1.438e-11
tpase_006097	88.0	tpase_004352	26.5	75.0	2.271e-19
tpase_006653	0.0	None	0.0	0.0	999.0
tpase_000660	96.0	tpase_004411	27.200000000000003	88.4	7.368e-22
tpase_003414	94.0	tpase_002164	29.9	85.6	3.247e-21
tpase_002147	72.0	tpase_002133	30.599999999999998	73.4	3.436e-15
tpase_003182	51.0	tpase_000703	25.900000000000002	66.7	1.728e-8
tpase_003273	111.0	tpase_006514	30.3	59.8	3.68e-26
tpase_001664	98.0	tpase_004452	31.3	72.7	1.667e-22
tpase_000416	63.0	tpase_006991	28.999999999999996	95.1	1.763e-12
tpase_005446	74.0	tpase_006625	29.9	91.60000000000001	1.599e-15
tpase_003496	132.0	tpase_004161	26.6	96.8	2.026e-33
tpase_002007	98.0	tpase_001875	27.900000000000002	73.3	6.291e-22
tpase_004714	55.0	tpase_002642	27.500000000000004	73.9	3.653e-9
tpase_001130	81.0	tpase_004411	24.0	88.4	3.519e-17
tpase_003501	91.0	tpase_004041	25.2	93.7	3.064e-20
tpase_005956	106.0	tpase_004452	33.4	72.1	2.47e-25
tpase_007002	58.0	tpase_002058	27.500000000000004	66.3	8.952e-11
tpase_000422	146.0	tpase_006994	26.200000000000003	98.9	2.199e-37
tpase_005404	97.0	tpase_004465	32.5	71.2	2.477e-22
tpase_006311	0.0	None	0.0	0.0	999.0
tpase_002871	75.0	tpase_004411	24.5	90.8	4.384e-15
tpase_006876	69.0	tpase_002058	27.1	59.699999999999996	3.174e-13
tpase_000569	63.0	tpase_000239	28.999999999999996	73.4	1.854e-12
tpase_003836	148.0	tpase_001684	27.500000000000004	98.5	5.619e-38
tpase_001591	111.0	tpase_003527	23.9	97.5	3.752e-26
tpase_002594	88.0	tpase_006761	29.7	69.69999999999999	3.213e-19
tpase_006606	63.0	tpase_000239	32.2	36.5	1.905e-11
tpase_000641	97.0	tpase_006625	30.8	79.9	9.592e-23
tpase_006496	58.0	tpase_006785	28.9	78.60000000000001	1.159e-10
tpase_002162	115.0	tpase_004452	33.0	74.7	3.788e-28
tpase_004591	117.0	tpase_002009	24.5	89.3	7.878e-28
tpase_000429	81.0	tpase_006987	27.700000000000003	86.8	8.71e-18
tpase_004432	112.0	tpase_004452	36.3	74.6	3.546e-27
tpase_002763	133.0	tpase_000328	28.9	81.10000000000001	5.574e-33
tpase_006273	121.0	tpase_004209	36.0	73.0	4.121e-30
tpase_004065	72.0	tpase_006811	25.4	79.60000000000001	3.572e-14
tpase_003905	69.0	tpase_002625	27.3	52.400000000000006	5.031e-13
tpase_001600	157.0	tpase_006994	27.800000000000004	97.5	5e-41
tpase_000284	67.0	tpase_001009	23.400000000000002	77.0	1.558e-12
tpase_003223	46.0	tpase_003527	28.299999999999997	31.1	3.892e-6
tpase_003332	121.0	tpase_004161	25.8	88.8	1.028e-29
tpase_004599	103.0	tpase_004204	33.1	71.8	2.514e-24
tpase_000083	98.0	tpase_005940	24.8	87.2	3.305e-22
tpase_004782	56.0	tpase_006785	28.299999999999997	82.6	3.579e-10
tpase_001407	72.0	tpase_000044	29.7	79.2	2.605e-14
tpase_001486	49.0	tpase_002765	23.799999999999997	62.8	7.303e-7
tpase_006406	45.0	tpase_006785	30.2	39.4	9.718e-6
tpase_005901	62.0	tpase_000882	39.2	21.2	7.704e-11
tpase_004489	175.0	tpase_004348	29.7	97.1	3.167e-47
tpase_000831	59.0	tpase_006625	25.4	92.5	3.961e-10
tpase_004364	0.0	None	0.0	0.0	999.0
tpase_005024	97.0	tpase_004204	28.999999999999996	83.0	2.477e-22
tpase_002424	60.0	tpase_004437	28.299999999999997	34.4	4.033e-10
tpase_001676	73.0	tpase_002625	24.5	91.5	5.228e-14
tpase_002476	80.0	tpase_006279	23.1	95.5	2.647e-16
tpase_000995	71.0	tpase_006625	25.0	94.1	4.138e-14
tpase_000414	76.0	tpase_006994	34.8	53.0	3.082e-16
tpase_001663	124.0	tpase_002164	29.799999999999997	95.89999999999999	2.332e-31
tpase_000654	99.0	tpase_006056	27.400000000000002	92.30000000000001	3.052e-23
tpase_001739	115.0	tpase_001009	28.4	76.8	2.644e-27
tpase_004817	49.0	tpase_004041	37.5	25.4	4.304e-7
tpase_000785	85.0	tpase_000044	28.1	76.4	2.462e-18
tpase_004366	70.0	tpase_002659	26.200000000000003	70.7	1.178e-13
tpase_004715	56.0	tpase_002245	28.799999999999997	82.19999999999999	9.055e-10
tpase_005388	119.0	tpase_004452	28.599999999999998	92.60000000000001	1.421e-29
tpase_006527	76.0	tpase_002705	24.8	94.0	4.78e-15
tpase_000015	54.0	tpase_005170	31.6	30.8	1.516e-8
tpase_002597	81.0	tpase_002659	29.799999999999997	55.60000000000001	3.48e-17
tpase_003899	142.0	tpase_001684	26.6	95.1	4.883e-36
tpase_003177	82.0	tpase_004437	23.9	79.10000000000001	6.188e-17
tpase_005069	119.0	tpase_001009	29.9	79.2	1.435e-28
tpase_004108	96.0	tpase_002164	28.199999999999996	82.1	5.474e-22
tpase_000933	52.0	tpase_002058	33.800000000000004	65.60000000000001	8.903e-9
tpase_004310	181.0	tpase_004348	29.599999999999998	98.0	3.293e-49
tpase_001294	70.0	tpase_004411	22.3	79.5	1.337e-13
tpase_002146	0.0	None	0.0	0.0	999.0
tpase_005009	111.0	tpase_004452	28.999999999999996	94.1	5.837e-27
tpase_006205	104.0	tpase_002009	24.3	96.8	9.744e-24
tpase_004780	82.0	tpase_004041	23.7	96.7	1.498e-17
tpase_002070	66.0	tpase_000629	30.0	48.1	2.66e-12
tpase_001389	57.0	tpase_000881	29.599999999999998	54.400000000000006	2.411e-9
tpase_004860	68.0	tpase_006811	29.599999999999998	52.800000000000004	4.129e-13
tpase_004035	72.0	tpase_002659	27.0	63.1	1.774e-14
tpase_004609	36.0	tpase_004280	34.0	66.9	0.0003779
tpase_006240	78.0	tpase_004338	24.0	95.89999999999999	1.378e-15
tpase_003517	53.0	tpase_000623	24.2	79.9	3.38e-8
tpase_000403	164.0	tpase_006994	28.499999999999996	94.8	2.351e-43
tpase_006338	58.0	tpase_002245	28.299999999999997	77.4	4.852e-10
tpase_004290	45.0	tpase_002058	37.8	20.3	7.367e-6
tpase_006042	94.0	tpase_004353	24.8	94.69999999999999	1.204e-20
tpase_006691	70.0	tpase_002058	28.299999999999997	91.8	4.955e-14
tpase_000619	100.0	tpase_002164	29.299999999999997	93.8	3.632e-23
tpase_004688	69.0	tpase_004411	24.4	79.60000000000001	3.292e-14
tpase_004778	38.0	tpase_004409	25.8	67.30000000000001	0.0003486
tpase_002069	68.0	tpase_004199	27.1	57.099999999999994	8.882e-13
tpase_003336	127.0	tpase_004161	26.6	89.3	7.184e-32
tpase_004046	0.0	None	0.0	0.0	999.0
tpase_007003	58.0	tpase_002058	27.500000000000004	42.699999999999996	4.569e-10
tpase_001218	81.0	tpase_003527	21.9	93.5	1.443e-16
tpase_000420	153.0	tpase_006994	26.0	96.6	1.013e-39
tpase_005323	54.0	tpase_005257	26.6	31.3	1.496e-8
tpase_003724	109.0	tpase_004452	32.4	74.0	2.689e-26
tpase_001727	64.0	tpase_006520	27.6	42.4	3.139e-11
tpase_006998	0.0	None	0.0	0.0	999.0
tpase_004125	99.0	tpase_002009	23.9	91.10000000000001	4.032e-22
tpase_005426	51.0	tpase_005257	24.8	40.8	8.226e-8
tpase_001279	121.0	tpase_006879	25.900000000000002	92.0	4.969e-29
tpase_002054	49.0	tpase_004594	30.599999999999998	33.2	5.647e-7
tpase_000747	57.0	tpase_004338	32.5	32.6	1.463e-9
tpase_005544	0.0	None	0.0	0.0	999.0
tpase_006654	70.0	tpase_002659	24.2	82.1	1.169e-13
tpase_001940	117.0	tpase_006514	29.9	66.60000000000001	8.566e-28
tpase_004835	83.0	tpase_004411	24.099999999999998	91.9	1.117e-17
tpase_000407	143.0	tpase_006994	27.900000000000002	91.60000000000001	2.364e-36
tpase_004299	57.0	tpase_006785	30.5	56.10000000000001	5.21e-10
tpase_001217	183.0	tpase_006991	30.4	95.7	6.775e-50
tpase_004795	50.0	tpase_005170	28.4	32.5	2.416e-7
tpase_001692	63.0	tpase_006785	27.900000000000002	67.5	4.835e-12
tpase_002021	56.0	tpase_004446	30.4	35.199999999999996	4.587e-9
tpase_004412	104.0	tpase_002009	24.6	96.1	1.294e-23
tpase_001693	63.0	tpase_006785	27.900000000000002	57.699999999999996	2.482e-11
tpase_003690	127.0	tpase_003389	28.4	94.8	1.95e-31
tpase_000860	0.0	None	0.0	0.0	999.0
tpase_006609	173.0	tpase_004348	31.5	91.3	4.274e-46
tpase_003621	132.0	tpase_004161	27.400000000000002	84.5	1.438e-33
tpase_002596	81.0	tpase_002659	29.799999999999997	64.4	1.829e-17
tpase_001978	75.0	tpase_004848	21.5	86.2	9.979e-15
tpase_005598	59.0	tpase_000882	39.0	20.599999999999998	4.233e-10
tpase_005286	72.0	tpase_004848	22.3	94.89999999999999	5.564e-14
tpase_002123	90.0	tpase_002058	28.199999999999996	84.6	6.527e-20
tpase_001543	0.0	None	0.0	0.0	999.0
tpase_001431	117.0	tpase_002164	31.5	81.2	5.66e-29
tpase_006941	0.0	None	0.0	0.0	999.0
tpase_004938	117.0	tpase_001285	27.800000000000004	97.39999999999999	1.558e-29
tpase_006366	134.0	tpase_004452	33.4	73.4	2.032e-34
tpase_000642	101.0	tpase_006625	29.7	88.2	6.301e-24
tpase_000932	39.0	tpase_003381	32.7	57.9	0.00004432
tpase_000176	108.0	tpase_004452	31.8	72.6	7.028e-26
tpase_004689	92.0	tpase_004411	22.400000000000002	98.2	1.405e-20
tpase_000617	49.0	tpase_006301	30.3	40.400000000000006	3.354e-7
tpase_002585	104.0	tpase_001028	26.8	92.2	1.291e-24
tpase_005071	53.0	tpase_005257	26.6	31.3	2.642e-8
tpase_004431	113.0	tpase_002164	30.8	96.8	1.437e-27
tpase_004201	37.0	tpase_001559	30.3	81.89999999999999	0.0002565
tpase_003444	40.0	tpase_003017	40.9	34.4	0.0000281
tpase_000922	0.0	None	0.0	0.0	999.0
tpase_003571	56.0	tpase_000623	25.0	79.9	3.536e-9
tpase_006050	80.0	tpase_001277	25.5	65.2	2.256e-16
tpase_006523	79.0	tpase_001277	22.7	87.3	5.151e-16
tpase_002974	87.0	tpase_006550	24.6	87.7	1.697e-18
tpase_004150	53.0	tpase_000044	23.5	75.0	2.414e-8
tpase_003613	47.0	tpase_004402	21.099999999999998	62.6	5.982e-6
tpase_001624	145.0	tpase_006994	26.700000000000003	97.5	5.186e-37
tpase_003689	121.0	tpase_003388	29.599999999999998	91.0	4.037e-30
tpase_004952	53.0	tpase_005257	26.6	31.6	2.589e-8
tpase_003121	49.0	tpase_004041	31.7	57.9	6.413e-8
tpase_000943	85.0	tpase_006785	34.5	68.5	1.405e-18
tpase_004881	85.0	tpase_006811	32.9	51.5	1.326e-18
tpase_002966	85.0	tpase_006550	24.9	83.1	3.998e-18
tpase_003172	147.0	tpase_004348	27.800000000000004	97.1	9.348e-38
tpase_003698	110.0	tpase_003388	28.999999999999996	92.30000000000001	1.463e-26
tpase_006657	72.0	tpase_005275	24.5	85.6	8.172e-14
tpase_000810	63.0	tpase_002245	27.3	90.10000000000001	1.119e-11
tpase_001393	66.0	tpase_002058	25.0	85.9	1.072e-12
tpase_006323	113.0	tpase_004411	24.2	94.1	1.942e-27
tpase_004363	95.0	tpase_003861	38.2	38.4	4.571e-21
tpase_004490	87.0	tpase_004437	25.5	79.3	2.087e-18
tpase_001043	121.0	tpase_001045	98.4	75.0	4.112e-34
tpase_006182	102.0	tpase_004209	28.1	97.89999999999999	4.094e-24
tpase_003088	0.0	None	0.0	0.0	999.0
tpase_000076	96.0	tpase_005141	26.400000000000002	94.5	1.064e-21
tpase_003819	49.0	tpase_006625	21.8	77.7	5.232e-7
tpase_004301	104.0	tpase_004452	32.800000000000004	72.0	7.115e-25
tpase_002318	60.0	tpase_002245	23.1	98.2	1.13e-10
tpase_002260	56.0	tpase_002765	29.2	40.9	5.667e-9
tpase_007096	114.0	tpase_004452	28.1	81.10000000000001	7.386e-28
tpase_003835	142.0	tpase_001684	26.3	98.3	4.883e-36
tpase_001384	84.0	tpase_000893	24.6	82.89999999999999	1.046e-17
tpase_006936	38.0	tpase_005149	24.0	41.699999999999996	0.0008333
tpase_000566	83.0	tpase_004041	23.400000000000002	95.3	7.082e-18
tpase_005624	44.0	tpase_002058	23.799999999999997	65.8	0.00001739
tpase_002363	0.0	None	0.0	0.0	999.0
tpase_002132	76.0	tpase_002058	29.9	88.3	3.999e-16
tpase_002320	71.0	tpase_002009	22.3	95.5	2.441e-13
tpase_001394	69.0	tpase_005267	26.700000000000003	71.6	2.829e-13
tpase_004203	59.0	tpase_006785	28.199999999999996	67.2	3.447e-10
tpase_005450	56.0	tpase_005257	26.6	31.4	2.691e-9
tpase_004917	113.0	tpase_001285	28.199999999999996	82.19999999999999	6.601e-28
tpase_001725	106.0	tpase_004452	33.6	73.0	3.149e-25
tpase_000298	120.0	tpase_000982	30.9	93.5	5.982e-30
tpase_000421	149.0	tpase_006994	25.3	94.8	2.694e-38
tpase_003281	115.0	tpase_003747	28.7	88.1	1.447e-28
tpase_002967	96.0	tpase_000584	24.099999999999998	94.3	2.505e-21
tpase_002190	47.0	tpase_004594	31.4	28.7	2.98e-6
tpase_000816	63.0	tpase_002058	23.5	89.3	1.763e-11
tpase_006502	84.0	tpase_006684	29.599999999999998	86.4	3.668e-18
tpase_003560	119.0	tpase_004161	26.900000000000002	80.5	3.868e-29
tpase_003885	155.0	tpase_001684	28.4	99.1	1.967e-40
tpase_002940	72.0	tpase_000044	27.3	76.4	1.971e-14
tpase_003464	63.0	tpase_004411	24.4	84.39999999999999	4.424e-12
tpase_006546	83.0	tpase_001009	24.9	76.8	4.265e-17
tpase_006718	166.0	tpase_004348	28.599999999999998	96.8	4.113e-44
tpase_004372	78.0	tpase_002620	28.7	69.0	6.405e-16
tpase_000021	42.0	tpase_005170	26.0	39.4	0.00007912
tpase_003212	145.0	tpase_006987	27.3	93.30000000000001	4.666e-37
tpase_001274	131.0	tpase_004353	25.900000000000002	88.8	4.837e-32
tpase_001936	75.0	tpase_001009	25.5	74.7	9.518e-15
tpase_004935	0.0	None	0.0	0.0	999.0
tpase_005454	65.0	tpase_006625	25.900000000000002	85.3	2.669e-12
tpase_005393	110.0	tpase_001009	26.0	79.4	1.122e-25
tpase_003619	128.0	tpase_004161	28.000000000000004	82.89999999999999	5.32e-32
tpase_006535	74.0	tpase_002721	26.900000000000002	83.2	1.471e-14
tpase_003276	53.0	tpase_000882	30.2	32.0	4.342e-8
tpase_003615	61.0	tpase_006785	28.999999999999996	64.3	2.137e-11
tpase_004122	52.0	tpase_004041	38.6	49.3	3.406e-9
tpase_005487	49.0	tpase_004848	28.000000000000004	24.7	4.118e-7
tpase_004449	69.0	tpase_006785	32.5	67.2	2.605e-13
tpase_004516	81.0	tpase_002659	25.0	68.8	4.76e-17
tpase_001258	56.0	tpase_004479	32.5	33.300000000000004	4.716e-9
tpase_004026	97.0	tpase_002009	23.9	95.0	1.626e-21
tpase_002796	161.0	tpase_001684	26.200000000000003	98.7	3.087e-42
tpase_005023	51.0	tpase_005257	25.7	31.3	1.451e-7
tpase_006160	91.0	tpase_006253	24.4	97.1	4.898e-20
tpase_005609	55.0	tpase_004479	25.8	46.300000000000004	1.601e-8
tpase_000909	87.0	tpase_001028	25.900000000000002	94.3	7.443e-19
tpase_006913	124.0	tpase_004465	31.4	94.69999999999999	2.177e-31
tpase_005599	98.0	tpase_004209	28.9	71.6	9.349e-23
tpase_001931	72.0	tpase_001009	24.5	75.9	9.076e-14
tpase_004578	101.0	tpase_004348	26.400000000000002	67.30000000000001	1.052e-22
tpase_000091	59.0	tpase_002765	24.0	73.8	2.891e-10
tpase_006493	74.0	tpase_006550	22.900000000000002	84.8	1.611e-14
tpase_006352	48.0	tpase_006127	31.5	26.0	1.723e-6
tpase_005282	59.0	tpase_006625	27.500000000000004	60.199999999999996	2.776e-10
tpase_001422	112.0	tpase_002009	26.6	95.39999999999999	3.407e-26
tpase_003497	136.0	tpase_004161	26.200000000000003	95.19999999999999	7.347e-35
tpase_001886	47.0	tpase_004594	28.999999999999996	33.2	2.303e-6
tpase_004309	0.0	None	0.0	0.0	999.0
tpase_002754	0.0	None	0.0	0.0	999.0
tpase_001481	86.0	tpase_000044	29.599999999999998	72.2	8.213e-19
tpase_002824	92.0	tpase_007008	27.3	94.39999999999999	1.383e-20
tpase_005645	97.0	tpase_004208	28.199999999999996	97.89999999999999	3.123e-22
tpase_005743	58.0	tpase_006785	27.0	62.4	1.902e-10
tpase_006965	96.0	tpase_001875	25.8	72.89999999999999	2.804e-21
tpase_004068	85.0	tpase_006761	27.900000000000002	71.8	1.884e-18
tpase_003076	78.0	tpase_004348	23.200000000000003	93.7	9.32e-16
tpase_001164	91.0	tpase_004041	25.900000000000002	95.5	1.776e-20
tpase_000821	63.0	tpase_006625	27.800000000000004	62.0	1.284e-11
tpase_005705	70.0	tpase_004437	23.799999999999997	89.7	2.237e-13
tpase_003187	40.0	tpase_001391	28.799999999999997	70.39999999999999	0.00002062
tpase_005623	41.0	tpase_006785	25.1	71.39999999999999	0.00006814
tpase_000424	136.0	tpase_006994	28.000000000000004	87.8	9.252e-35
tpase_005461	51.0	tpase_005257	24.8	41.199999999999996	8.068e-8
tpase_003312	0.0	None	0.0	0.0	999.0
tpase_003483	120.0	tpase_004161	26.900000000000002	84.0	1.387e-29
tpase_003352	136.0	tpase_004161	27.900000000000002	89.0	9.52e-35
tpase_003122	56.0	tpase_002058	27.700000000000003	92.30000000000001	1.985e-9
tpase_000413	83.0	tpase_006991	28.199999999999996	61.4	9.172e-18
tpase_005614	39.0	tpase_004114	42.0	37.9	0.00006232
tpase_005175	93.0	tpase_002164	28.499999999999996	92.9	5.69e-21
tpase_000651	106.0	tpase_006056	27.800000000000004	92.30000000000001	1.73e-25
tpase_006774	176.0	tpase_004348	31.4	98.0	2.456e-47
tpase_002590	79.0	tpase_006761	28.000000000000004	78.8	9.29e-17
tpase_004298	0.0	None	0.0	0.0	999.0
tpase_003620	130.0	tpase_004161	28.4	84.2	8.938e-33
tpase_006322	58.0	tpase_000703	26.8	54.50000000000001	2.215e-10
tpase_006435	73.0	tpase_004411	23.7	88.7	1.367e-14
tpase_005372	117.0	tpase_005374	100.0	73.8	9.767e-33
tpase_006388	77.0	tpase_003235	26.400000000000002	88.5	1.919e-15
tpase_002141	116.0	tpase_004452	34.5	72.7	1.342e-28
tpase_005751	142.0	tpase_003247	30.2	90.9	4.633e-36
tpase_004453	108.0	tpase_005275	30.2	76.6	3.589e-25
tpase_002020	48.0	tpase_003527	27.0	37.1	1.288e-6
tpase_002151	59.0	tpase_002133	29.5	72.2	4.22e-10
tpase_002192	43.0	tpase_003582	28.599999999999998	37.5	0.00003074
tpase_004998	111.0	tpase_004452	32.4	73.0	5.837e-27
tpase_005283	91.0	tpase_002164	31.5	81.10000000000001	1.721e-20
tpase_000941	43.0	tpase_004409	25.4	64.9	5.078e-6
tpase_003090	71.0	tpase_004411	25.1	88.7	6.238e-14
tpase_001127	61.0	tpase_004411	24.3	88.1	8.144e-11
tpase_000538	126.0	tpase_000982	30.3	93.5	4.654e-32
tpase_005519	106.0	tpase_001009	27.700000000000003	75.4	1.419e-24
tpase_004764	53.0	tpase_006127	31.7	33.6	2.483e-8
tpase_004202	59.0	tpase_006785	28.199999999999996	76.5	7.539e-11
tpase_005606	111.0	tpase_004209	30.9	72.8	6.474e-27
tpase_001598	118.0	tpase_003527	26.1	95.3	3.13e-28
tpase_001716	115.0	tpase_004353	26.900000000000002	91.10000000000001	6.722e-27
tpase_004997	98.0	tpase_001009	27.500000000000004	77.3	7.937e-22
tpase_004032	109.0	tpase_002009	24.9	96.89999999999999	4.734e-25
tpase_007000	72.0	tpase_004411	28.599999999999998	61.4	2.939e-14
tpase_005255	104.0	tpase_001028	28.799999999999997	94.3	9.683e-25
tpase_005468	39.0	tpase_007058	25.7	38.0	0.0006752
tpase_003338	119.0	tpase_004161	25.2	85.6	5.213e-29
tpase_002398	165.0	tpase_006987	33.300000000000004	78.9	8.488e-44
tpase_003061	76.0	tpase_005214	27.900000000000002	89.3	5.425e-16
tpase_005412	109.0	tpase_004452	33.0	74.0	3.633e-26
tpase_006329	78.0	tpase_004041	24.5	90.10000000000001	5.631e-16
tpase_004016	121.0	tpase_004348	28.000000000000004	90.2	5.804e-29
tpase_003868	68.0	tpase_006625	33.5	61.3	1.108e-13
tpase_005272	110.0	tpase_002164	32.4	83.5	1.005e-26
tpase_007084	64.0	tpase_002133	28.499999999999996	74.6	1.028e-11
tpase_003863	84.0	tpase_006625	33.1	70.6	1.968e-18
tpase_001159	39.0	tpase_002718	33.300000000000004	63.6	0.00002554
tpase_006289	58.0	tpase_000495	45.5	52.7	4.348e-11
tpase_000415	90.0	tpase_006991	28.4	68.2	1.892e-20
tpase_003849	74.0	tpase_002659	27.900000000000002	64.4	8.814e-15
tpase_004929	60.0	tpase_004446	25.2	76.4	9.458e-11
tpase_004153	119.0	tpase_006515	26.700000000000003	88.8	1.79e-28
tpase_006339	98.0	tpase_007008	26.8	91.8	1.28e-22
tpase_006404	0.0	None	0.0	0.0	999.0
tpase_003209	67.0	tpase_004446	21.8	86.8	2.226e-12
tpase_006401	112.0	tpase_004208	29.799999999999997	97.89999999999999	3.203e-27
tpase_003185	53.0	tpase_000703	26.5	61.1	9.793e-9
tpase_005685	78.0	tpase_005214	27.6	78.8	2.115e-16
tpase_001461	83.0	tpase_000044	31.4	60.8	1.304e-17
tpase_001420	160.0	tpase_006516	29.5	95.1	8.013e-42
tpase_002005	48.0	tpase_001904	27.500000000000004	42.8	1.307e-6
tpase_000430	144.0	tpase_006994	27.200000000000003	92.10000000000001	1.223e-36
tpase_006531	74.0	tpase_000044	26.700000000000003	75.7	5.21e-15
tpase_002401	93.0	tpase_001338	25.900000000000002	93.0	3.206e-20
tpase_003186	72.0	tpase_004411	24.8	88.7	2.753e-14
tpase_004462	0.0	None	0.0	0.0	999.0
tpase_000657	126.0	tpase_006056	28.999999999999996	87.8	1.999e-32
tpase_001699	63.0	tpase_001009	25.7	77.8	5.147e-11
tpase_003869	143.0	tpase_001684	26.700000000000003	98.3	2.695e-36
tpase_002194	0.0	None	0.0	0.0	999.0
tpase_004779	61.0	tpase_006785	28.9	80.9	6.68e-12
tpase_001060	95.0	tpase_000982	29.599999999999998	86.5	1.355e-21
tpase_004015	162.0	tpase_004353	30.099999999999998	97.2	1.936e-42
tpase_004447	37.0	tpase_004205	33.7	69.3	0.0003489
tpase_006877	119.0	tpase_006879	95.39999999999999	75.0	1.771e-33
tpase_004580	0.0	None	0.0	0.0	999.0
tpase_005967	80.0	tpase_004437	24.0	78.8	2.589e-16
tpase_002411	66.0	tpase_002705	25.0	62.2	7.328e-12
tpase_001599	119.0	tpase_004348	26.200000000000003	95.0	2.869e-28
tpase_004217	44.0	tpase_000239	28.4	65.7	4.735e-6
tpase_003214	112.0	tpase_006514	29.299999999999997	66.5	2.73e-26
tpase_007069	68.0	tpase_002245	29.299999999999997	62.4	4.627e-13
tpase_006224	98.0	tpase_005600	26.3	82.89999999999999	1.368e-22
tpase_005026	111.0	tpase_004452	31.4	79.4	1.353e-26
tpase_005224	133.0	tpase_000044	34.5	76.0	4.343e-34
tpase_001404	60.0	tpase_002058	28.999999999999996	80.0	1.894e-10
tpase_006091	122.0	tpase_006093	100.0	74.4	2.404e-34
tpase_002222	187.0	tpase_004353	32.300000000000004	98.4	2.548e-51
tpase_004877	0.0	None	0.0	0.0	999.0
tpase_004377	82.0	tpase_006811	30.599999999999998	67.9	1.276e-17
tpase_003356	44.0	tpase_003045	36.8	27.6	0.00004424
tpase_005633	81.0	tpase_000881	31.6	62.1	1.25e-16
tpase_004218	44.0	tpase_000239	28.4	41.5	0.00001318
tpase_004943	38.0	tpase_006082	24.7	85.39999999999999	0.0001748
tpase_000871	0.0	None	0.0	0.0	999.0
tpase_002290	57.0	tpase_003134	22.0	87.2	2.01e-9
tpase_004206	91.0	tpase_000982	28.9	90.9	1.917e-20
tpase_006193	73.0	tpase_002105	26.3	60.0	3.677e-14
tpase_006102	77.0	tpase_006625	31.6	62.7	3.534e-16
tpase_003800	83.0	tpase_006279	22.900000000000002	92.5	4.069e-17
tpase_002899	117.0	tpase_004465	30.2	96.8	6.734e-29
tpase_000936	0.0	None	0.0	0.0	999.0
tpase_005534	100.0	tpase_001904	27.1	73.5	1.931e-22
tpase_004042	94.0	tpase_000919	27.200000000000003	85.2	1.548e-21
tpase_002362	119.0	tpase_000982	30.599999999999998	93.5	1.096e-29
tpase_005300	74.0	tpase_004411	24.9	89.9	6.156e-15
tpase_004385	107.0	tpase_001534	31.1	83.39999999999999	1.306e-25
tpase_006786	374.0	tpase_006785	99.4	75.1	5.464e-117
tpase_006656	200.0	tpase_004348	33.0	94.3	1.494e-55
tpase_002103	105.0	tpase_004452	30.2	72.0	5.952e-25
tpase_000659	67.0	tpase_000239	33.1	84.2	1.056e-13
tpase_001245	166.0	tpase_001684	26.900000000000002	99.1	7.136e-44
tpase_004124	95.0	tpase_002009	23.400000000000002	85.3	8.552e-21
tpase_000129	80.0	tpase_003731	23.799999999999997	81.3	2.112e-16
tpase_001165	70.0	tpase_006625	26.900000000000002	83.3	9.732e-14
tpase_006431	72.0	tpase_004041	23.0	93.0	2.436e-14
tpase_005143	86.0	tpase_001226	24.2	77.3	4.662e-18
tpase_002762	127.0	tpase_000328	28.7	81.10000000000001	4.523e-31
tpase_000525	52.0	tpase_006673	27.400000000000002	33.4	6.193e-8
tpase_002191	75.0	tpase_002058	26.700000000000003	75.1	2.378e-15
tpase_001726	85.0	tpase_002164	27.200000000000003	94.0	1.887e-18
tpase_004365	70.0	tpase_002659	26.200000000000003	78.8	8.248e-14
tpase_005334	98.0	tpase_001028	24.8	93.5	1.841e-22
tpase_006605	63.0	tpase_000239	32.2	56.39999999999999	3.131e-12
tpase_003188	58.0	tpase_006785	28.299999999999997	55.2	3.567e-10
tpase_005151	79.0	tpase_004411	23.7	91.10000000000001	2.353e-16
tpase_002689	94.0	tpase_002058	28.9	85.0	1.574e-21
tpase_000286	62.0	tpase_002642	26.400000000000002	73.9	2.736e-11
tpase_002025	69.0	tpase_000044	26.3	78.8	2.033e-13
tpase_006299	90.0	tpase_005500	24.9	92.30000000000001	1.507e-19
tpase_000084	106.0	tpase_004353	25.8	97.0	2.298e-24
tpase_003337	119.0	tpase_004161	26.3	80.7	2.87e-29
tpase_000078	84.0	tpase_000234	26.1	58.9	1.134e-17
tpase_006948	61.0	tpase_004862	24.3	91.9	1.016e-10
tpase_003227	0.0	None	0.0	0.0	999.0
tpase_005180	104.0	tpase_004452	30.0	85.0	1.024e-24
tpase_006775	81.0	tpase_004437	25.1	79.3	1.724e-16
tpase_006943	95.0	tpase_004041	24.4	97.6	1.209e-21
tpase_000200	41.0	tpase_004723	33.0	35.0	0.0001651
tpase_001126	44.0	tpase_000239	26.8	70.8	7.196e-6
tpase_005966	49.0	tpase_005488	27.700000000000003	42.4	5.457e-7
tpase_004029	122.0	tpase_003247	32.300000000000004	63.1	2.03e-29
tpase_001983	123.0	tpase_004353	25.1	91.10000000000001	1.255e-29
tpase_005474	171.0	tpase_001267	32.0	88.1	1.24e-45
tpase_006667	64.0	tpase_006785	35.0	56.39999999999999	7.427e-12
tpase_005448	117.0	tpase_004437	31.7	85.6	6.202e-28
tpase_001696	98.0	tpase_005275	26.900000000000002	68.5	8.553e-22
tpase_006334	121.0	tpase_004452	31.7	74.0	3.119e-30
tpase_001314	97.0	tpase_001320	28.599999999999998	85.5	1.987e-21
tpase_005174	102.0	tpase_004204	29.299999999999997	95.0	6.054e-24
tpase_006316	60.0	tpase_002058	26.700000000000003	80.0	1.421e-10
tpase_003616	89.0	tpase_004411	25.5	93.4	1.345e-19
tpase_004300	57.0	tpase_006785	30.5	55.2	1.465e-9
tpase_004857	68.0	tpase_002659	24.3	81.10000000000001	2.676e-13
tpase_004469	115.0	tpase_004452	37.3	74.0	2.161e-28
tpase_007102	64.0	tpase_004479	23.0	90.9	2.943e-11
tpase_001752	118.0	tpase_001689	34.699999999999996	67.60000000000001	4.947e-29
tpase_006830	73.0	tpase_004411	24.099999999999998	88.1	1.422e-14
tpase_003051	89.0	tpase_002392	26.8	90.9	4.484e-20
tpase_000861	66.0	tpase_006785	25.900000000000002	79.80000000000001	2.46e-13
tpase_006784	66.0	tpase_000919	33.300000000000004	83.6	1.369e-13
tpase_005745	108.0	tpase_004452	33.800000000000004	74.3	6.627e-26
tpase_003213	117.0	tpase_003246	28.000000000000004	90.10000000000001	8.845e-28
tpase_002511	115.0	tpase_004452	31.4	91.7	2.07e-28
tpase_004672	41.0	tpase_004409	23.1	85.7	0.00004857
tpase_002759	140.0	tpase_006879	26.1	94.19999999999999	1.532e-35
tpase_000417	108.0	tpase_006994	26.3	91.60000000000001	8.268e-26
tpase_005545	53.0	tpase_000903	28.599999999999998	38.800000000000004	2.712e-8
tpase_001343	102.0	tpase_004209	28.599999999999998	98.2	4.656e-24
tpase_001919	64.0	tpase_003527	25.2	58.199999999999996	2.18e-11
tpase_001680	134.0	tpase_001729	27.900000000000002	85.5	7.768e-34
tpase_006117	124.0	tpase_004452	33.0	74.0	3.727e-31
tpase_004360	87.0	tpase_001028	26.900000000000002	81.89999999999999	3.028e-19
tpase_001678	70.0	tpase_002705	23.0	80.30000000000001	3.237e-13
tpase_004014	0.0	None	0.0	0.0	999.0
tpase_005957	46.0	tpase_004446	32.300000000000004	26.3	4.187e-6
tpase_004051	69.0	tpase_002142	29.4	74.3	1.039e-13
tpase_002619	150.0	tpase_003846	25.900000000000002	99.6	2.851e-38
tpase_006604	0.0	None	0.0	0.0	999.0
tpase_002006	48.0	tpase_001904	28.799999999999997	40.1	1.706e-6
tpase_006390	63.0	tpase_000239	33.900000000000006	48.4	6.473e-12
tpase_004419	101.0	tpase_002009	24.4	95.0	9.663e-23
tpase_001299	55.0	tpase_000044	26.200000000000003	75.0	5.838e-9
tpase_001510	57.0	tpase_004619	33.900000000000006	55.300000000000004	2.723e-10
tpase_005049	117.0	tpase_006749	28.9	89.0	8.02e-28
tpase_005070	86.0	tpase_004437	26.900000000000002	77.60000000000001	3.587e-18
tpase_006832	85.0	tpase_002009	22.2	87.9	1.294e-17
tpase_004858	68.0	tpase_002659	24.3	69.3	4.542e-13
tpase_002975	98.0	tpase_001682	23.0	95.6	4.943e-22
tpase_004050	55.0	tpase_002791	31.0	74.7	1.005e-9
tpase_003900	96.0	tpase_006625	31.5	80.30000000000001	3.209e-22
tpase_000862	69.0	tpase_002058	23.400000000000002	87.3	2.254e-13
tpase_003881	64.0	tpase_001009	25.2	64.60000000000001	3.794e-11
tpase_006360	78.0	tpase_001093	25.2	98.3	5.758e-16
tpase_005265	76.0	tpase_006811	30.4	55.400000000000006	1.095e-15
tpase_004236	178.0	tpase_004348	30.0	96.6	3.765e-48
tpase_003872	75.0	tpase_006550	25.5	89.2	8.293e-15
tpase_004378	82.0	tpase_006811	30.599999999999998	57.699999999999996	2.631e-17
tpase_004930	61.0	tpase_000579	22.0	96.0	1.807e-10
tpase_002599	158.0	tpase_006514	30.3	96.89999999999999	4.229e-41
tpase_000539	53.0	tpase_006673	24.5	43.9	2.202e-8
tpase_003120	36.0	tpase_003922	30.9	50.0	0.0006296
tpase_002687	48.0	tpase_004409	30.4	88.1	2.322e-7
tpase_006844	126.0	tpase_006846	95.39999999999999	75.0	5.923e-36
tpase_004159	115.0	tpase_006515	25.4	88.4	4.074e-27
tpase_005281	66.0	tpase_004411	23.200000000000003	89.9	2.313e-12
tpase_001546	112.0	tpase_004452	35.6	76.1	1.872e-27
tpase_000942	87.0	tpase_006785	34.300000000000004	78.8	3.039e-20
tpase_005801	54.0	tpase_004446	37.5	21.7	2.3e-8
tpase_000335	66.0	tpase_006625	23.0	94.6	2.137e-12
tpase_004018	39.0	tpase_004337	27.3	32.800000000000004	0.0006519
tpase_003638	80.0	tpase_004411	26.0	84.0	6.989e-17
tpase_006356	121.0	tpase_004452	33.4	74.0	3.119e-30
tpase_002314	104.0	tpase_005275	28.000000000000004	73.9	6.471e-24
tpase_001488	103.0	tpase_002133	40.400000000000006	74.6	3.58e-24
tpase_005083	134.0	tpase_001729	26.6	89.3	2.475e-33
tpase_005020	73.0	tpase_004411	23.3	79.4	1.861e-14
tpase_005889	69.0	tpase_000044	26.5	78.10000000000001	2.033e-13
tpase_004774	83.0	tpase_002058	24.3	86.2	8.325e-18
tpase_006446	61.0	tpase_004409	25.1	91.2	5.424e-12
tpase_006114	112.0	tpase_004452	31.7	85.5	2.368e-27
tpase_000289	70.0	tpase_006625	27.3	93.2	7.869e-14
tpase_006500	82.0	tpase_000005	24.3	86.2	3.994e-17
tpase_006689	42.0	tpase_006460	44.1	46.7	5.023e-6
tpase_005965	55.0	tpase_000882	35.8	22.400000000000002	7.039e-9
tpase_002573	147.0	tpase_006516	28.000000000000004	95.3	2.058e-37
tpase_000901	105.0	tpase_000919	28.7	85.5	5.017e-25
tpase_002201	118.0	tpase_004209	29.799999999999997	98.2	4.185e-29
tpase_003562	54.0	tpase_006785	27.500000000000004	78.8	1.682e-9
tpase_001086	72.0	tpase_004041	23.5	81.6	3.252e-14
tpase_003062	110.0	tpase_002625	27.500000000000004	86.9	8.743e-26
tpase_002414	85.0	tpase_002344	25.4	91.4	1.906e-18
tpase_005287	0.0	None	0.0	0.0	999.0
tpase_002135	94.0	tpase_004331	26.8	97.3	1.71e-21
tpase_000583	102.0	tpase_004353	27.0	90.4	4.696e-23
tpase_003633	126.0	tpase_004161	25.4	95.19999999999999	2.481e-31
tpase_005664	118.0	tpase_004437	31.3	81.5	2.595e-28
tpase_000225	81.0	tpase_003731	23.0	84.39999999999999	1.163e-16
tpase_001563	104.0	tpase_002164	31.0	83.89999999999999	1.408e-24
tpase_003411	132.0	tpase_004452	34.4	73.0	9.107e-34
tpase_005022	71.0	tpase_000044	28.7	75.7	4.82e-14
tpase_005460	76.0	tpase_000044	28.499999999999996	75.0	1.877e-15
tpase_006152	0.0	None	0.0	0.0	999.0
tpase_006690	55.0	tpase_006785	28.599999999999998	79.3	6.744e-10
tpase_005228	55.0	tpase_000882	35.699999999999996	21.2	1.235e-8
neg_006255	0.0	None	0.0	0.0	999.0
neg_014684	0.0	None	0.0	0.0	999.0
neg_004353	0.0	None	0.0	0.0	999.0
neg_005017	0.0	None	0.0	0.0	999.0
neg_005845	0.0	None	0.0	0.0	999.0
neg_020334	0.0	None	0.0	0.0	999.0
neg_015098	0.0	None	0.0	0.0	999.0
neg_011094	0.0	None	0.0	0.0	999.0
neg_019728	0.0	None	0.0	0.0	999.0
neg_014675	0.0	None	0.0	0.0	999.0
neg_006831	0.0	None	0.0	0.0	999.0
neg_004073	0.0	None	0.0	0.0	999.0
neg_018582	0.0	None	0.0	0.0	999.0
neg_004344	0.0	None	0.0	0.0	999.0
neg_013632	0.0	None	0.0	0.0	999.0
neg_004854	0.0	None	0.0	0.0	999.0
neg_002176	0.0	None	0.0	0.0	999.0
neg_009865	0.0	None	0.0	0.0	999.0
neg_002787	0.0	None	0.0	0.0	999.0
neg_008536	0.0	None	0.0	0.0	999.0
neg_011619	0.0	None	0.0	0.0	999.0
neg_015543	0.0	None	0.0	0.0	999.0
neg_000511	0.0	None	0.0	0.0	999.0
neg_007029	0.0	None	0.0	0.0	999.0
neg_017280	0.0	None	0.0	0.0	999.0
neg_016291	0.0	None	0.0	0.0	999.0
neg_015983	0.0	None	0.0	0.0	999.0
neg_000567	0.0	None	0.0	0.0	999.0
neg_015799	0.0	None	0.0	0.0	999.0
neg_011110	0.0	None	0.0	0.0	999.0
neg_012700	0.0	None	0.0	0.0	999.0
neg_016945	0.0	None	0.0	0.0	999.0
neg_018695	0.0	None	0.0	0.0	999.0
neg_006140	0.0	None	0.0	0.0	999.0
neg_001212	0.0	None	0.0	0.0	999.0
neg_002826	0.0	None	0.0	0.0	999.0
neg_009330	0.0	None	0.0	0.0	999.0
neg_003963	0.0	None	0.0	0.0	999.0
neg_002766	0.0	None	0.0	0.0	999.0
neg_016143	0.0	None	0.0	0.0	999.0
neg_002599	0.0	None	0.0	0.0	999.0
neg_007965	0.0	None	0.0	0.0	999.0
neg_007816	0.0	None	0.0	0.0	999.0
neg_009763	0.0	None	0.0	0.0	999.0
neg_007495	0.0	None	0.0	0.0	999.0
neg_016521	0.0	None	0.0	0.0	999.0
neg_010974	0.0	None	0.0	0.0	999.0
neg_011349	0.0	None	0.0	0.0	999.0
neg_008009	0.0	None	0.0	0.0	999.0
neg_004160	0.0	None	0.0	0.0	999.0
neg_006815	0.0	None	0.0	0.0	999.0
neg_007551	0.0	None	0.0	0.0	999.0
neg_005719	0.0	None	0.0	0.0	999.0
neg_010111	0.0	None	0.0	0.0	999.0
neg_018167	0.0	None	0.0	0.0	999.0
neg_015121	0.0	None	0.0	0.0	999.0
neg_015183	0.0	None	0.0	0.0	999.0
neg_011271	0.0	None	0.0	0.0	999.0
neg_020508	0.0	None	0.0	0.0	999.0
neg_006840	0.0	None	0.0	0.0	999.0
neg_015800	0.0	None	0.0	0.0	999.0
neg_012021	0.0	None	0.0	0.0	999.0
neg_005801	0.0	None	0.0	0.0	999.0
neg_019201	0.0	None	0.0	0.0	999.0
neg_010207	0.0	None	0.0	0.0	999.0
neg_018509	0.0	None	0.0	0.0	999.0
neg_012726	0.0	None	0.0	0.0	999.0
neg_018016	0.0	None	0.0	0.0	999.0
neg_020828	0.0	None	0.0	0.0	999.0
neg_011726	0.0	None	0.0	0.0	999.0
neg_012655	0.0	None	0.0	0.0	999.0
neg_003507	0.0	None	0.0	0.0	999.0
neg_005308	0.0	None	0.0	0.0	999.0
neg_011665	0.0	None	0.0	0.0	999.0
neg_013241	0.0	None	0.0	0.0	999.0
neg_013804	0.0	None	0.0	0.0	999.0
neg_016890	0.0	None	0.0	0.0	999.0
neg_016154	0.0	None	0.0	0.0	999.0
neg_005252	0.0	None	0.0	0.0	999.0
neg_003216	0.0	None	0.0	0.0	999.0
neg_003459	0.0	None	0.0	0.0	999.0
neg_011317	0.0	None	0.0	0.0	999.0
neg_000007	0.0	None	0.0	0.0	999.0
neg_016516	0.0	None	0.0	0.0	999.0
neg_007993	0.0	None	0.0	0.0	999.0
neg_004318	0.0	None	0.0	0.0	999.0
neg_020025	0.0	None	0.0	0.0	999.0
neg_008004	0.0	None	0.0	0.0	999.0
neg_003398	0.0	None	0.0	0.0	999.0
neg_005941	0.0	None	0.0	0.0	999.0
neg_001650	0.0	None	0.0	0.0	999.0
neg_019743	0.0	None	0.0	0.0	999.0
neg_004667	0.0	None	0.0	0.0	999.0
neg_017916	0.0	None	0.0	0.0	999.0
neg_019887	0.0	None	0.0	0.0	999.0
neg_020216	0.0	None	0.0	0.0	999.0
neg_001633	0.0	None	0.0	0.0	999.0
neg_009124	0.0	None	0.0	0.0	999.0
neg_013599	0.0	None	0.0	0.0	999.0
neg_016064	0.0	None	0.0	0.0	999.0
neg_020951	0.0	None	0.0	0.0	999.0
neg_010772	0.0	None	0.0	0.0	999.0
neg_003361	0.0	None	0.0	0.0	999.0
neg_004380	0.0	None	0.0	0.0	999.0
neg_006540	0.0	None	0.0	0.0	999.0
neg_010367	0.0	None	0.0	0.0	999.0
neg_000164	0.0	None	0.0	0.0	999.0
neg_006113	0.0	None	0.0	0.0	999.0
neg_004743	0.0	None	0.0	0.0	999.0
neg_020518	0.0	None	0.0	0.0	999.0
neg_020095	0.0	None	0.0	0.0	999.0
neg_013107	0.0	None	0.0	0.0	999.0
neg_005698	0.0	None	0.0	0.0	999.0
neg_014411	0.0	None	0.0	0.0	999.0
neg_021041	0.0	None	0.0	0.0	999.0
neg_017809	0.0	None	0.0	0.0	999.0
neg_007323	0.0	None	0.0	0.0	999.0
neg_003683	0.0	None	0.0	0.0	999.0
neg_010798	0.0	None	0.0	0.0	999.0
neg_015639	0.0	None	0.0	0.0	999.0
neg_020376	0.0	None	0.0	0.0	999.0
neg_012696	0.0	None	0.0	0.0	999.0
neg_014066	0.0	None	0.0	0.0	999.0
neg_013078	0.0	None	0.0	0.0	999.0
neg_020643	0.0	None	0.0	0.0	999.0
neg_005127	0.0	None	0.0	0.0	999.0
neg_012384	0.0	None	0.0	0.0	999.0
neg_017424	0.0	None	0.0	0.0	999.0
neg_018134	0.0	None	0.0	0.0	999.0
neg_013396	0.0	None	0.0	0.0	999.0
neg_001016	0.0	None	0.0	0.0	999.0
neg_002744	0.0	None	0.0	0.0	999.0
neg_018425	0.0	None	0.0	0.0	999.0
neg_007171	0.0	None	0.0	0.0	999.0
neg_012479	0.0	None	0.0	0.0	999.0
neg_003972	0.0	None	0.0	0.0	999.0
neg_019607	0.0	None	0.0	0.0	999.0
neg_017562	0.0	None	0.0	0.0	999.0
neg_012916	0.0	None	0.0	0.0	999.0
neg_016160	0.0	None	0.0	0.0	999.0
neg_007995	0.0	None	0.0	0.0	999.0
neg_006187	0.0	None	0.0	0.0	999.0
neg_012545	0.0	None	0.0	0.0	999.0
neg_017961	0.0	None	0.0	0.0	999.0
neg_000054	0.0	None	0.0	0.0	999.0
neg_014031	0.0	None	0.0	0.0	999.0
neg_015397	0.0	None	0.0	0.0	999.0
neg_020449	0.0	None	0.0	0.0	999.0
neg_018231	0.0	None	0.0	0.0	999.0
neg_017221	0.0	None	0.0	0.0	999.0
neg_006386	0.0	None	0.0	0.0	999.0
neg_017405	0.0	None	0.0	0.0	999.0
neg_004197	0.0	None	0.0	0.0	999.0
neg_013453	0.0	None	0.0	0.0	999.0
neg_008581	0.0	None	0.0	0.0	999.0
neg_016270	0.0	None	0.0	0.0	999.0
neg_011525	0.0	None	0.0	0.0	999.0
neg_002188	0.0	None	0.0	0.0	999.0
neg_010069	0.0	None	0.0	0.0	999.0
neg_006797	0.0	None	0.0	0.0	999.0
neg_004836	39.0	tpase_006613	23.5	36.5	0.0009056
neg_000475	0.0	None	0.0	0.0	999.0
neg_005886	0.0	None	0.0	0.0	999.0
neg_016216	0.0	None	0.0	0.0	999.0
neg_019050	0.0	None	0.0	0.0	999.0
neg_014583	0.0	None	0.0	0.0	999.0
neg_014356	0.0	None	0.0	0.0	999.0
neg_001357	0.0	None	0.0	0.0	999.0
neg_002255	0.0	None	0.0	0.0	999.0
neg_013240	0.0	None	0.0	0.0	999.0
neg_013355	0.0	None	0.0	0.0	999.0
neg_013797	0.0	None	0.0	0.0	999.0
neg_018413	0.0	None	0.0	0.0	999.0
neg_007517	0.0	None	0.0	0.0	999.0
neg_000868	0.0	None	0.0	0.0	999.0
neg_012936	0.0	None	0.0	0.0	999.0
neg_020408	0.0	None	0.0	0.0	999.0
neg_014957	0.0	None	0.0	0.0	999.0
neg_019339	0.0	None	0.0	0.0	999.0
neg_000209	0.0	None	0.0	0.0	999.0
neg_018847	0.0	None	0.0	0.0	999.0
neg_003922	0.0	None	0.0	0.0	999.0
neg_008473	0.0	None	0.0	0.0	999.0
neg_000575	0.0	None	0.0	0.0	999.0
neg_012039	0.0	None	0.0	0.0	999.0
neg_010171	0.0	None	0.0	0.0	999.0
neg_016417	0.0	None	0.0	0.0	999.0
neg_011264	0.0	None	0.0	0.0	999.0
neg_020419	0.0	None	0.0	0.0	999.0
neg_020939	0.0	None	0.0	0.0	999.0
neg_003766	0.0	None	0.0	0.0	999.0
neg_016583	0.0	None	0.0	0.0	999.0
neg_010093	0.0	None	0.0	0.0	999.0
neg_018223	0.0	None	0.0	0.0	999.0
neg_012866	0.0	None	0.0	0.0	999.0
neg_001141	0.0	None	0.0	0.0	999.0
neg_007207	0.0	None	0.0	0.0	999.0
neg_011305	0.0	None	0.0	0.0	999.0
neg_005912	0.0	None	0.0	0.0	999.0
neg_016217	0.0	None	0.0	0.0	999.0
neg_015765	0.0	None	0.0	0.0	999.0
neg_019890	0.0	None	0.0	0.0	999.0
neg_004394	0.0	None	0.0	0.0	999.0
neg_010383	0.0	None	0.0	0.0	999.0
neg_000172	0.0	None	0.0	0.0	999.0
neg_020535	0.0	None	0.0	0.0	999.0
neg_013304	0.0	None	0.0	0.0	999.0
neg_004804	0.0	None	0.0	0.0	999.0
neg_017650	0.0	None	0.0	0.0	999.0
neg_007205	0.0	None	0.0	0.0	999.0
neg_008551	0.0	None	0.0	0.0	999.0
neg_020565	0.0	None	0.0	0.0	999.0
neg_012678	0.0	None	0.0	0.0	999.0
neg_000114	0.0	None	0.0	0.0	999.0
neg_004823	0.0	None	0.0	0.0	999.0
neg_007448	0.0	None	0.0	0.0	999.0
neg_018375	0.0	None	0.0	0.0	999.0
neg_009411	0.0	None	0.0	0.0	999.0
neg_008817	0.0	None	0.0	0.0	999.0
neg_010416	0.0	None	0.0	0.0	999.0
neg_000570	0.0	None	0.0	0.0	999.0
neg_003787	0.0	None	0.0	0.0	999.0
neg_000662	0.0	None	0.0	0.0	999.0
neg_002226	0.0	None	0.0	0.0	999.0
neg_013515	0.0	None	0.0	0.0	999.0
neg_012797	0.0	None	0.0	0.0	999.0
neg_006367	0.0	None	0.0	0.0	999.0
neg_004057	0.0	None	0.0	0.0	999.0
neg_009853	0.0	None	0.0	0.0	999.0
neg_019561	0.0	None	0.0	0.0	999.0
neg_003529	0.0	None	0.0	0.0	999.0
neg_010709	0.0	None	0.0	0.0	999.0
neg_016936	0.0	None	0.0	0.0	999.0
neg_016925	0.0	None	0.0	0.0	999.0
neg_016033	0.0	None	0.0	0.0	999.0
neg_014006	0.0	None	0.0	0.0	999.0
neg_018371	0.0	None	0.0	0.0	999.0
neg_003214	0.0	None	0.0	0.0	999.0
neg_020525	0.0	None	0.0	0.0	999.0
neg_001116	0.0	None	0.0	0.0	999.0
neg_005974	0.0	None	0.0	0.0	999.0
neg_008458	0.0	None	0.0	0.0	999.0
neg_002078	0.0	None	0.0	0.0	999.0
neg_010968	0.0	None	0.0	0.0	999.0
neg_012711	0.0	None	0.0	0.0	999.0
neg_015837	0.0	None	0.0	0.0	999.0
neg_017364	0.0	None	0.0	0.0	999.0
neg_001017	0.0	None	0.0	0.0	999.0
neg_000387	0.0	None	0.0	0.0	999.0
neg_013269	0.0	None	0.0	0.0	999.0
neg_020663	0.0	None	0.0	0.0	999.0
neg_014632	0.0	None	0.0	0.0	999.0
neg_005465	0.0	None	0.0	0.0	999.0
neg_011589	0.0	None	0.0	0.0	999.0
neg_003456	0.0	None	0.0	0.0	999.0
neg_018806	0.0	None	0.0	0.0	999.0
neg_013868	0.0	None	0.0	0.0	999.0
neg_007490	0.0	None	0.0	0.0	999.0
neg_019701	0.0	None	0.0	0.0	999.0
neg_012981	0.0	None	0.0	0.0	999.0
neg_001031	0.0	None	0.0	0.0	999.0
neg_001163	0.0	None	0.0	0.0	999.0
neg_004001	0.0	None	0.0	0.0	999.0
neg_018944	0.0	None	0.0	0.0	999.0
neg_004783	0.0	None	0.0	0.0	999.0
neg_009493	0.0	None	0.0	0.0	999.0
neg_018352	0.0	None	0.0	0.0	999.0
neg_007869	0.0	None	0.0	0.0	999.0
neg_020443	0.0	None	0.0	0.0	999.0
neg_016121	0.0	None	0.0	0.0	999.0
neg_014919	0.0	None	0.0	0.0	999.0
neg_000913	0.0	None	0.0	0.0	999.0
neg_013506	0.0	None	0.0	0.0	999.0
neg_005043	0.0	None	0.0	0.0	999.0
neg_010854	0.0	None	0.0	0.0	999.0
neg_003287	0.0	None	0.0	0.0	999.0
neg_017027	0.0	None	0.0	0.0	999.0
neg_016893	0.0	None	0.0	0.0	999.0
neg_017480	0.0	None	0.0	0.0	999.0
neg_010197	0.0	None	0.0	0.0	999.0
neg_002362	0.0	None	0.0	0.0	999.0
neg_012191	0.0	None	0.0	0.0	999.0
neg_004003	0.0	None	0.0	0.0	999.0
neg_008793	0.0	None	0.0	0.0	999.0
neg_006635	0.0	None	0.0	0.0	999.0
neg_006807	0.0	None	0.0	0.0	999.0
neg_010742	0.0	None	0.0	0.0	999.0
neg_020255	0.0	None	0.0	0.0	999.0
neg_016184	0.0	None	0.0	0.0	999.0
neg_006687	0.0	None	0.0	0.0	999.0
neg_005451	0.0	None	0.0	0.0	999.0
neg_000040	0.0	None	0.0	0.0	999.0
neg_020606	0.0	None	0.0	0.0	999.0
neg_007699	0.0	None	0.0	0.0	999.0
neg_013642	0.0	None	0.0	0.0	999.0
neg_006284	0.0	None	0.0	0.0	999.0
neg_012072	0.0	None	0.0	0.0	999.0
neg_011759	0.0	None	0.0	0.0	999.0
neg_016434	0.0	None	0.0	0.0	999.0
neg_014908	0.0	None	0.0	0.0	999.0
neg_005123	0.0	None	0.0	0.0	999.0
neg_021118	0.0	None	0.0	0.0	999.0
neg_006642	0.0	None	0.0	0.0	999.0
neg_000263	0.0	None	0.0	0.0	999.0
neg_015630	0.0	None	0.0	0.0	999.0
neg_012128	0.0	None	0.0	0.0	999.0
neg_019863	0.0	None	0.0	0.0	999.0
neg_017626	0.0	None	0.0	0.0	999.0
neg_008023	0.0	None	0.0	0.0	999.0
neg_018084	0.0	None	0.0	0.0	999.0
neg_007190	0.0	None	0.0	0.0	999.0
neg_003017	0.0	None	0.0	0.0	999.0
neg_010017	0.0	None	0.0	0.0	999.0
neg_005510	0.0	None	0.0	0.0	999.0
neg_018082	0.0	None	0.0	0.0	999.0
neg_011537	0.0	None	0.0	0.0	999.0
neg_010597	0.0	None	0.0	0.0	999.0
neg_009939	0.0	None	0.0	0.0	999.0
neg_016852	0.0	None	0.0	0.0	999.0
neg_003717	0.0	None	0.0	0.0	999.0
neg_015651	0.0	None	0.0	0.0	999.0
neg_010311	0.0	None	0.0	0.0	999.0
neg_014135	0.0	None	0.0	0.0	999.0
neg_011075	0.0	None	0.0	0.0	999.0
neg_000309	0.0	None	0.0	0.0	999.0
neg_009442	0.0	None	0.0	0.0	999.0
neg_008869	0.0	None	0.0	0.0	999.0
neg_001069	0.0	None	0.0	0.0	999.0
neg_009119	0.0	None	0.0	0.0	999.0
neg_018609	0.0	None	0.0	0.0	999.0
neg_020653	0.0	None	0.0	0.0	999.0
neg_017878	0.0	None	0.0	0.0	999.0
neg_009121	0.0	None	0.0	0.0	999.0
neg_002071	0.0	None	0.0	0.0	999.0
neg_014272	0.0	None	0.0	0.0	999.0
neg_020109	0.0	None	0.0	0.0	999.0
neg_010466	0.0	None	0.0	0.0	999.0
neg_020007	0.0	None	0.0	0.0	999.0
neg_010520	0.0	None	0.0	0.0	999.0
neg_018182	0.0	None	0.0	0.0	999.0
neg_002197	0.0	None	0.0	0.0	999.0
neg_000978	0.0	None	0.0	0.0	999.0
neg_016279	0.0	None	0.0	0.0	999.0
neg_012984	0.0	None	0.0	0.0	999.0
neg_001354	0.0	None	0.0	0.0	999.0
neg_001245	0.0	None	0.0	0.0	999.0
neg_008565	0.0	None	0.0	0.0	999.0
neg_020306	0.0	None	0.0	0.0	999.0
neg_003597	0.0	None	0.0	0.0	999.0
neg_015968	0.0	None	0.0	0.0	999.0
neg_017078	0.0	None	0.0	0.0	999.0
neg_012760	0.0	None	0.0	0.0	999.0
neg_000543	0.0	None	0.0	0.0	999.0
neg_008230	0.0	None	0.0	0.0	999.0
neg_018821	0.0	None	0.0	0.0	999.0
neg_011102	0.0	None	0.0	0.0	999.0
neg_003833	0.0	None	0.0	0.0	999.0
neg_009564	0.0	None	0.0	0.0	999.0
neg_001864	0.0	None	0.0	0.0	999.0
neg_004898	0.0	None	0.0	0.0	999.0
neg_008517	0.0	None	0.0	0.0	999.0
neg_009240	0.0	None	0.0	0.0	999.0
neg_020858	0.0	None	0.0	0.0	999.0
neg_018156	0.0	None	0.0	0.0	999.0
neg_012599	0.0	None	0.0	0.0	999.0
neg_013553	0.0	None	0.0	0.0	999.0
neg_019822	0.0	None	0.0	0.0	999.0
neg_006403	0.0	None	0.0	0.0	999.0
neg_017259	0.0	None	0.0	0.0	999.0
neg_012849	0.0	None	0.0	0.0	999.0
neg_008756	0.0	None	0.0	0.0	999.0
neg_002485	0.0	None	0.0	0.0	999.0
neg_004352	0.0	None	0.0	0.0	999.0
neg_004985	0.0	None	0.0	0.0	999.0
neg_003645	0.0	None	0.0	0.0	999.0
neg_018583	0.0	None	0.0	0.0	999.0
neg_001029	0.0	None	0.0	0.0	999.0
neg_006443	0.0	None	0.0	0.0	999.0
neg_001788	0.0	None	0.0	0.0	999.0
neg_018173	0.0	None	0.0	0.0	999.0
neg_018987	0.0	None	0.0	0.0	999.0
neg_003011	0.0	None	0.0	0.0	999.0
neg_017921	0.0	None	0.0	0.0	999.0
neg_017966	0.0	None	0.0	0.0	999.0
neg_012446	0.0	None	0.0	0.0	999.0
neg_007103	0.0	None	0.0	0.0	999.0
neg_009126	0.0	None	0.0	0.0	999.0
neg_018974	0.0	None	0.0	0.0	999.0
neg_014213	0.0	None	0.0	0.0	999.0
neg_016802	0.0	None	0.0	0.0	999.0
neg_018085	0.0	None	0.0	0.0	999.0
neg_015908	0.0	None	0.0	0.0	999.0
neg_010087	0.0	None	0.0	0.0	999.0
neg_007853	0.0	None	0.0	0.0	999.0
neg_017604	0.0	None	0.0	0.0	999.0
neg_004740	0.0	None	0.0	0.0	999.0
neg_000634	0.0	None	0.0	0.0	999.0
neg_002267	0.0	None	0.0	0.0	999.0
neg_004564	0.0	None	0.0	0.0	999.0
neg_001263	0.0	None	0.0	0.0	999.0
neg_020032	0.0	None	0.0	0.0	999.0
neg_013430	0.0	None	0.0	0.0	999.0
neg_019379	0.0	None	0.0	0.0	999.0
neg_001144	0.0	None	0.0	0.0	999.0
neg_011172	0.0	None	0.0	0.0	999.0
neg_012998	0.0	None	0.0	0.0	999.0
neg_015221	0.0	None	0.0	0.0	999.0
neg_017618	0.0	None	0.0	0.0	999.0
neg_007299	0.0	None	0.0	0.0	999.0
neg_004890	0.0	None	0.0	0.0	999.0
neg_006331	0.0	None	0.0	0.0	999.0
neg_001767	0.0	None	0.0	0.0	999.0
neg_013870	0.0	None	0.0	0.0	999.0
neg_011681	0.0	None	0.0	0.0	999.0
neg_004684	0.0	None	0.0	0.0	999.0
neg_008357	0.0	None	0.0	0.0	999.0
neg_020664	0.0	None	0.0	0.0	999.0
neg_000159	0.0	None	0.0	0.0	999.0
neg_005716	0.0	None	0.0	0.0	999.0
neg_013897	0.0	None	0.0	0.0	999.0
neg_000917	0.0	None	0.0	0.0	999.0
neg_003817	0.0	None	0.0	0.0	999.0
neg_020187	0.0	None	0.0	0.0	999.0
neg_020642	0.0	None	0.0	0.0	999.0
neg_005462	0.0	None	0.0	0.0	999.0
neg_015331	0.0	None	0.0	0.0	999.0
neg_002269	0.0	None	0.0	0.0	999.0
neg_014693	0.0	None	0.0	0.0	999.0
neg_011627	0.0	None	0.0	0.0	999.0
neg_021143	0.0	None	0.0	0.0	999.0
neg_020652	0.0	None	0.0	0.0	999.0
neg_016342	0.0	None	0.0	0.0	999.0
neg_020867	0.0	None	0.0	0.0	999.0
neg_001231	0.0	None	0.0	0.0	999.0
neg_013232	0.0	None	0.0	0.0	999.0
neg_002436	0.0	None	0.0	0.0	999.0
neg_018699	0.0	None	0.0	0.0	999.0
neg_003806	0.0	None	0.0	0.0	999.0
neg_004395	0.0	None	0.0	0.0	999.0
neg_015641	0.0	None	0.0	0.0	999.0
neg_002818	0.0	None	0.0	0.0	999.0
neg_016572	0.0	None	0.0	0.0	999.0
neg_015466	0.0	None	0.0	0.0	999.0
neg_019412	0.0	None	0.0	0.0	999.0
neg_010385	0.0	None	0.0	0.0	999.0
neg_018246	0.0	None	0.0	0.0	999.0
neg_003070	0.0	None	0.0	0.0	999.0
neg_004920	0.0	None	0.0	0.0	999.0
neg_000279	0.0	None	0.0	0.0	999.0
neg_009333	0.0	None	0.0	0.0	999.0
neg_006208	0.0	None	0.0	0.0	999.0
neg_011949	0.0	None	0.0	0.0	999.0
neg_015343	0.0	None	0.0	0.0	999.0
neg_001723	0.0	None	0.0	0.0	999.0
neg_000834	0.0	None	0.0	0.0	999.0
neg_008718	0.0	None	0.0	0.0	999.0
neg_016402	0.0	None	0.0	0.0	999.0
neg_015353	0.0	None	0.0	0.0	999.0
neg_010112	0.0	None	0.0	0.0	999.0
neg_009403	0.0	None	0.0	0.0	999.0
neg_002911	0.0	None	0.0	0.0	999.0
neg_009244	0.0	None	0.0	0.0	999.0
neg_005353	0.0	None	0.0	0.0	999.0
neg_009414	0.0	None	0.0	0.0	999.0
neg_012463	0.0	None	0.0	0.0	999.0
neg_011710	0.0	None	0.0	0.0	999.0
neg_005005	0.0	None	0.0	0.0	999.0
neg_006371	0.0	None	0.0	0.0	999.0
neg_005808	0.0	None	0.0	0.0	999.0
neg_005464	0.0	None	0.0	0.0	999.0
neg_010623	0.0	None	0.0	0.0	999.0
neg_000745	0.0	None	0.0	0.0	999.0
neg_006961	0.0	None	0.0	0.0	999.0
neg_008083	0.0	None	0.0	0.0	999.0
neg_008070	0.0	None	0.0	0.0	999.0
neg_004303	0.0	None	0.0	0.0	999.0
neg_002720	0.0	None	0.0	0.0	999.0
neg_000474	0.0	None	0.0	0.0	999.0
neg_009228	0.0	None	0.0	0.0	999.0
neg_015464	0.0	None	0.0	0.0	999.0
neg_013420	0.0	None	0.0	0.0	999.0
neg_011620	0.0	None	0.0	0.0	999.0
neg_000969	0.0	None	0.0	0.0	999.0
neg_013851	0.0	None	0.0	0.0	999.0
neg_002021	0.0	None	0.0	0.0	999.0
neg_015899	0.0	None	0.0	0.0	999.0
neg_006045	0.0	None	0.0	0.0	999.0
neg_000912	0.0	None	0.0	0.0	999.0
neg_014214	0.0	None	0.0	0.0	999.0
neg_018933	0.0	None	0.0	0.0	999.0
neg_017071	0.0	None	0.0	0.0	999.0
neg_001939	0.0	None	0.0	0.0	999.0
neg_011026	0.0	None	0.0	0.0	999.0
neg_002520	0.0	None	0.0	0.0	999.0
neg_000205	0.0	None	0.0	0.0	999.0
neg_003898	0.0	None	0.0	0.0	999.0
neg_003764	0.0	None	0.0	0.0	999.0
neg_020125	0.0	None	0.0	0.0	999.0
neg_011719	0.0	None	0.0	0.0	999.0
neg_016453	0.0	None	0.0	0.0	999.0
neg_015033	0.0	None	0.0	0.0	999.0
neg_016873	0.0	None	0.0	0.0	999.0
neg_001353	0.0	None	0.0	0.0	999.0
neg_007099	0.0	None	0.0	0.0	999.0
neg_020037	0.0	None	0.0	0.0	999.0
neg_021086	0.0	None	0.0	0.0	999.0
neg_010878	0.0	None	0.0	0.0	999.0
neg_017678	0.0	None	0.0	0.0	999.0
neg_019615	0.0	None	0.0	0.0	999.0
neg_017741	0.0	None	0.0	0.0	999.0
neg_011098	0.0	None	0.0	0.0	999.0
neg_019343	0.0	None	0.0	0.0	999.0
neg_006001	0.0	None	0.0	0.0	999.0
neg_007230	0.0	None	0.0	0.0	999.0
neg_020447	0.0	None	0.0	0.0	999.0
neg_012772	0.0	None	0.0	0.0	999.0
neg_018728	0.0	None	0.0	0.0	999.0
neg_000899	0.0	None	0.0	0.0	999.0
neg_002537	0.0	None	0.0	0.0	999.0
neg_004280	0.0	None	0.0	0.0	999.0
neg_014250	0.0	None	0.0	0.0	999.0
neg_008891	0.0	None	0.0	0.0	999.0
neg_009918	0.0	None	0.0	0.0	999.0
neg_004076	0.0	None	0.0	0.0	999.0
neg_014737	0.0	None	0.0	0.0	999.0
neg_006134	0.0	None	0.0	0.0	999.0
neg_003064	0.0	None	0.0	0.0	999.0
neg_002167	0.0	None	0.0	0.0	999.0
neg_016462	0.0	None	0.0	0.0	999.0
neg_007322	0.0	None	0.0	0.0	999.0
neg_010154	0.0	None	0.0	0.0	999.0
neg_008358	0.0	None	0.0	0.0	999.0
neg_008650	0.0	None	0.0	0.0	999.0
neg_010686	0.0	None	0.0	0.0	999.0
neg_019628	0.0	None	0.0	0.0	999.0
neg_005935	0.0	None	0.0	0.0	999.0
neg_006498	0.0	None	0.0	0.0	999.0
neg_020199	0.0	None	0.0	0.0	999.0
neg_001816	0.0	None	0.0	0.0	999.0
neg_010231	0.0	None	0.0	0.0	999.0
neg_006692	0.0	None	0.0	0.0	999.0
neg_020352	0.0	None	0.0	0.0	999.0
neg_007887	0.0	None	0.0	0.0	999.0
neg_010361	0.0	None	0.0	0.0	999.0
neg_006458	0.0	None	0.0	0.0	999.0
neg_009778	0.0	None	0.0	0.0	999.0
neg_004373	0.0	None	0.0	0.0	999.0
neg_016672	0.0	None	0.0	0.0	999.0
neg_017008	0.0	None	0.0	0.0	999.0
neg_013191	0.0	None	0.0	0.0	999.0
neg_010221	0.0	None	0.0	0.0	999.0
neg_010666	0.0	None	0.0	0.0	999.0
neg_018796	0.0	None	0.0	0.0	999.0
neg_010715	0.0	None	0.0	0.0	999.0
neg_009858	0.0	None	0.0	0.0	999.0
neg_007602	0.0	None	0.0	0.0	999.0
neg_013608	0.0	None	0.0	0.0	999.0
neg_007406	0.0	None	0.0	0.0	999.0
neg_007145	0.0	None	0.0	0.0	999.0
neg_019939	0.0	None	0.0	0.0	999.0
neg_014383	0.0	None	0.0	0.0	999.0
neg_002260	0.0	None	0.0	0.0	999.0
neg_007347	0.0	None	0.0	0.0	999.0
neg_007358	0.0	None	0.0	0.0	999.0
neg_000027	0.0	None	0.0	0.0	999.0
neg_003879	0.0	None	0.0	0.0	999.0
neg_004901	0.0	None	0.0	0.0	999.0
neg_007701	0.0	None	0.0	0.0	999.0
neg_007970	0.0	None	0.0	0.0	999.0
neg_005177	0.0	None	0.0	0.0	999.0
neg_009288	0.0	None	0.0	0.0	999.0
neg_010746	0.0	None	0.0	0.0	999.0
neg_000863	0.0	None	0.0	0.0	999.0
neg_007721	0.0	None	0.0	0.0	999.0
neg_002307	0.0	None	0.0	0.0	999.0
neg_000102	0.0	None	0.0	0.0	999.0
neg_006771	0.0	None	0.0	0.0	999.0
neg_013657	0.0	None	0.0	0.0	999.0
neg_013812	0.0	None	0.0	0.0	999.0
neg_011052	0.0	None	0.0	0.0	999.0
neg_005060	0.0	None	0.0	0.0	999.0
neg_002272	0.0	None	0.0	0.0	999.0
neg_007082	0.0	None	0.0	0.0	999.0
neg_012111	0.0	None	0.0	0.0	999.0
neg_009900	0.0	None	0.0	0.0	999.0
neg_005585	0.0	None	0.0	0.0	999.0
neg_011963	0.0	None	0.0	0.0	999.0
neg_006439	0.0	None	0.0	0.0	999.0
neg_016368	0.0	None	0.0	0.0	999.0
neg_021063	0.0	None	0.0	0.0	999.0
neg_020760	0.0	None	0.0	0.0	999.0
neg_013364	0.0	None	0.0	0.0	999.0
neg_003703	0.0	None	0.0	0.0	999.0
neg_001780	0.0	None	0.0	0.0	999.0
neg_003037	0.0	None	0.0	0.0	999.0
neg_011018	0.0	None	0.0	0.0	999.0
neg_001155	0.0	None	0.0	0.0	999.0
neg_003697	0.0	None	0.0	0.0	999.0
neg_020969	0.0	None	0.0	0.0	999.0
neg_006486	0.0	None	0.0	0.0	999.0
neg_020648	0.0	None	0.0	0.0	999.0
neg_001286	0.0	None	0.0	0.0	999.0
neg_016520	0.0	None	0.0	0.0	999.0
neg_006337	0.0	None	0.0	0.0	999.0
neg_009370	0.0	None	0.0	0.0	999.0
neg_000943	0.0	None	0.0	0.0	999.0
neg_004710	0.0	None	0.0	0.0	999.0
neg_012148	0.0	None	0.0	0.0	999.0
neg_005527	0.0	None	0.0	0.0	999.0
neg_003835	0.0	None	0.0	0.0	999.0
neg_020730	0.0	None	0.0	0.0	999.0
neg_007265	0.0	None	0.0	0.0	999.0
neg_005796	0.0	None	0.0	0.0	999.0
neg_018716	0.0	None	0.0	0.0	999.0
neg_012099	0.0	None	0.0	0.0	999.0
neg_005443	0.0	None	0.0	0.0	999.0
neg_005026	0.0	None	0.0	0.0	999.0
neg_009053	0.0	None	0.0	0.0	999.0
neg_019991	0.0	None	0.0	0.0	999.0
neg_019406	0.0	None	0.0	0.0	999.0
neg_004560	0.0	None	0.0	0.0	999.0
neg_020193	0.0	None	0.0	0.0	999.0
neg_019114	0.0	None	0.0	0.0	999.0
neg_010056	0.0	None	0.0	0.0	999.0
neg_020034	0.0	None	0.0	0.0	999.0
neg_014742	0.0	None	0.0	0.0	999.0
neg_002873	0.0	None	0.0	0.0	999.0
neg_017330	0.0	None	0.0	0.0	999.0
neg_001972	0.0	None	0.0	0.0	999.0
neg_019501	0.0	None	0.0	0.0	999.0
neg_014220	0.0	None	0.0	0.0	999.0
neg_012279	0.0	None	0.0	0.0	999.0
neg_007115	0.0	None	0.0	0.0	999.0
neg_016857	0.0	None	0.0	0.0	999.0
neg_002974	0.0	None	0.0	0.0	999.0
neg_016086	0.0	None	0.0	0.0	999.0
neg_017247	0.0	None	0.0	0.0	999.0
neg_006863	0.0	None	0.0	0.0	999.0
neg_018686	0.0	None	0.0	0.0	999.0
neg_013594	0.0	None	0.0	0.0	999.0
neg_006470	0.0	None	0.0	0.0	999.0
neg_009509	0.0	None	0.0	0.0	999.0
neg_014085	0.0	None	0.0	0.0	999.0
neg_014731	0.0	None	0.0	0.0	999.0
neg_001729	0.0	None	0.0	0.0	999.0
neg_009108	0.0	None	0.0	0.0	999.0
neg_018629	0.0	None	0.0	0.0	999.0
neg_016915	0.0	None	0.0	0.0	999.0
neg_012519	0.0	None	0.0	0.0	999.0
neg_008343	0.0	None	0.0	0.0	999.0
neg_017100	0.0	None	0.0	0.0	999.0
neg_016439	0.0	None	0.0	0.0	999.0
neg_000696	0.0	None	0.0	0.0	999.0
neg_006752	0.0	None	0.0	0.0	999.0
neg_003530	0.0	None	0.0	0.0	999.0
neg_020398	0.0	None	0.0	0.0	999.0
neg_017968	0.0	None	0.0	0.0	999.0
neg_006664	0.0	None	0.0	0.0	999.0
neg_013140	0.0	None	0.0	0.0	999.0
neg_020171	0.0	None	0.0	0.0	999.0
neg_020214	0.0	None	0.0	0.0	999.0
neg_005699	0.0	None	0.0	0.0	999.0
neg_011729	0.0	None	0.0	0.0	999.0
neg_017317	0.0	None	0.0	0.0	999.0
neg_004549	0.0	None	0.0	0.0	999.0
neg_014068	0.0	None	0.0	0.0	999.0
neg_000653	0.0	None	0.0	0.0	999.0
neg_019797	0.0	None	0.0	0.0	999.0
neg_005339	0.0	None	0.0	0.0	999.0
neg_020995	0.0	None	0.0	0.0	999.0
neg_010452	0.0	None	0.0	0.0	999.0
neg_002215	0.0	None	0.0	0.0	999.0
neg_008127	0.0	None	0.0	0.0	999.0
neg_015731	0.0	None	0.0	0.0	999.0
neg_013211	0.0	None	0.0	0.0	999.0
neg_019732	0.0	None	0.0	0.0	999.0
neg_006307	0.0	None	0.0	0.0	999.0
neg_016608	0.0	None	0.0	0.0	999.0
neg_016205	0.0	None	0.0	0.0	999.0
neg_014723	0.0	None	0.0	0.0	999.0
neg_001088	0.0	None	0.0	0.0	999.0
neg_004159	0.0	None	0.0	0.0	999.0
neg_020132	0.0	None	0.0	0.0	999.0
neg_002856	0.0	None	0.0	0.0	999.0
neg_018925	0.0	None	0.0	0.0	999.0
neg_009086	0.0	None	0.0	0.0	999.0
neg_007308	0.0	None	0.0	0.0	999.0
neg_002985	0.0	None	0.0	0.0	999.0
neg_013501	0.0	None	0.0	0.0	999.0
neg_000752	0.0	None	0.0	0.0	999.0
neg_002647	0.0	None	0.0	0.0	999.0
neg_019842	0.0	None	0.0	0.0	999.0
neg_001287	0.0	None	0.0	0.0	999.0
neg_018273	0.0	None	0.0	0.0	999.0
neg_008761	0.0	None	0.0	0.0	999.0
neg_005163	0.0	None	0.0	0.0	999.0
neg_003991	0.0	None	0.0	0.0	999.0
neg_007498	0.0	None	0.0	0.0	999.0
neg_016286	0.0	None	0.0	0.0	999.0
neg_017823	0.0	None	0.0	0.0	999.0
neg_013603	0.0	None	0.0	0.0	999.0
neg_012619	0.0	None	0.0	0.0	999.0
neg_013822	0.0	None	0.0	0.0	999.0
neg_013182	0.0	None	0.0	0.0	999.0
neg_009494	0.0	None	0.0	0.0	999.0
neg_019278	0.0	None	0.0	0.0	999.0
neg_001812	0.0	None	0.0	0.0	999.0
neg_007558	0.0	None	0.0	0.0	999.0
neg_013585	0.0	None	0.0	0.0	999.0
neg_006180	0.0	None	0.0	0.0	999.0
neg_020786	0.0	None	0.0	0.0	999.0
neg_005653	0.0	None	0.0	0.0	999.0
neg_013300	0.0	None	0.0	0.0	999.0
neg_010160	0.0	None	0.0	0.0	999.0
neg_008045	0.0	None	0.0	0.0	999.0
neg_001687	0.0	None	0.0	0.0	999.0
neg_001001	0.0	None	0.0	0.0	999.0
neg_003894	0.0	None	0.0	0.0	999.0
neg_020536	0.0	None	0.0	0.0	999.0
neg_005836	0.0	None	0.0	0.0	999.0
neg_010692	0.0	None	0.0	0.0	999.0
neg_016341	0.0	None	0.0	0.0	999.0
neg_010137	0.0	None	0.0	0.0	999.0
neg_016256	0.0	None	0.0	0.0	999.0
neg_018111	0.0	None	0.0	0.0	999.0
neg_017304	0.0	None	0.0	0.0	999.0
neg_019623	0.0	None	0.0	0.0	999.0
neg_017875	0.0	None	0.0	0.0	999.0
neg_017848	0.0	None	0.0	0.0	999.0
neg_010440	0.0	None	0.0	0.0	999.0
neg_000448	0.0	None	0.0	0.0	999.0
neg_011593	0.0	None	0.0	0.0	999.0
neg_017557	0.0	None	0.0	0.0	999.0
neg_001385	0.0	None	0.0	0.0	999.0
neg_019573	0.0	None	0.0	0.0	999.0
neg_005689	0.0	None	0.0	0.0	999.0
neg_009868	0.0	None	0.0	0.0	999.0
neg_018417	0.0	None	0.0	0.0	999.0
neg_013371	0.0	None	0.0	0.0	999.0
neg_018083	0.0	None	0.0	0.0	999.0
neg_012015	0.0	None	0.0	0.0	999.0
neg_012976	0.0	None	0.0	0.0	999.0
neg_013133	0.0	None	0.0	0.0	999.0
neg_018463	0.0	None	0.0	0.0	999.0
neg_002245	0.0	None	0.0	0.0	999.0
neg_005917	0.0	None	0.0	0.0	999.0
neg_019598	0.0	None	0.0	0.0	999.0
neg_017854	0.0	None	0.0	0.0	999.0
neg_013706	0.0	None	0.0	0.0	999.0
neg_001953	0.0	None	0.0	0.0	999.0
neg_015785	0.0	None	0.0	0.0	999.0
neg_005977	0.0	None	0.0	0.0	999.0
neg_001878	0.0	None	0.0	0.0	999.0
neg_001084	0.0	None	0.0	0.0	999.0
neg_008920	0.0	None	0.0	0.0	999.0
neg_010802	0.0	None	0.0	0.0	999.0
neg_017428	0.0	None	0.0	0.0	999.0
neg_019899	0.0	None	0.0	0.0	999.0
neg_000160	0.0	None	0.0	0.0	999.0
neg_001792	0.0	None	0.0	0.0	999.0
neg_019793	0.0	None	0.0	0.0	999.0
neg_013087	0.0	None	0.0	0.0	999.0
neg_007332	0.0	None	0.0	0.0	999.0
neg_006569	0.0	None	0.0	0.0	999.0
neg_007426	0.0	None	0.0	0.0	999.0
neg_019484	0.0	None	0.0	0.0	999.0
neg_007083	0.0	None	0.0	0.0	999.0
neg_009929	0.0	None	0.0	0.0	999.0
neg_003416	0.0	None	0.0	0.0	999.0
neg_020296	0.0	None	0.0	0.0	999.0
neg_007877	0.0	None	0.0	0.0	999.0
neg_017977	0.0	None	0.0	0.0	999.0
neg_016826	0.0	None	0.0	0.0	999.0
neg_013619	0.0	None	0.0	0.0	999.0
neg_018916	0.0	None	0.0	0.0	999.0
neg_017010	0.0	None	0.0	0.0	999.0
neg_009489	0.0	None	0.0	0.0	999.0
neg_000348	0.0	None	0.0	0.0	999.0
neg_018237	0.0	None	0.0	0.0	999.0
neg_004708	0.0	None	0.0	0.0	999.0
neg_009664	0.0	None	0.0	0.0	999.0
neg_019774	0.0	None	0.0	0.0	999.0
neg_003286	0.0	None	0.0	0.0	999.0
neg_003019	0.0	None	0.0	0.0	999.0
neg_000445	0.0	None	0.0	0.0	999.0
neg_014885	0.0	None	0.0	0.0	999.0
neg_003209	0.0	None	0.0	0.0	999.0
neg_004650	0.0	None	0.0	0.0	999.0
neg_013434	0.0	None	0.0	0.0	999.0
neg_007248	0.0	None	0.0	0.0	999.0
neg_013049	0.0	None	0.0	0.0	999.0
neg_005265	0.0	None	0.0	0.0	999.0
neg_000404	0.0	None	0.0	0.0	999.0
neg_007911	0.0	None	0.0	0.0	999.0
neg_014439	0.0	None	0.0	0.0	999.0
neg_017466	0.0	None	0.0	0.0	999.0
neg_015134	0.0	None	0.0	0.0	999.0
neg_017842	0.0	None	0.0	0.0	999.0
neg_017076	0.0	None	0.0	0.0	999.0
neg_002402	0.0	None	0.0	0.0	999.0
neg_017701	0.0	None	0.0	0.0	999.0
neg_001439	0.0	None	0.0	0.0	999.0
neg_020464	0.0	None	0.0	0.0	999.0
neg_010150	0.0	None	0.0	0.0	999.0
neg_004139	0.0	None	0.0	0.0	999.0
neg_009562	0.0	None	0.0	0.0	999.0
neg_004614	0.0	None	0.0	0.0	999.0
neg_017796	0.0	None	0.0	0.0	999.0
neg_007830	0.0	None	0.0	0.0	999.0
neg_019104	0.0	None	0.0	0.0	999.0
neg_002943	0.0	None	0.0	0.0	999.0
neg_019711	0.0	None	0.0	0.0	999.0
neg_007508	0.0	None	0.0	0.0	999.0
neg_004996	0.0	None	0.0	0.0	999.0
neg_017582	0.0	None	0.0	0.0	999.0
neg_013321	0.0	None	0.0	0.0	999.0
neg_003321	0.0	None	0.0	0.0	999.0
neg_014665	0.0	None	0.0	0.0	999.0
neg_010907	0.0	None	0.0	0.0	999.0
neg_019300	0.0	None	0.0	0.0	999.0
neg_016348	0.0	None	0.0	0.0	999.0
neg_017283	0.0	None	0.0	0.0	999.0
neg_001576	0.0	None	0.0	0.0	999.0
neg_016691	0.0	None	0.0	0.0	999.0
neg_016097	0.0	None	0.0	0.0	999.0
neg_000872	0.0	None	0.0	0.0	999.0
neg_006574	0.0	None	0.0	0.0	999.0
neg_000646	0.0	None	0.0	0.0	999.0
neg_006651	0.0	None	0.0	0.0	999.0
neg_009735	0.0	None	0.0	0.0	999.0
neg_006671	0.0	None	0.0	0.0	999.0
neg_013314	0.0	None	0.0	0.0	999.0
neg_002891	0.0	None	0.0	0.0	999.0
neg_002598	0.0	None	0.0	0.0	999.0
neg_007511	0.0	None	0.0	0.0	999.0
neg_012844	0.0	None	0.0	0.0	999.0
neg_006981	0.0	None	0.0	0.0	999.0
neg_015470	0.0	None	0.0	0.0	999.0
neg_015261	0.0	None	0.0	0.0	999.0
neg_014001	0.0	None	0.0	0.0	999.0
neg_011756	0.0	None	0.0	0.0	999.0
neg_017788	0.0	None	0.0	0.0	999.0
neg_006886	0.0	None	0.0	0.0	999.0
neg_016208	0.0	None	0.0	0.0	999.0
neg_004989	0.0	None	0.0	0.0	999.0
neg_014403	0.0	None	0.0	0.0	999.0
neg_017055	0.0	None	0.0	0.0	999.0
neg_014635	0.0	None	0.0	0.0	999.0
neg_007250	0.0	None	0.0	0.0	999.0
neg_010740	0.0	None	0.0	0.0	999.0
neg_003767	0.0	None	0.0	0.0	999.0
neg_018145	0.0	None	0.0	0.0	999.0
neg_001877	0.0	None	0.0	0.0	999.0
neg_006592	0.0	None	0.0	0.0	999.0
neg_001142	0.0	None	0.0	0.0	999.0
neg_000861	0.0	None	0.0	0.0	999.0
neg_007905	0.0	None	0.0	0.0	999.0
neg_010349	0.0	None	0.0	0.0	999.0
neg_014652	0.0	None	0.0	0.0	999.0
neg_007963	0.0	None	0.0	0.0	999.0
neg_003832	0.0	None	0.0	0.0	999.0
neg_004856	0.0	None	0.0	0.0	999.0
neg_006199	0.0	None	0.0	0.0	999.0
neg_005342	0.0	None	0.0	0.0	999.0
neg_003113	0.0	None	0.0	0.0	999.0
neg_010484	0.0	None	0.0	0.0	999.0
neg_016164	0.0	None	0.0	0.0	999.0
neg_000637	0.0	None	0.0	0.0	999.0
neg_010838	0.0	None	0.0	0.0	999.0
neg_009170	0.0	None	0.0	0.0	999.0
neg_020327	0.0	None	0.0	0.0	999.0
neg_020043	0.0	None	0.0	0.0	999.0
neg_010335	0.0	None	0.0	0.0	999.0
neg_004928	0.0	None	0.0	0.0	999.0
neg_015054	0.0	None	0.0	0.0	999.0
neg_012157	0.0	None	0.0	0.0	999.0
neg_020262	0.0	None	0.0	0.0	999.0
neg_016958	0.0	None	0.0	0.0	999.0
neg_016933	0.0	None	0.0	0.0	999.0
neg_020880	0.0	None	0.0	0.0	999.0
neg_009893	0.0	None	0.0	0.0	999.0
neg_007393	0.0	None	0.0	0.0	999.0
neg_004230	0.0	None	0.0	0.0	999.0
neg_007604	0.0	None	0.0	0.0	999.0
neg_000291	0.0	None	0.0	0.0	999.0
neg_010401	0.0	None	0.0	0.0	999.0
neg_010314	0.0	None	0.0	0.0	999.0
neg_012740	0.0	None	0.0	0.0	999.0
neg_019095	0.0	None	0.0	0.0	999.0
neg_002657	0.0	None	0.0	0.0	999.0
neg_017989	0.0	None	0.0	0.0	999.0
neg_010404	0.0	None	0.0	0.0	999.0
neg_001962	0.0	None	0.0	0.0	999.0
neg_019439	0.0	None	0.0	0.0	999.0
neg_012291	0.0	None	0.0	0.0	999.0
neg_007626	0.0	None	0.0	0.0	999.0
neg_011415	0.0	None	0.0	0.0	999.0
neg_003951	0.0	None	0.0	0.0	999.0
neg_019663	0.0	None	0.0	0.0	999.0
neg_012173	0.0	None	0.0	0.0	999.0
neg_010551	0.0	None	0.0	0.0	999.0
neg_017524	0.0	None	0.0	0.0	999.0
neg_000522	0.0	None	0.0	0.0	999.0
neg_004889	0.0	None	0.0	0.0	999.0
neg_017821	0.0	None	0.0	0.0	999.0
neg_014289	0.0	None	0.0	0.0	999.0
neg_014415	0.0	None	0.0	0.0	999.0
neg_013677	0.0	None	0.0	0.0	999.0
neg_001402	0.0	None	0.0	0.0	999.0
neg_013683	0.0	None	0.0	0.0	999.0
neg_001093	0.0	None	0.0	0.0	999.0
neg_015816	0.0	None	0.0	0.0	999.0
neg_021049	0.0	None	0.0	0.0	999.0
neg_014186	0.0	None	0.0	0.0	999.0
neg_012462	0.0	None	0.0	0.0	999.0
neg_001752	0.0	None	0.0	0.0	999.0
neg_018560	0.0	None	0.0	0.0	999.0
neg_007696	0.0	None	0.0	0.0	999.0
neg_018714	0.0	None	0.0	0.0	999.0
neg_006905	0.0	None	0.0	0.0	999.0
neg_004144	0.0	None	0.0	0.0	999.0
neg_003494	0.0	None	0.0	0.0	999.0
neg_019872	0.0	None	0.0	0.0	999.0
neg_003968	0.0	None	0.0	0.0	999.0
neg_003935	0.0	None	0.0	0.0	999.0
neg_005196	0.0	None	0.0	0.0	999.0
neg_015736	0.0	None	0.0	0.0	999.0
neg_002784	0.0	None	0.0	0.0	999.0
neg_008998	0.0	None	0.0	0.0	999.0
neg_011849	0.0	None	0.0	0.0	999.0
neg_018639	0.0	None	0.0	0.0	999.0
neg_001665	0.0	None	0.0	0.0	999.0
neg_009806	0.0	None	0.0	0.0	999.0
neg_018628	0.0	None	0.0	0.0	999.0
neg_012208	0.0	None	0.0	0.0	999.0
neg_005680	0.0	None	0.0	0.0	999.0
neg_018548	0.0	None	0.0	0.0	999.0
neg_005421	0.0	None	0.0	0.0	999.0
neg_018215	0.0	None	0.0	0.0	999.0
neg_016755	0.0	None	0.0	0.0	999.0
neg_016096	0.0	None	0.0	0.0	999.0
neg_016386	0.0	None	0.0	0.0	999.0
neg_014765	0.0	None	0.0	0.0	999.0
neg_013388	0.0	None	0.0	0.0	999.0
neg_001274	0.0	None	0.0	0.0	999.0
neg_001689	0.0	None	0.0	0.0	999.0
neg_008747	0.0	None	0.0	0.0	999.0
neg_003531	0.0	None	0.0	0.0	999.0
neg_020179	0.0	None	0.0	0.0	999.0
neg_009186	0.0	None	0.0	0.0	999.0
neg_014999	0.0	None	0.0	0.0	999.0
neg_012788	0.0	None	0.0	0.0	999.0
neg_013891	0.0	None	0.0	0.0	999.0
neg_000779	0.0	None	0.0	0.0	999.0
neg_004195	0.0	None	0.0	0.0	999.0
neg_006814	0.0	None	0.0	0.0	999.0
neg_006791	0.0	None	0.0	0.0	999.0
neg_010966	0.0	None	0.0	0.0	999.0
neg_002656	0.0	None	0.0	0.0	999.0
neg_014974	0.0	None	0.0	0.0	999.0
neg_005156	0.0	None	0.0	0.0	999.0
neg_004043	0.0	None	0.0	0.0	999.0
neg_006191	0.0	None	0.0	0.0	999.0
neg_011642	0.0	None	0.0	0.0	999.0
neg_016294	0.0	None	0.0	0.0	999.0
neg_013383	0.0	None	0.0	0.0	999.0
neg_002816	0.0	None	0.0	0.0	999.0
neg_000760	0.0	None	0.0	0.0	999.0
neg_006658	0.0	None	0.0	0.0	999.0
neg_015351	0.0	None	0.0	0.0	999.0
neg_019032	0.0	None	0.0	0.0	999.0
neg_007975	0.0	None	0.0	0.0	999.0
neg_003593	0.0	None	0.0	0.0	999.0
neg_015447	0.0	None	0.0	0.0	999.0
neg_009978	0.0	None	0.0	0.0	999.0
neg_000892	0.0	None	0.0	0.0	999.0
neg_000009	0.0	None	0.0	0.0	999.0
neg_005658	0.0	None	0.0	0.0	999.0
neg_002775	0.0	None	0.0	0.0	999.0
neg_009075	0.0	None	0.0	0.0	999.0
neg_013206	0.0	None	0.0	0.0	999.0
neg_012302	0.0	None	0.0	0.0	999.0
neg_019267	0.0	None	0.0	0.0	999.0
neg_001390	0.0	None	0.0	0.0	999.0
neg_004882	0.0	None	0.0	0.0	999.0
neg_020479	0.0	None	0.0	0.0	999.0
neg_015979	0.0	None	0.0	0.0	999.0
neg_019679	0.0	None	0.0	0.0	999.0
neg_006376	0.0	None	0.0	0.0	999.0
neg_010489	0.0	None	0.0	0.0	999.0
neg_019463	0.0	None	0.0	0.0	999.0
neg_002316	0.0	None	0.0	0.0	999.0
neg_020045	0.0	None	0.0	0.0	999.0
neg_013830	0.0	None	0.0	0.0	999.0
neg_018510	0.0	None	0.0	0.0	999.0
neg_020851	0.0	None	0.0	0.0	999.0
neg_004381	0.0	None	0.0	0.0	999.0
neg_009857	0.0	None	0.0	0.0	999.0
neg_015907	0.0	None	0.0	0.0	999.0
neg_003843	0.0	None	0.0	0.0	999.0
neg_013274	0.0	None	0.0	0.0	999.0
neg_003425	0.0	None	0.0	0.0	999.0
neg_018299	0.0	None	0.0	0.0	999.0
neg_020204	0.0	None	0.0	0.0	999.0
neg_021134	0.0	None	0.0	0.0	999.0
neg_004507	0.0	None	0.0	0.0	999.0
neg_001070	0.0	None	0.0	0.0	999.0
neg_001530	0.0	None	0.0	0.0	999.0
neg_014750	0.0	None	0.0	0.0	999.0
neg_013351	0.0	None	0.0	0.0	999.0
neg_009515	0.0	None	0.0	0.0	999.0
neg_009049	0.0	None	0.0	0.0	999.0
neg_017211	0.0	None	0.0	0.0	999.0
neg_003419	0.0	None	0.0	0.0	999.0
neg_002206	0.0	None	0.0	0.0	999.0
neg_007924	0.0	None	0.0	0.0	999.0
neg_009367	0.0	None	0.0	0.0	999.0
neg_010780	0.0	None	0.0	0.0	999.0
neg_007540	0.0	None	0.0	0.0	999.0
neg_009071	0.0	None	0.0	0.0	999.0
neg_020162	0.0	None	0.0	0.0	999.0
neg_014616	0.0	None	0.0	0.0	999.0
neg_008441	0.0	None	0.0	0.0	999.0
neg_003582	0.0	None	0.0	0.0	999.0
neg_010931	0.0	None	0.0	0.0	999.0
neg_011147	0.0	None	0.0	0.0	999.0
neg_018424	0.0	None	0.0	0.0	999.0
neg_002949	0.0	None	0.0	0.0	999.0
neg_001373	0.0	None	0.0	0.0	999.0
neg_017804	0.0	None	0.0	0.0	999.0
neg_012127	0.0	None	0.0	0.0	999.0
neg_014143	0.0	None	0.0	0.0	999.0
neg_001073	0.0	None	0.0	0.0	999.0
neg_017363	0.0	None	0.0	0.0	999.0
neg_005807	0.0	None	0.0	0.0	999.0
neg_020709	0.0	None	0.0	0.0	999.0
neg_001430	0.0	None	0.0	0.0	999.0
neg_017496	0.0	None	0.0	0.0	999.0
neg_013306	0.0	None	0.0	0.0	999.0
neg_011553	0.0	None	0.0	0.0	999.0
neg_014735	0.0	None	0.0	0.0	999.0
neg_007031	0.0	None	0.0	0.0	999.0
neg_000033	0.0	None	0.0	0.0	999.0
neg_010109	0.0	None	0.0	0.0	999.0
neg_018402	0.0	None	0.0	0.0	999.0
neg_014779	0.0	None	0.0	0.0	999.0
neg_017155	0.0	None	0.0	0.0	999.0
neg_014530	0.0	None	0.0	0.0	999.0
neg_005758	0.0	None	0.0	0.0	999.0
neg_020350	0.0	None	0.0	0.0	999.0
neg_006356	0.0	None	0.0	0.0	999.0
neg_017166	0.0	None	0.0	0.0	999.0
neg_017605	0.0	None	0.0	0.0	999.0
neg_017949	0.0	None	0.0	0.0	999.0
neg_015085	0.0	None	0.0	0.0	999.0
neg_020264	0.0	None	0.0	0.0	999.0
neg_001600	0.0	None	0.0	0.0	999.0
neg_005105	0.0	None	0.0	0.0	999.0
neg_003196	0.0	None	0.0	0.0	999.0
neg_017655	0.0	None	0.0	0.0	999.0
neg_012008	0.0	None	0.0	0.0	999.0
neg_019829	0.0	None	0.0	0.0	999.0
neg_012257	0.0	None	0.0	0.0	999.0
neg_015562	0.0	None	0.0	0.0	999.0
neg_014760	0.0	None	0.0	0.0	999.0
neg_014862	0.0	None	0.0	0.0	999.0
neg_008199	0.0	None	0.0	0.0	999.0
neg_006006	0.0	None	0.0	0.0	999.0
neg_017846	0.0	None	0.0	0.0	999.0
neg_020000	0.0	None	0.0	0.0	999.0
neg_003569	0.0	None	0.0	0.0	999.0
neg_002788	0.0	None	0.0	0.0	999.0
neg_004332	0.0	None	0.0	0.0	999.0
neg_009820	0.0	None	0.0	0.0	999.0
neg_006260	0.0	None	0.0	0.0	999.0
neg_011241	0.0	None	0.0	0.0	999.0
neg_012159	0.0	None	0.0	0.0	999.0
neg_014692	0.0	None	0.0	0.0	999.0
neg_016486	0.0	None	0.0	0.0	999.0
neg_004736	0.0	None	0.0	0.0	999.0
neg_011715	0.0	None	0.0	0.0	999.0
neg_006877	0.0	None	0.0	0.0	999.0
neg_012196	0.0	None	0.0	0.0	999.0
neg_017928	0.0	None	0.0	0.0	999.0
neg_016828	0.0	None	0.0	0.0	999.0
neg_010439	0.0	None	0.0	0.0	999.0
neg_014252	0.0	None	0.0	0.0	999.0
neg_002747	0.0	None	0.0	0.0	999.0
neg_009668	0.0	None	0.0	0.0	999.0
neg_010763	0.0	None	0.0	0.0	999.0
neg_015070	0.0	None	0.0	0.0	999.0
neg_000061	0.0	None	0.0	0.0	999.0
neg_004777	0.0	None	0.0	0.0	999.0
neg_015310	0.0	None	0.0	0.0	999.0
neg_006977	0.0	None	0.0	0.0	999.0
neg_017962	0.0	None	0.0	0.0	999.0
neg_010114	0.0	None	0.0	0.0	999.0
neg_010607	0.0	None	0.0	0.0	999.0
neg_019482	0.0	None	0.0	0.0	999.0
neg_017792	0.0	None	0.0	0.0	999.0
neg_018455	0.0	None	0.0	0.0	999.0
neg_011050	0.0	None	0.0	0.0	999.0
neg_000386	0.0	None	0.0	0.0	999.0
neg_004114	0.0	None	0.0	0.0	999.0
neg_010317	0.0	None	0.0	0.0	999.0
neg_001339	0.0	None	0.0	0.0	999.0
neg_008827	0.0	None	0.0	0.0	999.0
neg_013756	0.0	None	0.0	0.0	999.0
neg_019497	0.0	None	0.0	0.0	999.0
neg_019816	0.0	None	0.0	0.0	999.0
neg_015561	0.0	None	0.0	0.0	999.0
neg_017191	0.0	None	0.0	0.0	999.0
neg_015063	0.0	None	0.0	0.0	999.0
neg_000762	0.0	None	0.0	0.0	999.0
neg_004987	0.0	None	0.0	0.0	999.0
neg_018939	0.0	None	0.0	0.0	999.0
neg_005363	0.0	None	0.0	0.0	999.0
neg_003615	0.0	None	0.0	0.0	999.0
neg_012030	0.0	None	0.0	0.0	999.0
neg_007030	0.0	None	0.0	0.0	999.0
neg_017760	0.0	None	0.0	0.0	999.0
neg_001416	0.0	None	0.0	0.0	999.0
neg_018592	0.0	None	0.0	0.0	999.0
neg_001311	0.0	None	0.0	0.0	999.0
neg_008371	0.0	None	0.0	0.0	999.0
neg_008312	0.0	None	0.0	0.0	999.0
neg_019954	0.0	None	0.0	0.0	999.0
neg_005529	0.0	None	0.0	0.0	999.0
neg_008001	0.0	None	0.0	0.0	999.0
neg_009003	0.0	None	0.0	0.0	999.0
neg_008836	0.0	None	0.0	0.0	999.0
neg_011945	0.0	None	0.0	0.0	999.0
neg_015559	0.0	None	0.0	0.0	999.0
neg_010800	0.0	None	0.0	0.0	999.0
neg_017917	0.0	None	0.0	0.0	999.0
neg_012778	0.0	None	0.0	0.0	999.0
neg_012687	0.0	None	0.0	0.0	999.0
neg_015153	0.0	None	0.0	0.0	999.0
neg_006631	0.0	None	0.0	0.0	999.0
neg_001494	0.0	None	0.0	0.0	999.0
neg_008899	0.0	None	0.0	0.0	999.0
neg_016888	0.0	None	0.0	0.0	999.0
neg_009850	0.0	None	0.0	0.0	999.0
neg_013046	0.0	None	0.0	0.0	999.0
neg_018212	0.0	None	0.0	0.0	999.0
neg_017220	0.0	None	0.0	0.0	999.0
neg_018397	0.0	None	0.0	0.0	999.0
neg_011406	0.0	None	0.0	0.0	999.0
neg_002704	0.0	None	0.0	0.0	999.0
neg_006968	0.0	None	0.0	0.0	999.0
neg_016207	0.0	None	0.0	0.0	999.0
neg_007084	0.0	None	0.0	0.0	999.0
neg_002752	0.0	None	0.0	0.0	999.0
neg_008907	0.0	None	0.0	0.0	999.0
neg_005762	0.0	None	0.0	0.0	999.0
neg_008364	0.0	None	0.0	0.0	999.0
neg_003463	0.0	None	0.0	0.0	999.0
neg_017183	0.0	None	0.0	0.0	999.0
neg_009801	0.0	None	0.0	0.0	999.0
neg_014075	0.0	None	0.0	0.0	999.0
neg_006915	0.0	None	0.0	0.0	999.0
neg_004256	0.0	None	0.0	0.0	999.0
neg_013209	0.0	None	0.0	0.0	999.0
neg_003715	0.0	None	0.0	0.0	999.0
neg_015004	0.0	None	0.0	0.0	999.0
neg_015050	0.0	None	0.0	0.0	999.0
neg_014399	0.0	None	0.0	0.0	999.0
neg_008658	0.0	None	0.0	0.0	999.0
neg_001023	0.0	None	0.0	0.0	999.0
neg_012662	0.0	None	0.0	0.0	999.0
neg_017311	0.0	None	0.0	0.0	999.0
neg_010559	0.0	None	0.0	0.0	999.0
neg_013985	0.0	None	0.0	0.0	999.0
neg_001337	0.0	None	0.0	0.0	999.0
neg_011882	0.0	None	0.0	0.0	999.0
neg_015095	0.0	None	0.0	0.0	999.0
neg_018672	0.0	None	0.0	0.0	999.0
neg_001513	0.0	None	0.0	0.0	999.0
neg_003109	0.0	None	0.0	0.0	999.0
neg_015486	0.0	None	0.0	0.0	999.0
neg_009151	0.0	None	0.0	0.0	999.0
neg_008467	0.0	None	0.0	0.0	999.0
neg_006679	0.0	None	0.0	0.0	999.0
neg_019765	0.0	None	0.0	0.0	999.0
neg_011495	0.0	None	0.0	0.0	999.0
neg_017870	0.0	None	0.0	0.0	999.0
neg_016075	0.0	None	0.0	0.0	999.0
neg_010100	0.0	None	0.0	0.0	999.0
neg_001829	0.0	None	0.0	0.0	999.0
neg_016665	0.0	None	0.0	0.0	999.0
neg_000492	0.0	None	0.0	0.0	999.0
neg_011513	0.0	None	0.0	0.0	999.0
neg_008031	0.0	None	0.0	0.0	999.0
neg_009484	38.0	tpase_002119	46.800000000000004	17.5	0.0005322
neg_011705	0.0	None	0.0	0.0	999.0
neg_008514	0.0	None	0.0	0.0	999.0
neg_004942	0.0	None	0.0	0.0	999.0
neg_009660	0.0	None	0.0	0.0	999.0
neg_020736	0.0	None	0.0	0.0	999.0
neg_020783	0.0	None	0.0	0.0	999.0
neg_015509	0.0	None	0.0	0.0	999.0
neg_004448	0.0	None	0.0	0.0	999.0
neg_016781	0.0	None	0.0	0.0	999.0
neg_012765	0.0	None	0.0	0.0	999.0
neg_003775	0.0	None	0.0	0.0	999.0
neg_012277	0.0	None	0.0	0.0	999.0
neg_017088	0.0	None	0.0	0.0	999.0
neg_014477	0.0	None	0.0	0.0	999.0
neg_012273	0.0	None	0.0	0.0	999.0
neg_014185	0.0	None	0.0	0.0	999.0
neg_018169	0.0	None	0.0	0.0	999.0
neg_014124	0.0	None	0.0	0.0	999.0
neg_008569	0.0	None	0.0	0.0	999.0
neg_007811	0.0	None	0.0	0.0	999.0
neg_017054	0.0	None	0.0	0.0	999.0
neg_017895	0.0	None	0.0	0.0	999.0
neg_005988	0.0	None	0.0	0.0	999.0
neg_011093	0.0	None	0.0	0.0	999.0
neg_004814	0.0	None	0.0	0.0	999.0
neg_009159	0.0	None	0.0	0.0	999.0
neg_011473	0.0	None	0.0	0.0	999.0
neg_000240	0.0	None	0.0	0.0	999.0
neg_003709	0.0	None	0.0	0.0	999.0
neg_017413	0.0	None	0.0	0.0	999.0
neg_004429	0.0	None	0.0	0.0	999.0
neg_010704	0.0	None	0.0	0.0	999.0
neg_012140	0.0	None	0.0	0.0	999.0
neg_003829	0.0	None	0.0	0.0	999.0
neg_001233	0.0	None	0.0	0.0	999.0
neg_017223	0.0	None	0.0	0.0	999.0
neg_013448	0.0	None	0.0	0.0	999.0
neg_019105	0.0	None	0.0	0.0	999.0
neg_000808	0.0	None	0.0	0.0	999.0
neg_012244	0.0	None	0.0	0.0	999.0
neg_011128	0.0	None	0.0	0.0	999.0
neg_007185	0.0	None	0.0	0.0	999.0
neg_007768	0.0	None	0.0	0.0	999.0
neg_010747	0.0	None	0.0	0.0	999.0
neg_008636	0.0	None	0.0	0.0	999.0
neg_001019	0.0	None	0.0	0.0	999.0
neg_011095	0.0	None	0.0	0.0	999.0
neg_019203	0.0	None	0.0	0.0	999.0
neg_016175	0.0	None	0.0	0.0	999.0
neg_008631	0.0	None	0.0	0.0	999.0
neg_002278	0.0	None	0.0	0.0	999.0
neg_005599	0.0	None	0.0	0.0	999.0
neg_010982	0.0	None	0.0	0.0	999.0
neg_016237	0.0	None	0.0	0.0	999.0
neg_014404	0.0	None	0.0	0.0	999.0
neg_002983	0.0	None	0.0	0.0	999.0
neg_017063	0.0	None	0.0	0.0	999.0
neg_001867	0.0	None	0.0	0.0	999.0
neg_010379	0.0	None	0.0	0.0	999.0
neg_009017	0.0	None	0.0	0.0	999.0
neg_019437	0.0	None	0.0	0.0	999.0
neg_018607	0.0	None	0.0	0.0	999.0
neg_009457	0.0	None	0.0	0.0	999.0
neg_013395	0.0	None	0.0	0.0	999.0
neg_005305	0.0	None	0.0	0.0	999.0
neg_016285	0.0	None	0.0	0.0	999.0
neg_001913	0.0	None	0.0	0.0	999.0
neg_002941	0.0	None	0.0	0.0	999.0
neg_009384	0.0	None	0.0	0.0	999.0
neg_000677	0.0	None	0.0	0.0	999.0
neg_020121	0.0	None	0.0	0.0	999.0
neg_005560	0.0	None	0.0	0.0	999.0
neg_020686	0.0	None	0.0	0.0	999.0
neg_016928	0.0	None	0.0	0.0	999.0
neg_006744	0.0	None	0.0	0.0	999.0
neg_015966	0.0	None	0.0	0.0	999.0
neg_018545	0.0	None	0.0	0.0	999.0
neg_014190	0.0	None	0.0	0.0	999.0
neg_007573	0.0	None	0.0	0.0	999.0
neg_017886	0.0	None	0.0	0.0	999.0
neg_002254	0.0	None	0.0	0.0	999.0
neg_016333	0.0	None	0.0	0.0	999.0
neg_009427	0.0	None	0.0	0.0	999.0
neg_020816	0.0	None	0.0	0.0	999.0
neg_019325	0.0	None	0.0	0.0	999.0
neg_003905	0.0	None	0.0	0.0	999.0
neg_018480	0.0	None	0.0	0.0	999.0
neg_009132	0.0	None	0.0	0.0	999.0
neg_009379	0.0	None	0.0	0.0	999.0
neg_011253	0.0	None	0.0	0.0	999.0
neg_008078	0.0	None	0.0	0.0	999.0
neg_015057	0.0	None	0.0	0.0	999.0
neg_001974	0.0	None	0.0	0.0	999.0
neg_013432	0.0	None	0.0	0.0	999.0
neg_015774	0.0	None	0.0	0.0	999.0
neg_005032	0.0	None	0.0	0.0	999.0
neg_010873	0.0	None	0.0	0.0	999.0
neg_006499	0.0	None	0.0	0.0	999.0
neg_000611	0.0	None	0.0	0.0	999.0
neg_010189	0.0	None	0.0	0.0	999.0
neg_016554	0.0	None	0.0	0.0	999.0
neg_006161	0.0	None	0.0	0.0	999.0
neg_002758	0.0	None	0.0	0.0	999.0
neg_004163	0.0	None	0.0	0.0	999.0
neg_013256	0.0	None	0.0	0.0	999.0
neg_007351	0.0	None	0.0	0.0	999.0
neg_002904	0.0	None	0.0	0.0	999.0
neg_016637	0.0	None	0.0	0.0	999.0
neg_016950	0.0	None	0.0	0.0	999.0
neg_004529	0.0	None	0.0	0.0	999.0
neg_014405	0.0	None	0.0	0.0	999.0
neg_005521	0.0	None	0.0	0.0	999.0
neg_003219	0.0	None	0.0	0.0	999.0
neg_019413	0.0	None	0.0	0.0	999.0
neg_013829	0.0	None	0.0	0.0	999.0
neg_007860	0.0	None	0.0	0.0	999.0
neg_018600	0.0	None	0.0	0.0	999.0
neg_014158	0.0	None	0.0	0.0	999.0
neg_004997	0.0	None	0.0	0.0	999.0
neg_011490	0.0	None	0.0	0.0	999.0
neg_008269	0.0	None	0.0	0.0	999.0
neg_011958	0.0	None	0.0	0.0	999.0
neg_011987	0.0	None	0.0	0.0	999.0
neg_008086	0.0	None	0.0	0.0	999.0
neg_015773	0.0	None	0.0	0.0	999.0
neg_001285	0.0	None	0.0	0.0	999.0
neg_003805	0.0	None	0.0	0.0	999.0
neg_020399	0.0	None	0.0	0.0	999.0
neg_018576	0.0	None	0.0	0.0	999.0
neg_003622	0.0	None	0.0	0.0	999.0
neg_007292	0.0	None	0.0	0.0	999.0
neg_002741	0.0	None	0.0	0.0	999.0
neg_015113	0.0	None	0.0	0.0	999.0
neg_005877	0.0	None	0.0	0.0	999.0
neg_013036	0.0	None	0.0	0.0	999.0
neg_009068	0.0	None	0.0	0.0	999.0
neg_006869	0.0	None	0.0	0.0	999.0
neg_012633	0.0	None	0.0	0.0	999.0
neg_000129	0.0	None	0.0	0.0	999.0
neg_001044	0.0	None	0.0	0.0	999.0
neg_013992	0.0	None	0.0	0.0	999.0
neg_009670	0.0	None	0.0	0.0	999.0
neg_002339	0.0	None	0.0	0.0	999.0
neg_006535	0.0	None	0.0	0.0	999.0
neg_010170	0.0	None	0.0	0.0	999.0
neg_015672	0.0	None	0.0	0.0	999.0
neg_000521	0.0	None	0.0	0.0	999.0
neg_015393	0.0	None	0.0	0.0	999.0
neg_012001	0.0	None	0.0	0.0	999.0
neg_014455	0.0	None	0.0	0.0	999.0
neg_017395	0.0	None	0.0	0.0	999.0
neg_012084	0.0	None	0.0	0.0	999.0
neg_013009	0.0	None	0.0	0.0	999.0
neg_020082	0.0	None	0.0	0.0	999.0
neg_011536	0.0	None	0.0	0.0	999.0
neg_000785	0.0	None	0.0	0.0	999.0
neg_014373	0.0	None	0.0	0.0	999.0
neg_010593	0.0	None	0.0	0.0	999.0
neg_017106	0.0	None	0.0	0.0	999.0
neg_001684	0.0	None	0.0	0.0	999.0
neg_013221	0.0	None	0.0	0.0	999.0
neg_000287	0.0	None	0.0	0.0	999.0
neg_000376	0.0	None	0.0	0.0	999.0
neg_011577	0.0	None	0.0	0.0	999.0
neg_015971	0.0	None	0.0	0.0	999.0
neg_008984	0.0	None	0.0	0.0	999.0
neg_007747	0.0	None	0.0	0.0	999.0
neg_000938	0.0	None	0.0	0.0	999.0
neg_006303	0.0	None	0.0	0.0	999.0
neg_019697	0.0	None	0.0	0.0	999.0
neg_018295	0.0	None	0.0	0.0	999.0
neg_004567	0.0	None	0.0	0.0	999.0
neg_002934	0.0	None	0.0	0.0	999.0
neg_020290	0.0	None	0.0	0.0	999.0
neg_014738	0.0	None	0.0	0.0	999.0
neg_020213	0.0	None	0.0	0.0	999.0
neg_010799	0.0	None	0.0	0.0	999.0
neg_020128	0.0	None	0.0	0.0	999.0
neg_020824	0.0	None	0.0	0.0	999.0
neg_011330	0.0	None	0.0	0.0	999.0
neg_006093	0.0	None	0.0	0.0	999.0
neg_016987	0.0	None	0.0	0.0	999.0
neg_013577	0.0	None	0.0	0.0	999.0
neg_013198	0.0	None	0.0	0.0	999.0
neg_020430	0.0	None	0.0	0.0	999.0
neg_009620	0.0	None	0.0	0.0	999.0
neg_008334	0.0	None	0.0	0.0	999.0
neg_010380	0.0	None	0.0	0.0	999.0
neg_015041	0.0	None	0.0	0.0	999.0
neg_015267	0.0	None	0.0	0.0	999.0
neg_010617	0.0	None	0.0	0.0	999.0
neg_019630	0.0	None	0.0	0.0	999.0
neg_019990	0.0	None	0.0	0.0	999.0
neg_009656	0.0	None	0.0	0.0	999.0
neg_002610	0.0	None	0.0	0.0	999.0
neg_004240	0.0	None	0.0	0.0	999.0
neg_004657	0.0	None	0.0	0.0	999.0
neg_008393	0.0	None	0.0	0.0	999.0
neg_002153	0.0	None	0.0	0.0	999.0
neg_015649	0.0	None	0.0	0.0	999.0
neg_005235	0.0	None	0.0	0.0	999.0
neg_004937	0.0	None	0.0	0.0	999.0
neg_014773	0.0	None	0.0	0.0	999.0
neg_007390	0.0	None	0.0	0.0	999.0
neg_012421	0.0	None	0.0	0.0	999.0
neg_000647	0.0	None	0.0	0.0	999.0
neg_000422	0.0	None	0.0	0.0	999.0
neg_016546	0.0	None	0.0	0.0	999.0
neg_008327	0.0	None	0.0	0.0	999.0
neg_007980	0.0	None	0.0	0.0	999.0
neg_002006	0.0	None	0.0	0.0	999.0
neg_012212	0.0	None	0.0	0.0	999.0
neg_003308	0.0	None	0.0	0.0	999.0
neg_007895	0.0	None	0.0	0.0	999.0
neg_020767	0.0	None	0.0	0.0	999.0
neg_017464	0.0	None	0.0	0.0	999.0
neg_017461	0.0	None	0.0	0.0	999.0
neg_002679	0.0	None	0.0	0.0	999.0
neg_016747	0.0	None	0.0	0.0	999.0
neg_012249	0.0	None	0.0	0.0	999.0
neg_008341	0.0	None	0.0	0.0	999.0
neg_003310	0.0	None	0.0	0.0	999.0
neg_004027	0.0	None	0.0	0.0	999.0
neg_001797	0.0	None	0.0	0.0	999.0
neg_002376	0.0	None	0.0	0.0	999.0
neg_014283	0.0	None	0.0	0.0	999.0
neg_016234	0.0	None	0.0	0.0	999.0
neg_007862	0.0	None	0.0	0.0	999.0
neg_000005	0.0	None	0.0	0.0	999.0
neg_008610	0.0	None	0.0	0.0	999.0
neg_020590	0.0	None	0.0	0.0	999.0
neg_001622	0.0	None	0.0	0.0	999.0
neg_017579	0.0	None	0.0	0.0	999.0
neg_009418	0.0	None	0.0	0.0	999.0
neg_006265	0.0	None	0.0	0.0	999.0
neg_009545	0.0	None	0.0	0.0	999.0
neg_016244	0.0	None	0.0	0.0	999.0
neg_006165	0.0	None	0.0	0.0	999.0
neg_005186	0.0	None	0.0	0.0	999.0
neg_018598	0.0	None	0.0	0.0	999.0
neg_016868	0.0	None	0.0	0.0	999.0
neg_017206	0.0	None	0.0	0.0	999.0
neg_002130	0.0	None	0.0	0.0	999.0
neg_019798	0.0	None	0.0	0.0	999.0
neg_006437	0.0	None	0.0	0.0	999.0
neg_012359	0.0	None	0.0	0.0	999.0
neg_011440	0.0	None	0.0	0.0	999.0
neg_003970	0.0	None	0.0	0.0	999.0
neg_020808	0.0	None	0.0	0.0	999.0
neg_018571	0.0	None	0.0	0.0	999.0
neg_005813	0.0	None	0.0	0.0	999.0
neg_002106	0.0	None	0.0	0.0	999.0
neg_018774	0.0	None	0.0	0.0	999.0
neg_018461	0.0	None	0.0	0.0	999.0
neg_013202	0.0	None	0.0	0.0	999.0
neg_008228	0.0	None	0.0	0.0	999.0
neg_002081	0.0	None	0.0	0.0	999.0
neg_013709	0.0	None	0.0	0.0	999.0
neg_015479	0.0	None	0.0	0.0	999.0
neg_006912	0.0	None	0.0	0.0	999.0
neg_012134	0.0	None	0.0	0.0	999.0
neg_009419	0.0	None	0.0	0.0	999.0
neg_003602	0.0	None	0.0	0.0	999.0
neg_012390	0.0	None	0.0	0.0	999.0
neg_001989	0.0	None	0.0	0.0	999.0
neg_013782	0.0	None	0.0	0.0	999.0
neg_005360	0.0	None	0.0	0.0	999.0
neg_013071	0.0	None	0.0	0.0	999.0
neg_002545	0.0	None	0.0	0.0	999.0
neg_001895	0.0	None	0.0	0.0	999.0
neg_019655	0.0	None	0.0	0.0	999.0
neg_020532	0.0	None	0.0	0.0	999.0
neg_018574	0.0	None	0.0	0.0	999.0
neg_014923	0.0	None	0.0	0.0	999.0
neg_000780	0.0	None	0.0	0.0	999.0
neg_013435	0.0	None	0.0	0.0	999.0
neg_009470	0.0	None	0.0	0.0	999.0
neg_001267	0.0	None	0.0	0.0	999.0
neg_007315	0.0	None	0.0	0.0	999.0
neg_006019	0.0	None	0.0	0.0	999.0
neg_007152	0.0	None	0.0	0.0	999.0
neg_013144	0.0	None	0.0	0.0	999.0
neg_003280	0.0	None	0.0	0.0	999.0
neg_019448	0.0	None	0.0	0.0	999.0
neg_012983	0.0	None	0.0	0.0	999.0
neg_015218	0.0	None	0.0	0.0	999.0
neg_014366	0.0	None	0.0	0.0	999.0
neg_016971	0.0	None	0.0	0.0	999.0
neg_007183	0.0	None	0.0	0.0	999.0
neg_006166	0.0	None	0.0	0.0	999.0
neg_007991	0.0	None	0.0	0.0	999.0
neg_016740	0.0	None	0.0	0.0	999.0
neg_003759	0.0	None	0.0	0.0	999.0
neg_017662	0.0	None	0.0	0.0	999.0
neg_012211	0.0	None	0.0	0.0	999.0
neg_004124	0.0	None	0.0	0.0	999.0
neg_014771	0.0	None	0.0	0.0	999.0
neg_012541	0.0	None	0.0	0.0	999.0
neg_008897	0.0	None	0.0	0.0	999.0
neg_013611	0.0	None	0.0	0.0	999.0
neg_007902	0.0	None	0.0	0.0	999.0
neg_002410	0.0	None	0.0	0.0	999.0
neg_009407	0.0	None	0.0	0.0	999.0
neg_015806	0.0	None	0.0	0.0	999.0
neg_019517	0.0	None	0.0	0.0	999.0
neg_005729	0.0	None	0.0	0.0	999.0
neg_016050	0.0	None	0.0	0.0	999.0
neg_014800	0.0	None	0.0	0.0	999.0
neg_006214	0.0	None	0.0	0.0	999.0
neg_018269	0.0	None	0.0	0.0	999.0
neg_001086	0.0	None	0.0	0.0	999.0
neg_000242	0.0	None	0.0	0.0	999.0
neg_012600	0.0	None	0.0	0.0	999.0
neg_020454	0.0	None	0.0	0.0	999.0
neg_004210	0.0	None	0.0	0.0	999.0
neg_007095	0.0	None	0.0	0.0	999.0
neg_002158	0.0	None	0.0	0.0	999.0
neg_014150	0.0	None	0.0	0.0	999.0
neg_007874	0.0	None	0.0	0.0	999.0
neg_011972	0.0	None	0.0	0.0	999.0
neg_000878	0.0	None	0.0	0.0	999.0
neg_020169	0.0	None	0.0	0.0	999.0
neg_017370	0.0	None	0.0	0.0	999.0
neg_004418	0.0	None	0.0	0.0	999.0
neg_019977	0.0	None	0.0	0.0	999.0
neg_000241	0.0	None	0.0	0.0	999.0
neg_010021	0.0	None	0.0	0.0	999.0
neg_009661	0.0	None	0.0	0.0	999.0
neg_018605	0.0	None	0.0	0.0	999.0
neg_001718	0.0	None	0.0	0.0	999.0
neg_003960	0.0	None	0.0	0.0	999.0
neg_008618	0.0	None	0.0	0.0	999.0
neg_012144	0.0	None	0.0	0.0	999.0
neg_010845	0.0	None	0.0	0.0	999.0
neg_002095	0.0	None	0.0	0.0	999.0
neg_002699	0.0	None	0.0	0.0	999.0
neg_010139	0.0	None	0.0	0.0	999.0
neg_011532	0.0	None	0.0	0.0	999.0
neg_018613	0.0	None	0.0	0.0	999.0
neg_020348	0.0	None	0.0	0.0	999.0
neg_014611	0.0	None	0.0	0.0	999.0
neg_010387	0.0	None	0.0	0.0	999.0
neg_011428	0.0	None	0.0	0.0	999.0
neg_000015	0.0	None	0.0	0.0	999.0
neg_017500	0.0	None	0.0	0.0	999.0
neg_000645	0.0	None	0.0	0.0	999.0
neg_007784	0.0	None	0.0	0.0	999.0
neg_013228	0.0	None	0.0	0.0	999.0
neg_001761	0.0	None	0.0	0.0	999.0
neg_002585	0.0	None	0.0	0.0	999.0
neg_019855	0.0	None	0.0	0.0	999.0
neg_006483	0.0	None	0.0	0.0	999.0
neg_018621	0.0	None	0.0	0.0	999.0
neg_012105	0.0	None	0.0	0.0	999.0
neg_010906	0.0	None	0.0	0.0	999.0
neg_002073	0.0	None	0.0	0.0	999.0
neg_007012	0.0	None	0.0	0.0	999.0
neg_008289	0.0	None	0.0	0.0	999.0
neg_014686	0.0	None	0.0	0.0	999.0
neg_006609	0.0	None	0.0	0.0	999.0
neg_003510	0.0	None	0.0	0.0	999.0
neg_006754	0.0	None	0.0	0.0	999.0
neg_003114	0.0	None	0.0	0.0	999.0
neg_018622	0.0	None	0.0	0.0	999.0
neg_003258	0.0	None	0.0	0.0	999.0
neg_006222	0.0	None	0.0	0.0	999.0
neg_013914	0.0	None	0.0	0.0	999.0
neg_007838	0.0	None	0.0	0.0	999.0
neg_003212	0.0	None	0.0	0.0	999.0
neg_015616	0.0	None	0.0	0.0	999.0
neg_005835	0.0	None	0.0	0.0	999.0
neg_008155	0.0	None	0.0	0.0	999.0
neg_013154	0.0	None	0.0	0.0	999.0
neg_004140	0.0	None	0.0	0.0	999.0
neg_010754	0.0	None	0.0	0.0	999.0
neg_021025	0.0	None	0.0	0.0	999.0
neg_018008	0.0	None	0.0	0.0	999.0
neg_014706	0.0	None	0.0	0.0	999.0
neg_013431	0.0	None	0.0	0.0	999.0
neg_009521	0.0	None	0.0	0.0	999.0
neg_001654	0.0	None	0.0	0.0	999.0
neg_009949	0.0	None	0.0	0.0	999.0
neg_018918	0.0	None	0.0	0.0	999.0
neg_010362	0.0	None	0.0	0.0	999.0
neg_001742	0.0	None	0.0	0.0	999.0
neg_016284	0.0	None	0.0	0.0	999.0
neg_005152	0.0	None	0.0	0.0	999.0
neg_018086	0.0	None	0.0	0.0	999.0
neg_003304	0.0	None	0.0	0.0	999.0
neg_012800	0.0	None	0.0	0.0	999.0
neg_014065	0.0	None	0.0	0.0	999.0
neg_012499	0.0	None	0.0	0.0	999.0
neg_001787	0.0	None	0.0	0.0	999.0
neg_000235	0.0	None	0.0	0.0	999.0
neg_000030	0.0	None	0.0	0.0	999.0
neg_013788	0.0	None	0.0	0.0	999.0
neg_012995	0.0	None	0.0	0.0	999.0
neg_004487	0.0	None	0.0	0.0	999.0
neg_014463	0.0	None	0.0	0.0	999.0
neg_010476	0.0	None	0.0	0.0	999.0
neg_017404	0.0	None	0.0	0.0	999.0
neg_016280	0.0	None	0.0	0.0	999.0
neg_012408	0.0	None	0.0	0.0	999.0
neg_017534	0.0	None	0.0	0.0	999.0
neg_019952	0.0	None	0.0	0.0	999.0
neg_005390	0.0	None	0.0	0.0	999.0
neg_017673	0.0	None	0.0	0.0	999.0
neg_001433	0.0	None	0.0	0.0	999.0
neg_011924	0.0	None	0.0	0.0	999.0
neg_005245	0.0	None	0.0	0.0	999.0
neg_018649	0.0	None	0.0	0.0	999.0
neg_000702	0.0	None	0.0	0.0	999.0
neg_000732	0.0	None	0.0	0.0	999.0
neg_018130	0.0	None	0.0	0.0	999.0
neg_009201	0.0	None	0.0	0.0	999.0
neg_013748	0.0	None	0.0	0.0	999.0
neg_004271	0.0	None	0.0	0.0	999.0
neg_007625	0.0	None	0.0	0.0	999.0
neg_005640	0.0	None	0.0	0.0	999.0
neg_012823	0.0	None	0.0	0.0	999.0
neg_006925	0.0	None	0.0	0.0	999.0
neg_014827	0.0	None	0.0	0.0	999.0
neg_020862	0.0	None	0.0	0.0	999.0
neg_000002	0.0	None	0.0	0.0	999.0
neg_019508	0.0	None	0.0	0.0	999.0
neg_013305	0.0	None	0.0	0.0	999.0
neg_011757	0.0	None	0.0	0.0	999.0
neg_002002	0.0	None	0.0	0.0	999.0
neg_000874	0.0	None	0.0	0.0	999.0
neg_017753	0.0	None	0.0	0.0	999.0
neg_009443	0.0	None	0.0	0.0	999.0
neg_014620	0.0	None	0.0	0.0	999.0
neg_012411	0.0	None	0.0	0.0	999.0
neg_003457	0.0	None	0.0	0.0	999.0
neg_014070	0.0	None	0.0	0.0	999.0
neg_001928	0.0	None	0.0	0.0	999.0
neg_015499	0.0	None	0.0	0.0	999.0
neg_007129	0.0	None	0.0	0.0	999.0
neg_004954	0.0	None	0.0	0.0	999.0
neg_017611	0.0	None	0.0	0.0	999.0
neg_004193	0.0	None	0.0	0.0	999.0
neg_015185	0.0	None	0.0	0.0	999.0
neg_002677	0.0	None	0.0	0.0	999.0
neg_012629	0.0	None	0.0	0.0	999.0
neg_005064	0.0	None	0.0	0.0	999.0
neg_014362	0.0	None	0.0	0.0	999.0
neg_008550	0.0	None	0.0	0.0	999.0
neg_002391	0.0	None	0.0	0.0	999.0
neg_012011	0.0	None	0.0	0.0	999.0
neg_014969	0.0	None	0.0	0.0	999.0
neg_012511	0.0	None	0.0	0.0	999.0
neg_018502	0.0	None	0.0	0.0	999.0
neg_006974	0.0	None	0.0	0.0	999.0
neg_016269	0.0	None	0.0	0.0	999.0
neg_010642	0.0	None	0.0	0.0	999.0
neg_015875	0.0	None	0.0	0.0	999.0
neg_012539	0.0	None	0.0	0.0	999.0
neg_019222	0.0	None	0.0	0.0	999.0
neg_007503	0.0	None	0.0	0.0	999.0
neg_012043	0.0	None	0.0	0.0	999.0
neg_017483	0.0	None	0.0	0.0	999.0
neg_005125	0.0	None	0.0	0.0	999.0
neg_002393	0.0	None	0.0	0.0	999.0
neg_012225	0.0	None	0.0	0.0	999.0
neg_001492	0.0	None	0.0	0.0	999.0
neg_005918	0.0	None	0.0	0.0	999.0
neg_013255	0.0	None	0.0	0.0	999.0
neg_006339	0.0	None	0.0	0.0	999.0
neg_008376	0.0	None	0.0	0.0	999.0
neg_006104	0.0	None	0.0	0.0	999.0
neg_003261	0.0	None	0.0	0.0	999.0
neg_015964	0.0	None	0.0	0.0	999.0
neg_020015	0.0	None	0.0	0.0	999.0
neg_018929	0.0	None	0.0	0.0	999.0
neg_005954	0.0	None	0.0	0.0	999.0
neg_002252	0.0	None	0.0	0.0	999.0
neg_016517	0.0	None	0.0	0.0	999.0
neg_002142	0.0	None	0.0	0.0	999.0
neg_007348	0.0	None	0.0	0.0	999.0
neg_020707	0.0	None	0.0	0.0	999.0
neg_005711	0.0	None	0.0	0.0	999.0
neg_017546	0.0	None	0.0	0.0	999.0
neg_011006	0.0	None	0.0	0.0	999.0
neg_021081	0.0	None	0.0	0.0	999.0
neg_003015	0.0	None	0.0	0.0	999.0
neg_009780	0.0	None	0.0	0.0	999.0
neg_017105	0.0	None	0.0	0.0	999.0
neg_012997	0.0	None	0.0	0.0	999.0
neg_004466	0.0	None	0.0	0.0	999.0
neg_009685	0.0	None	0.0	0.0	999.0
neg_003101	0.0	None	0.0	0.0	999.0
neg_016124	0.0	None	0.0	0.0	999.0
neg_005430	0.0	None	0.0	0.0	999.0
neg_017550	0.0	None	0.0	0.0	999.0
neg_013988	0.0	None	0.0	0.0	999.0
neg_016353	0.0	None	0.0	0.0	999.0
neg_003087	0.0	None	0.0	0.0	999.0
neg_012106	0.0	None	0.0	0.0	999.0
neg_006890	0.0	None	0.0	0.0	999.0
neg_011560	0.0	None	0.0	0.0	999.0
neg_010511	0.0	None	0.0	0.0	999.0
neg_012721	0.0	None	0.0	0.0	999.0
neg_005519	0.0	None	0.0	0.0	999.0
neg_017294	0.0	None	0.0	0.0	999.0
neg_010843	0.0	None	0.0	0.0	999.0
neg_018384	0.0	None	0.0	0.0	999.0
neg_012617	0.0	None	0.0	0.0	999.0
neg_005661	0.0	None	0.0	0.0	999.0
neg_004947	0.0	None	0.0	0.0	999.0
neg_003680	0.0	None	0.0	0.0	999.0
neg_015324	0.0	None	0.0	0.0	999.0
neg_015626	0.0	None	0.0	0.0	999.0
neg_010945	0.0	None	0.0	0.0	999.0
neg_020123	0.0	None	0.0	0.0	999.0
neg_014208	0.0	None	0.0	0.0	999.0
neg_006625	0.0	None	0.0	0.0	999.0
neg_005088	0.0	None	0.0	0.0	999.0
neg_018677	0.0	None	0.0	0.0	999.0
neg_018106	0.0	None	0.0	0.0	999.0
neg_020145	0.0	None	0.0	0.0	999.0
neg_002162	0.0	None	0.0	0.0	999.0
neg_015581	0.0	None	0.0	0.0	999.0
neg_004315	0.0	None	0.0	0.0	999.0
neg_005402	0.0	None	0.0	0.0	999.0
neg_001449	0.0	None	0.0	0.0	999.0
neg_016812	0.0	None	0.0	0.0	999.0
neg_007073	0.0	None	0.0	0.0	999.0
neg_011773	0.0	None	0.0	0.0	999.0
neg_001464	0.0	None	0.0	0.0	999.0
neg_015615	0.0	None	0.0	0.0	999.0
neg_008201	0.0	None	0.0	0.0	999.0
neg_001308	0.0	None	0.0	0.0	999.0
neg_003277	0.0	None	0.0	0.0	999.0
neg_000425	0.0	None	0.0	0.0	999.0
neg_012132	0.0	None	0.0	0.0	999.0
neg_018258	0.0	None	0.0	0.0	999.0
neg_014707	0.0	None	0.0	0.0	999.0
neg_010113	0.0	None	0.0	0.0	999.0
neg_007081	0.0	None	0.0	0.0	999.0
neg_012135	0.0	None	0.0	0.0	999.0
neg_017816	0.0	None	0.0	0.0	999.0
neg_009055	0.0	None	0.0	0.0	999.0
neg_018400	0.0	None	0.0	0.0	999.0
neg_000459	0.0	None	0.0	0.0	999.0
neg_005844	0.0	None	0.0	0.0	999.0
neg_015770	0.0	None	0.0	0.0	999.0
neg_007688	0.0	None	0.0	0.0	999.0
neg_009836	0.0	None	0.0	0.0	999.0
neg_000182	0.0	None	0.0	0.0	999.0
neg_013281	0.0	None	0.0	0.0	999.0
neg_016446	0.0	None	0.0	0.0	999.0
neg_014347	0.0	None	0.0	0.0	999.0
neg_003573	0.0	None	0.0	0.0	999.0
neg_006937	0.0	None	0.0	0.0	999.0
neg_016411	0.0	None	0.0	0.0	999.0
neg_000282	0.0	None	0.0	0.0	999.0
neg_018874	0.0	None	0.0	0.0	999.0
neg_006875	0.0	None	0.0	0.0	999.0
neg_010479	0.0	None	0.0	0.0	999.0
neg_018591	0.0	None	0.0	0.0	999.0
neg_017657	0.0	None	0.0	0.0	999.0
neg_015133	0.0	None	0.0	0.0	999.0
neg_013019	0.0	None	0.0	0.0	999.0
neg_017730	94.0	tpase_002247	26.700000000000003	100.0	1.302e-21
neg_020233	0.0	None	0.0	0.0	999.0
neg_016232	0.0	None	0.0	0.0	999.0
neg_005024	0.0	None	0.0	0.0	999.0
neg_009567	0.0	None	0.0	0.0	999.0
neg_019419	0.0	None	0.0	0.0	999.0
neg_005166	0.0	None	0.0	0.0	999.0
neg_004356	0.0	None	0.0	0.0	999.0
neg_020621	0.0	None	0.0	0.0	999.0
neg_002700	0.0	None	0.0	0.0	999.0
neg_009045	0.0	None	0.0	0.0	999.0
neg_002506	0.0	None	0.0	0.0	999.0
neg_006844	0.0	None	0.0	0.0	999.0
neg_005579	0.0	None	0.0	0.0	999.0
neg_004255	0.0	None	0.0	0.0	999.0
neg_012927	0.0	None	0.0	0.0	999.0
neg_009378	0.0	None	0.0	0.0	999.0
neg_016480	0.0	None	0.0	0.0	999.0
neg_012706	0.0	None	0.0	0.0	999.0
neg_015195	0.0	None	0.0	0.0	999.0
neg_011175	0.0	None	0.0	0.0	999.0
neg_011215	0.0	None	0.0	0.0	999.0
neg_011064	0.0	None	0.0	0.0	999.0
neg_006079	0.0	None	0.0	0.0	999.0
neg_000778	0.0	None	0.0	0.0	999.0
neg_005609	0.0	None	0.0	0.0	999.0
neg_002361	0.0	None	0.0	0.0	999.0
neg_011186	0.0	None	0.0	0.0	999.0
neg_000249	0.0	None	0.0	0.0	999.0
neg_008716	0.0	None	0.0	0.0	999.0
neg_011842	0.0	None	0.0	0.0	999.0
neg_008522	0.0	None	0.0	0.0	999.0
neg_004849	0.0	None	0.0	0.0	999.0
neg_011544	0.0	None	0.0	0.0	999.0
neg_015180	0.0	None	0.0	0.0	999.0
neg_007149	0.0	None	0.0	0.0	999.0
neg_017602	0.0	None	0.0	0.0	999.0
neg_003982	0.0	None	0.0	0.0	999.0
neg_021157	0.0	None	0.0	0.0	999.0
neg_010242	0.0	None	0.0	0.0	999.0
neg_006755	0.0	None	0.0	0.0	999.0
neg_005980	0.0	None	0.0	0.0	999.0
neg_018010	0.0	None	0.0	0.0	999.0
neg_002854	0.0	None	0.0	0.0	999.0
neg_018578	0.0	None	0.0	0.0	999.0
neg_014378	0.0	None	0.0	0.0	999.0
neg_017844	0.0	None	0.0	0.0	999.0
neg_015578	0.0	None	0.0	0.0	999.0
neg_020746	0.0	None	0.0	0.0	999.0
neg_010736	0.0	None	0.0	0.0	999.0
neg_017333	0.0	None	0.0	0.0	999.0
neg_014427	0.0	None	0.0	0.0	999.0
neg_004426	0.0	None	0.0	0.0	999.0
neg_014564	0.0	None	0.0	0.0	999.0
neg_016138	0.0	None	0.0	0.0	999.0
neg_017514	0.0	None	0.0	0.0	999.0
neg_002484	0.0	None	0.0	0.0	999.0
neg_001734	0.0	None	0.0	0.0	999.0
neg_014761	0.0	None	0.0	0.0	999.0
neg_014629	0.0	None	0.0	0.0	999.0
neg_000726	0.0	None	0.0	0.0	999.0
neg_016125	0.0	None	0.0	0.0	999.0
neg_015007	0.0	None	0.0	0.0	999.0
neg_005404	0.0	None	0.0	0.0	999.0
neg_009904	0.0	None	0.0	0.0	999.0
neg_009990	0.0	None	0.0	0.0	999.0
neg_003033	0.0	None	0.0	0.0	999.0
neg_005425	0.0	None	0.0	0.0	999.0
neg_007603	0.0	None	0.0	0.0	999.0
neg_008323	0.0	None	0.0	0.0	999.0
neg_020873	0.0	None	0.0	0.0	999.0
neg_000181	0.0	None	0.0	0.0	999.0
neg_012659	0.0	None	0.0	0.0	999.0
neg_012161	0.0	None	0.0	0.0	999.0
neg_001176	0.0	None	0.0	0.0	999.0
neg_008829	0.0	None	0.0	0.0	999.0
neg_002264	0.0	None	0.0	0.0	999.0
neg_005897	0.0	None	0.0	0.0	999.0
neg_002379	0.0	None	0.0	0.0	999.0
neg_007978	0.0	None	0.0	0.0	999.0
neg_007707	0.0	None	0.0	0.0	999.0
neg_008128	0.0	None	0.0	0.0	999.0
neg_002386	0.0	None	0.0	0.0	999.0
neg_020628	0.0	None	0.0	0.0	999.0
neg_009772	0.0	None	0.0	0.0	999.0
neg_005630	0.0	None	0.0	0.0	999.0
neg_014789	0.0	None	0.0	0.0	999.0
neg_019183	0.0	None	0.0	0.0	999.0
neg_001800	0.0	None	0.0	0.0	999.0
neg_017693	0.0	None	0.0	0.0	999.0
neg_004132	0.0	None	0.0	0.0	999.0
neg_007638	0.0	None	0.0	0.0	999.0
neg_015427	0.0	None	0.0	0.0	999.0
neg_007821	0.0	None	0.0	0.0	999.0
neg_001937	0.0	None	0.0	0.0	999.0
neg_019181	0.0	None	0.0	0.0	999.0
neg_008942	0.0	None	0.0	0.0	999.0
neg_017520	0.0	None	0.0	0.0	999.0
neg_000473	0.0	None	0.0	0.0	999.0
neg_006772	0.0	None	0.0	0.0	999.0
neg_004704	0.0	None	0.0	0.0	999.0
neg_017215	0.0	None	0.0	0.0	999.0
neg_020849	0.0	None	0.0	0.0	999.0
neg_013523	0.0	None	0.0	0.0	999.0
neg_018645	0.0	None	0.0	0.0	999.0
neg_011650	0.0	None	0.0	0.0	999.0
neg_011651	0.0	None	0.0	0.0	999.0
neg_006939	0.0	None	0.0	0.0	999.0
neg_012806	0.0	None	0.0	0.0	999.0
neg_017427	0.0	None	0.0	0.0	999.0
neg_016021	0.0	None	0.0	0.0	999.0
neg_014803	0.0	None	0.0	0.0	999.0
neg_000768	0.0	None	0.0	0.0	999.0
neg_002170	0.0	None	0.0	0.0	999.0
neg_002987	0.0	None	0.0	0.0	999.0
neg_012335	0.0	None	0.0	0.0	999.0
neg_015480	0.0	None	0.0	0.0	999.0
neg_003226	0.0	None	0.0	0.0	999.0
neg_006348	0.0	None	0.0	0.0	999.0
neg_009133	0.0	None	0.0	0.0	999.0
neg_006706	0.0	None	0.0	0.0	999.0
neg_011004	0.0	None	0.0	0.0	999.0
neg_008402	0.0	None	0.0	0.0	999.0
neg_010505	0.0	None	0.0	0.0	999.0
neg_016390	0.0	None	0.0	0.0	999.0
neg_003781	0.0	None	0.0	0.0	999.0
neg_002768	0.0	None	0.0	0.0	999.0
neg_016547	0.0	None	0.0	0.0	999.0
neg_001216	0.0	None	0.0	0.0	999.0
neg_012223	0.0	None	0.0	0.0	999.0
neg_005982	0.0	None	0.0	0.0	999.0
neg_003609	0.0	None	0.0	0.0	999.0
neg_017625	0.0	None	0.0	0.0	999.0
neg_013966	0.0	None	0.0	0.0	999.0
neg_007766	0.0	None	0.0	0.0	999.0
neg_004765	0.0	None	0.0	0.0	999.0
neg_014333	0.0	None	0.0	0.0	999.0
neg_017630	0.0	None	0.0	0.0	999.0
neg_010934	0.0	None	0.0	0.0	999.0
neg_005915	0.0	None	0.0	0.0	999.0
neg_017704	0.0	None	0.0	0.0	999.0
neg_015956	0.0	None	0.0	0.0	999.0
neg_001466	0.0	None	0.0	0.0	999.0
neg_008659	0.0	None	0.0	0.0	999.0
neg_017747	0.0	None	0.0	0.0	999.0
neg_000356	0.0	None	0.0	0.0	999.0
neg_020142	0.0	None	0.0	0.0	999.0
neg_012214	0.0	None	0.0	0.0	999.0
neg_008513	0.0	None	0.0	0.0	999.0
neg_011169	0.0	None	0.0	0.0	999.0
neg_009828	0.0	None	0.0	0.0	999.0
neg_006596	0.0	None	0.0	0.0	999.0
neg_002989	0.0	None	0.0	0.0	999.0
neg_004101	0.0	None	0.0	0.0	999.0
neg_005857	0.0	None	0.0	0.0	999.0
neg_016213	0.0	None	0.0	0.0	999.0
neg_000876	0.0	None	0.0	0.0	999.0
neg_008996	0.0	None	0.0	0.0	999.0
neg_020021	0.0	None	0.0	0.0	999.0
neg_020515	0.0	None	0.0	0.0	999.0
neg_013784	0.0	None	0.0	0.0	999.0
neg_005678	0.0	None	0.0	0.0	999.0
neg_018066	0.0	None	0.0	0.0	999.0
neg_014505	0.0	None	0.0	0.0	999.0
neg_009673	0.0	None	0.0	0.0	999.0
neg_013124	0.0	None	0.0	0.0	999.0
neg_019471	0.0	None	0.0	0.0	999.0
neg_006872	0.0	None	0.0	0.0	999.0
neg_012616	0.0	None	0.0	0.0	999.0
neg_019479	0.0	None	0.0	0.0	999.0
neg_009359	0.0	None	0.0	0.0	999.0
neg_020013	0.0	None	0.0	0.0	999.0
neg_010414	0.0	None	0.0	0.0	999.0
neg_011061	0.0	None	0.0	0.0	999.0
neg_001664	0.0	None	0.0	0.0	999.0
neg_009061	0.0	None	0.0	0.0	999.0
neg_014361	0.0	None	0.0	0.0	999.0
neg_005871	0.0	None	0.0	0.0	999.0
neg_011216	0.0	None	0.0	0.0	999.0
neg_004986	0.0	None	0.0	0.0	999.0
neg_004312	0.0	None	0.0	0.0	999.0
neg_000208	0.0	None	0.0	0.0	999.0
neg_020462	0.0	None	0.0	0.0	999.0
neg_005333	0.0	None	0.0	0.0	999.0
neg_020758	0.0	None	0.0	0.0	999.0
neg_010862	0.0	None	0.0	0.0	999.0
neg_006697	0.0	None	0.0	0.0	999.0
neg_008428	0.0	None	0.0	0.0	999.0
neg_002194	0.0	None	0.0	0.0	999.0
neg_003574	0.0	None	0.0	0.0	999.0
neg_015812	0.0	None	0.0	0.0	999.0
neg_020075	0.0	None	0.0	0.0	999.0
neg_014927	0.0	None	0.0	0.0	999.0
neg_017140	0.0	None	0.0	0.0	999.0
neg_012435	0.0	None	0.0	0.0	999.0
neg_006428	0.0	None	0.0	0.0	999.0
neg_002186	0.0	None	0.0	0.0	999.0
neg_015528	0.0	None	0.0	0.0	999.0
neg_016029	0.0	None	0.0	0.0	999.0
neg_014341	0.0	None	0.0	0.0	999.0
neg_018093	0.0	None	0.0	0.0	999.0
neg_000402	0.0	None	0.0	0.0	999.0
neg_016899	0.0	None	0.0	0.0	999.0
neg_020365	0.0	None	0.0	0.0	999.0
neg_013928	0.0	None	0.0	0.0	999.0
neg_003040	0.0	None	0.0	0.0	999.0
neg_020975	0.0	None	0.0	0.0	999.0
neg_007034	0.0	None	0.0	0.0	999.0
neg_018479	0.0	None	0.0	0.0	999.0
neg_005456	0.0	None	0.0	0.0	999.0
neg_007160	0.0	None	0.0	0.0	999.0
neg_003682	0.0	None	0.0	0.0	999.0
neg_008833	0.0	None	0.0	0.0	999.0
neg_020879	0.0	None	0.0	0.0	999.0
neg_015279	0.0	None	0.0	0.0	999.0
neg_012131	0.0	None	0.0	0.0	999.0
neg_002721	0.0	None	0.0	0.0	999.0
neg_016631	0.0	None	0.0	0.0	999.0
neg_001024	0.0	None	0.0	0.0	999.0
neg_013502	0.0	None	0.0	0.0	999.0
neg_006086	0.0	None	0.0	0.0	999.0
neg_020346	0.0	None	0.0	0.0	999.0
neg_016609	0.0	None	0.0	0.0	999.0
neg_008135	0.0	None	0.0	0.0	999.0
neg_008808	0.0	None	0.0	0.0	999.0
neg_019475	0.0	None	0.0	0.0	999.0
neg_005923	0.0	None	0.0	0.0	999.0
neg_017859	0.0	None	0.0	0.0	999.0
neg_008644	0.0	None	0.0	0.0	999.0
neg_019984	0.0	None	0.0	0.0	999.0
neg_011341	0.0	None	0.0	0.0	999.0
neg_008577	0.0	None	0.0	0.0	999.0
neg_012016	0.0	None	0.0	0.0	999.0
neg_006384	0.0	None	0.0	0.0	999.0
neg_010885	0.0	None	0.0	0.0	999.0
neg_003685	0.0	None	0.0	0.0	999.0
neg_006949	0.0	None	0.0	0.0	999.0
neg_016206	0.0	None	0.0	0.0	999.0
neg_012610	0.0	None	0.0	0.0	999.0
neg_020571	0.0	None	0.0	0.0	999.0
neg_007232	0.0	None	0.0	0.0	999.0
neg_010516	0.0	None	0.0	0.0	999.0
neg_020908	0.0	None	0.0	0.0	999.0
neg_012725	0.0	None	0.0	0.0	999.0
neg_012402	0.0	None	0.0	0.0	999.0
neg_019020	0.0	None	0.0	0.0	999.0
neg_005932	0.0	None	0.0	0.0	999.0
neg_014592	0.0	None	0.0	0.0	999.0
neg_008439	0.0	None	0.0	0.0	999.0
neg_001810	0.0	None	0.0	0.0	999.0
neg_016939	0.0	None	0.0	0.0	999.0
neg_002882	0.0	None	0.0	0.0	999.0
neg_018908	0.0	None	0.0	0.0	999.0
neg_001134	0.0	None	0.0	0.0	999.0
neg_007021	0.0	None	0.0	0.0	999.0
neg_020631	0.0	None	0.0	0.0	999.0
neg_020077	0.0	None	0.0	0.0	999.0
neg_010555	0.0	None	0.0	0.0	999.0
neg_019528	0.0	None	0.0	0.0	999.0
neg_012080	0.0	None	0.0	0.0	999.0
neg_018837	0.0	None	0.0	0.0	999.0
neg_003522	0.0	None	0.0	0.0	999.0
neg_018331	0.0	None	0.0	0.0	999.0
neg_000336	0.0	None	0.0	0.0	999.0
neg_006945	0.0	None	0.0	0.0	999.0
neg_018275	0.0	None	0.0	0.0	999.0
neg_014398	0.0	None	0.0	0.0	999.0
neg_017529	0.0	None	0.0	0.0	999.0
neg_010338	0.0	None	0.0	0.0	999.0
neg_006978	0.0	None	0.0	0.0	999.0
neg_019256	0.0	None	0.0	0.0	999.0
neg_010739	0.0	None	0.0	0.0	999.0
neg_016257	0.0	None	0.0	0.0	999.0
neg_000148	0.0	None	0.0	0.0	999.0
neg_003526	0.0	None	0.0	0.0	999.0
neg_006385	0.0	None	0.0	0.0	999.0
neg_003969	0.0	None	0.0	0.0	999.0
neg_013455	0.0	None	0.0	0.0	999.0
neg_001850	0.0	None	0.0	0.0	999.0
neg_001905	0.0	None	0.0	0.0	999.0
neg_020311	0.0	None	0.0	0.0	999.0
neg_009057	0.0	None	0.0	0.0	999.0
neg_005273	0.0	None	0.0	0.0	999.0
neg_013697	0.0	None	0.0	0.0	999.0
neg_011876	0.0	None	0.0	0.0	999.0
neg_005219	0.0	None	0.0	0.0	999.0
neg_017649	0.0	None	0.0	0.0	999.0
neg_018594	0.0	None	0.0	0.0	999.0
neg_010867	0.0	None	0.0	0.0	999.0
neg_019353	0.0	None	0.0	0.0	999.0
neg_005346	0.0	None	0.0	0.0	999.0
neg_010914	0.0	None	0.0	0.0	999.0
neg_019730	0.0	None	0.0	0.0	999.0
neg_008769	0.0	None	0.0	0.0	999.0
neg_012703	0.0	None	0.0	0.0	999.0
neg_017421	0.0	None	0.0	0.0	999.0
neg_009889	0.0	None	0.0	0.0	999.0
neg_000675	0.0	None	0.0	0.0	999.0
neg_014861	0.0	None	0.0	0.0	999.0
neg_011742	0.0	None	0.0	0.0	999.0
neg_018294	0.0	None	0.0	0.0	999.0
neg_020379	0.0	None	0.0	0.0	999.0
neg_016036	0.0	None	0.0	0.0	999.0
neg_012137	0.0	None	0.0	0.0	999.0
neg_013280	0.0	None	0.0	0.0	999.0
neg_006847	0.0	None	0.0	0.0	999.0
neg_008492	0.0	None	0.0	0.0	999.0
neg_014069	0.0	None	0.0	0.0	999.0
neg_008931	0.0	None	0.0	0.0	999.0
neg_017073	0.0	None	0.0	0.0	999.0
neg_010407	0.0	None	0.0	0.0	999.0
neg_021050	0.0	None	0.0	0.0	999.0
neg_007142	0.0	None	0.0	0.0	999.0
neg_004967	0.0	None	0.0	0.0	999.0
neg_018759	0.0	None	0.0	0.0	999.0
neg_017439	0.0	None	0.0	0.0	999.0
neg_008680	0.0	None	0.0	0.0	999.0
neg_001553	0.0	None	0.0	0.0	999.0
neg_018383	0.0	None	0.0	0.0	999.0
neg_005832	0.0	None	0.0	0.0	999.0
neg_006200	0.0	None	0.0	0.0	999.0
neg_000818	0.0	None	0.0	0.0	999.0
neg_015704	0.0	None	0.0	0.0	999.0
neg_013177	0.0	None	0.0	0.0	999.0
neg_016816	0.0	None	0.0	0.0	999.0
neg_002990	0.0	None	0.0	0.0	999.0
neg_015147	0.0	None	0.0	0.0	999.0
neg_008544	0.0	None	0.0	0.0	999.0
neg_000837	0.0	None	0.0	0.0	999.0
neg_000039	0.0	None	0.0	0.0	999.0
neg_014985	0.0	None	0.0	0.0	999.0
neg_015289	0.0	None	0.0	0.0	999.0
neg_004981	0.0	None	0.0	0.0	999.0
neg_010941	0.0	None	0.0	0.0	999.0
neg_018064	0.0	None	0.0	0.0	999.0
neg_007666	0.0	None	0.0	0.0	999.0
neg_011724	0.0	None	0.0	0.0	999.0
neg_000329	0.0	None	0.0	0.0	999.0
neg_007215	0.0	None	0.0	0.0	999.0
neg_010437	0.0	None	0.0	0.0	999.0
neg_019196	0.0	None	0.0	0.0	999.0
neg_020945	0.0	None	0.0	0.0	999.0
neg_017889	0.0	None	0.0	0.0	999.0
neg_010996	0.0	None	0.0	0.0	999.0
neg_007796	0.0	None	0.0	0.0	999.0
neg_004603	0.0	None	0.0	0.0	999.0
neg_001052	0.0	None	0.0	0.0	999.0
neg_003611	0.0	None	0.0	0.0	999.0
neg_011145	0.0	None	0.0	0.0	999.0
neg_007394	0.0	None	0.0	0.0	999.0
neg_017302	0.0	None	0.0	0.0	999.0
neg_020666	0.0	None	0.0	0.0	999.0
neg_019747	0.0	None	0.0	0.0	999.0
neg_017996	0.0	None	0.0	0.0	999.0
neg_009079	0.0	None	0.0	0.0	999.0
neg_001938	0.0	None	0.0	0.0	999.0
neg_004322	0.0	None	0.0	0.0	999.0
neg_020788	0.0	None	0.0	0.0	999.0
neg_015591	0.0	None	0.0	0.0	999.0
neg_000095	0.0	None	0.0	0.0	999.0
neg_003796	0.0	None	0.0	0.0	999.0
neg_019850	0.0	None	0.0	0.0	999.0
neg_008000	0.0	None	0.0	0.0	999.0
neg_012834	0.0	None	0.0	0.0	999.0
neg_001838	0.0	None	0.0	0.0	999.0
neg_006512	0.0	None	0.0	0.0	999.0
neg_017954	0.0	None	0.0	0.0	999.0
neg_006972	0.0	None	0.0	0.0	999.0
neg_013150	0.0	None	0.0	0.0	999.0
neg_014519	0.0	None	0.0	0.0	999.0
neg_014580	0.0	None	0.0	0.0	999.0
neg_010949	0.0	None	0.0	0.0	999.0
neg_010096	0.0	None	0.0	0.0	999.0
neg_006128	0.0	None	0.0	0.0	999.0
neg_013715	0.0	None	0.0	0.0	999.0
neg_006998	0.0	None	0.0	0.0	999.0
neg_014688	0.0	None	0.0	0.0	999.0
neg_009652	0.0	None	0.0	0.0	999.0
neg_010226	0.0	None	0.0	0.0	999.0
neg_004878	0.0	None	0.0	0.0	999.0
neg_001567	0.0	None	0.0	0.0	999.0
neg_018935	0.0	None	0.0	0.0	999.0
neg_008459	0.0	None	0.0	0.0	999.0
neg_020573	0.0	None	0.0	0.0	999.0
neg_012468	0.0	None	0.0	0.0	999.0
neg_010457	0.0	None	0.0	0.0	999.0
neg_014233	0.0	None	0.0	0.0	999.0
neg_020435	0.0	None	0.0	0.0	999.0
neg_013484	0.0	None	0.0	0.0	999.0
neg_008923	0.0	None	0.0	0.0	999.0
neg_014380	0.0	None	0.0	0.0	999.0
neg_008750	0.0	None	0.0	0.0	999.0
neg_016346	0.0	None	0.0	0.0	999.0
neg_005578	0.0	None	0.0	0.0	999.0
neg_012474	0.0	None	0.0	0.0	999.0
neg_011686	0.0	None	0.0	0.0	999.0
neg_016743	0.0	None	0.0	0.0	999.0
neg_019025	0.0	None	0.0	0.0	999.0
neg_004164	0.0	None	0.0	0.0	999.0
neg_016271	0.0	None	0.0	0.0	999.0
neg_000903	0.0	None	0.0	0.0	999.0
neg_008363	0.0	None	0.0	0.0	999.0
neg_009517	0.0	None	0.0	0.0	999.0
neg_007931	0.0	None	0.0	0.0	999.0
neg_016634	0.0	None	0.0	0.0	999.0
neg_019227	0.0	None	0.0	0.0	999.0
neg_020699	0.0	None	0.0	0.0	999.0
neg_004640	0.0	None	0.0	0.0	999.0
neg_010673	0.0	None	0.0	0.0	999.0
neg_001333	0.0	None	0.0	0.0	999.0
neg_007249	0.0	None	0.0	0.0	999.0
neg_008748	0.0	None	0.0	0.0	999.0
neg_004089	0.0	None	0.0	0.0	999.0
neg_013249	0.0	None	0.0	0.0	999.0
neg_014203	0.0	None	0.0	0.0	999.0
neg_019812	0.0	None	0.0	0.0	999.0
neg_018422	0.0	None	0.0	0.0	999.0
neg_004769	0.0	None	0.0	0.0	999.0
neg_013085	0.0	None	0.0	0.0	999.0
neg_017778	0.0	None	0.0	0.0	999.0
neg_019637	0.0	None	0.0	0.0	999.0
neg_009667	0.0	None	0.0	0.0	999.0
neg_017237	0.0	None	0.0	0.0	999.0
neg_007098	0.0	None	0.0	0.0	999.0
neg_001886	0.0	None	0.0	0.0	999.0
neg_008766	0.0	None	0.0	0.0	999.0
neg_014921	0.0	None	0.0	0.0	999.0
neg_013543	0.0	None	0.0	0.0	999.0
neg_013334	0.0	None	0.0	0.0	999.0
neg_014035	0.0	None	0.0	0.0	999.0
neg_012307	0.0	None	0.0	0.0	999.0
neg_011515	0.0	None	0.0	0.0	999.0
neg_002298	0.0	None	0.0	0.0	999.0
neg_014702	0.0	None	0.0	0.0	999.0
neg_003823	0.0	None	0.0	0.0	999.0
neg_013011	0.0	None	0.0	0.0	999.0
neg_004151	0.0	None	0.0	0.0	999.0
neg_003065	0.0	None	0.0	0.0	999.0
neg_015508	0.0	None	0.0	0.0	999.0
neg_004625	0.0	None	0.0	0.0	999.0
neg_004084	0.0	None	0.0	0.0	999.0
neg_015090	0.0	None	0.0	0.0	999.0
neg_016023	0.0	None	0.0	0.0	999.0
neg_015231	0.0	None	0.0	0.0	999.0
neg_008765	0.0	None	0.0	0.0	999.0
neg_013638	0.0	None	0.0	0.0	999.0
neg_018103	0.0	None	0.0	0.0	999.0
neg_002578	0.0	None	0.0	0.0	999.0
neg_012789	0.0	None	0.0	0.0	999.0
neg_013557	0.0	None	0.0	0.0	999.0
neg_011414	0.0	None	0.0	0.0	999.0
neg_011407	0.0	None	0.0	0.0	999.0
neg_006429	0.0	None	0.0	0.0	999.0
neg_009358	0.0	None	0.0	0.0	999.0
neg_003474	0.0	None	0.0	0.0	999.0
neg_019485	0.0	None	0.0	0.0	999.0
neg_009745	0.0	None	0.0	0.0	999.0
neg_006088	0.0	None	0.0	0.0	999.0
neg_007004	0.0	None	0.0	0.0	999.0
neg_001227	0.0	None	0.0	0.0	999.0
neg_013012	0.0	None	0.0	0.0	999.0
neg_012564	0.0	None	0.0	0.0	999.0
neg_008542	0.0	None	0.0	0.0	999.0
neg_003345	0.0	None	0.0	0.0	999.0
neg_008717	0.0	None	0.0	0.0	999.0
neg_013656	0.0	None	0.0	0.0	999.0
neg_016425	0.0	None	0.0	0.0	999.0
neg_015526	0.0	None	0.0	0.0	999.0
neg_003857	0.0	None	0.0	0.0	999.0
neg_011369	0.0	None	0.0	0.0	999.0
neg_013519	0.0	None	0.0	0.0	999.0
neg_008737	0.0	None	0.0	0.0	999.0
neg_016117	0.0	None	0.0	0.0	999.0
neg_016457	0.0	None	0.0	0.0	999.0
neg_002921	0.0	None	0.0	0.0	999.0
neg_018096	0.0	None	0.0	0.0	999.0
neg_007888	0.0	None	0.0	0.0	999.0
neg_000163	0.0	None	0.0	0.0	999.0
neg_014866	0.0	None	0.0	0.0	999.0
neg_000218	0.0	None	0.0	0.0	999.0
neg_008173	0.0	None	0.0	0.0	999.0
neg_007527	0.0	None	0.0	0.0	999.0
neg_000261	0.0	None	0.0	0.0	999.0
neg_020886	0.0	None	0.0	0.0	999.0
neg_015605	0.0	None	0.0	0.0	999.0
neg_005890	0.0	None	0.0	0.0	999.0
neg_003041	0.0	None	0.0	0.0	999.0
neg_005117	0.0	None	0.0	0.0	999.0
neg_008308	0.0	None	0.0	0.0	999.0
neg_009966	0.0	None	0.0	0.0	999.0
neg_011994	0.0	None	0.0	0.0	999.0
neg_013470	0.0	None	0.0	0.0	999.0
neg_014915	0.0	None	0.0	0.0	999.0
neg_007057	0.0	None	0.0	0.0	999.0
neg_001345	0.0	None	0.0	0.0	999.0
neg_019473	0.0	None	0.0	0.0	999.0
neg_019815	0.0	None	0.0	0.0	999.0
neg_007298	0.0	None	0.0	0.0	999.0
neg_011684	0.0	None	0.0	0.0	999.0
neg_006686	0.0	None	0.0	0.0	999.0
neg_003890	0.0	None	0.0	0.0	999.0
neg_009304	0.0	None	0.0	0.0	999.0
neg_014572	0.0	None	0.0	0.0	999.0
neg_016016	0.0	None	0.0	0.0	999.0
neg_002900	0.0	None	0.0	0.0	999.0
neg_017967	0.0	None	0.0	0.0	999.0
neg_012972	0.0	None	0.0	0.0	999.0
neg_003205	0.0	None	0.0	0.0	999.0
neg_007865	0.0	None	0.0	0.0	999.0
neg_010140	0.0	None	0.0	0.0	999.0
neg_006206	0.0	None	0.0	0.0	999.0
neg_014906	0.0	None	0.0	0.0	999.0
neg_018504	0.0	None	0.0	0.0	999.0
neg_018700	0.0	None	0.0	0.0	999.0
neg_012718	0.0	None	0.0	0.0	999.0
neg_001649	0.0	None	0.0	0.0	999.0
neg_015832	0.0	None	0.0	0.0	999.0
neg_018092	0.0	None	0.0	0.0	999.0
neg_018717	0.0	None	0.0	0.0	999.0
neg_021070	0.0	None	0.0	0.0	999.0
neg_004051	0.0	None	0.0	0.0	999.0
neg_009771	0.0	None	0.0	0.0	999.0
neg_006407	0.0	None	0.0	0.0	999.0
neg_009251	0.0	None	0.0	0.0	999.0
neg_020545	0.0	None	0.0	0.0	999.0
neg_003437	0.0	None	0.0	0.0	999.0
neg_006582	0.0	None	0.0	0.0	999.0
neg_002672	0.0	None	0.0	0.0	999.0
neg_008003	0.0	None	0.0	0.0	999.0
neg_013493	0.0	None	0.0	0.0	999.0
neg_014490	0.0	None	0.0	0.0	999.0
neg_009925	0.0	None	0.0	0.0	999.0
neg_005713	0.0	None	0.0	0.0	999.0
neg_020721	0.0	None	0.0	0.0	999.0
neg_014964	0.0	None	0.0	0.0	999.0
neg_006712	0.0	None	0.0	0.0	999.0
neg_017744	0.0	None	0.0	0.0	999.0
neg_000542	0.0	None	0.0	0.0	999.0
neg_019208	0.0	None	0.0	0.0	999.0
neg_007302	0.0	None	0.0	0.0	999.0
neg_011496	0.0	None	0.0	0.0	999.0
neg_011655	0.0	None	0.0	0.0	999.0
neg_007705	0.0	None	0.0	0.0	999.0
neg_018742	0.0	None	0.0	0.0	999.0
neg_005725	0.0	None	0.0	0.0	999.0
neg_001229	0.0	None	0.0	0.0	999.0
neg_006809	0.0	None	0.0	0.0	999.0
neg_017289	0.0	None	0.0	0.0	999.0
neg_018769	0.0	None	0.0	0.0	999.0
neg_000536	0.0	None	0.0	0.0	999.0
neg_008848	0.0	None	0.0	0.0	999.0
neg_010741	0.0	None	0.0	0.0	999.0
neg_003752	0.0	None	0.0	0.0	999.0
neg_019054	0.0	None	0.0	0.0	999.0
neg_013330	0.0	None	0.0	0.0	999.0
neg_010125	0.0	None	0.0	0.0	999.0
neg_003477	0.0	None	0.0	0.0	999.0
neg_018640	0.0	None	0.0	0.0	999.0
neg_020680	0.0	None	0.0	0.0	999.0
neg_002373	0.0	None	0.0	0.0	999.0
neg_008461	0.0	None	0.0	0.0	999.0
neg_005481	0.0	None	0.0	0.0	999.0
neg_020569	0.0	None	0.0	0.0	999.0
neg_011613	0.0	None	0.0	0.0	999.0
neg_002628	0.0	None	0.0	0.0	999.0
neg_002279	0.0	None	0.0	0.0	999.0
neg_020309	0.0	None	0.0	0.0	999.0
neg_001795	0.0	None	0.0	0.0	999.0
neg_001296	0.0	None	0.0	0.0	999.0
neg_016662	0.0	None	0.0	0.0	999.0
neg_015280	0.0	None	0.0	0.0	999.0
neg_011986	0.0	None	0.0	0.0	999.0
neg_007685	0.0	None	0.0	0.0	999.0
neg_001169	0.0	None	0.0	0.0	999.0
neg_018690	0.0	None	0.0	0.0	999.0
neg_019539	0.0	None	0.0	0.0	999.0
neg_012267	0.0	None	0.0	0.0	999.0
neg_005281	0.0	None	0.0	0.0	999.0
neg_019039	0.0	None	0.0	0.0	999.0
neg_015595	0.0	None	0.0	0.0	999.0
neg_014374	0.0	None	0.0	0.0	999.0
neg_014518	0.0	None	0.0	0.0	999.0
neg_000298	0.0	None	0.0	0.0	999.0
neg_010569	0.0	None	0.0	0.0	999.0
neg_006441	0.0	None	0.0	0.0	999.0
neg_009474	0.0	None	0.0	0.0	999.0
neg_019769	0.0	None	0.0	0.0	999.0
neg_010301	0.0	None	0.0	0.0	999.0
neg_007677	0.0	None	0.0	0.0	999.0
neg_009839	0.0	None	0.0	0.0	999.0
neg_000087	0.0	None	0.0	0.0	999.0
neg_001733	0.0	None	0.0	0.0	999.0
neg_016658	0.0	None	0.0	0.0	999.0
neg_002993	0.0	None	0.0	0.0	999.0
neg_002332	0.0	None	0.0	0.0	999.0
neg_016327	0.0	None	0.0	0.0	999.0
neg_014617	0.0	None	0.0	0.0	999.0
neg_012704	0.0	None	0.0	0.0	999.0
neg_000713	0.0	None	0.0	0.0	999.0
neg_008391	0.0	None	0.0	0.0	999.0
neg_004090	0.0	None	0.0	0.0	999.0
neg_017797	0.0	None	0.0	0.0	999.0
neg_012605	0.0	None	0.0	0.0	999.0
neg_010271	0.0	None	0.0	0.0	999.0
neg_011970	0.0	None	0.0	0.0	999.0
neg_000285	0.0	None	0.0	0.0	999.0
neg_002736	0.0	None	0.0	0.0	999.0
neg_014937	0.0	None	0.0	0.0	999.0
neg_005436	0.0	None	0.0	0.0	999.0
neg_017240	0.0	None	0.0	0.0	999.0
neg_011841	0.0	None	0.0	0.0	999.0
neg_019176	0.0	None	0.0	0.0	999.0
neg_013955	0.0	None	0.0	0.0	999.0
neg_008303	0.0	None	0.0	0.0	999.0
neg_020843	0.0	None	0.0	0.0	999.0
neg_018907	0.0	None	0.0	0.0	999.0
neg_017342	0.0	None	0.0	0.0	999.0
neg_020410	0.0	None	0.0	0.0	999.0
neg_001643	0.0	None	0.0	0.0	999.0
neg_006402	0.0	None	0.0	0.0	999.0
neg_015727	0.0	None	0.0	0.0	999.0
neg_002444	0.0	None	0.0	0.0	999.0
neg_006436	0.0	None	0.0	0.0	999.0
neg_007164	0.0	None	0.0	0.0	999.0
neg_020005	0.0	None	0.0	0.0	999.0
neg_008584	0.0	None	0.0	0.0	999.0
neg_013057	0.0	None	0.0	0.0	999.0
neg_002724	0.0	None	0.0	0.0	999.0
neg_008548	0.0	None	0.0	0.0	999.0
neg_004747	0.0	None	0.0	0.0	999.0
neg_005532	0.0	None	0.0	0.0	999.0
neg_017067	0.0	None	0.0	0.0	999.0
neg_015619	0.0	None	0.0	0.0	999.0
neg_012053	0.0	None	0.0	0.0	999.0
neg_012495	0.0	None	0.0	0.0	999.0
neg_008490	0.0	None	0.0	0.0	999.0
neg_020552	0.0	None	0.0	0.0	999.0
neg_007419	0.0	None	0.0	0.0	999.0
neg_001717	0.0	None	0.0	0.0	999.0
neg_019226	0.0	None	0.0	0.0	999.0
neg_019370	0.0	None	0.0	0.0	999.0
neg_002087	0.0	None	0.0	0.0	999.0
neg_010028	0.0	None	0.0	0.0	999.0
neg_013964	0.0	None	0.0	0.0	999.0
neg_009646	0.0	None	0.0	0.0	999.0
neg_007884	0.0	None	0.0	0.0	999.0
neg_020601	0.0	None	0.0	0.0	999.0
neg_001171	0.0	None	0.0	0.0	999.0
neg_002294	0.0	None	0.0	0.0	999.0
neg_005759	0.0	None	0.0	0.0	999.0
neg_002718	0.0	None	0.0	0.0	999.0
neg_001764	0.0	None	0.0	0.0	999.0
neg_005938	0.0	None	0.0	0.0	999.0
neg_018247	0.0	None	0.0	0.0	999.0
neg_005875	0.0	None	0.0	0.0	999.0
neg_004871	0.0	None	0.0	0.0	999.0
neg_010054	0.0	None	0.0	0.0	999.0
neg_020703	0.0	None	0.0	0.0	999.0
neg_003795	0.0	None	0.0	0.0	999.0
neg_010217	0.0	None	0.0	0.0	999.0
neg_002203	0.0	None	0.0	0.0	999.0
neg_003782	0.0	None	0.0	0.0	999.0
neg_004512	0.0	None	0.0	0.0	999.0
neg_011456	0.0	None	0.0	0.0	999.0
neg_019224	0.0	None	0.0	0.0	999.0
neg_020510	0.0	None	0.0	0.0	999.0
neg_009579	0.0	None	0.0	0.0	999.0
neg_012145	0.0	None	0.0	0.0	999.0
neg_013382	0.0	None	0.0	0.0	999.0
neg_004200	0.0	None	0.0	0.0	999.0
neg_000828	0.0	None	0.0	0.0	999.0
neg_019875	0.0	None	0.0	0.0	999.0
neg_003127	0.0	None	0.0	0.0	999.0
neg_016186	0.0	None	0.0	0.0	999.0
neg_012820	0.0	None	0.0	0.0	999.0
neg_013282	0.0	None	0.0	0.0	999.0
neg_008929	0.0	None	0.0	0.0	999.0
neg_017640	0.0	None	0.0	0.0	999.0
neg_002693	0.0	None	0.0	0.0	999.0
neg_020308	0.0	None	0.0	0.0	999.0
neg_014141	0.0	None	0.0	0.0	999.0
neg_007942	0.0	None	0.0	0.0	999.0
neg_014308	0.0	None	0.0	0.0	999.0
neg_000921	0.0	None	0.0	0.0	999.0
neg_010940	0.0	None	0.0	0.0	999.0
neg_000250	0.0	None	0.0	0.0	999.0
neg_016688	0.0	None	0.0	0.0	999.0
neg_002966	0.0	None	0.0	0.0	999.0
neg_008182	0.0	None	0.0	0.0	999.0
neg_016705	0.0	None	0.0	0.0	999.0
neg_012571	0.0	None	0.0	0.0	999.0
neg_007454	0.0	None	0.0	0.0	999.0
neg_001638	0.0	None	0.0	0.0	999.0
neg_011617	0.0	None	0.0	0.0	999.0
neg_007445	0.0	None	0.0	0.0	999.0
neg_019690	0.0	None	0.0	0.0	999.0
neg_013876	0.0	None	0.0	0.0	999.0
neg_020564	0.0	None	0.0	0.0	999.0
neg_012654	0.0	None	0.0	0.0	999.0
neg_008563	0.0	None	0.0	0.0	999.0
neg_004445	0.0	None	0.0	0.0	999.0
neg_006336	0.0	None	0.0	0.0	999.0
neg_015914	0.0	None	0.0	0.0	999.0
neg_017874	0.0	None	0.0	0.0	999.0
neg_006254	0.0	None	0.0	0.0	999.0
neg_012482	0.0	None	0.0	0.0	999.0
neg_005031	0.0	None	0.0	0.0	999.0
neg_010991	0.0	None	0.0	0.0	999.0
neg_005417	0.0	None	0.0	0.0	999.0
neg_015564	0.0	None	0.0	0.0	999.0
neg_020325	0.0	None	0.0	0.0	999.0
neg_019496	0.0	None	0.0	0.0	999.0
neg_018961	0.0	None	0.0	0.0	999.0
neg_010720	0.0	None	0.0	0.0	999.0
neg_017178	0.0	None	0.0	0.0	999.0
neg_000914	0.0	None	0.0	0.0	999.0
neg_003222	0.0	None	0.0	0.0	999.0
neg_009472	0.0	None	0.0	0.0	999.0
neg_006503	0.0	None	0.0	0.0	999.0
neg_020798	0.0	None	0.0	0.0	999.0
neg_013679	0.0	None	0.0	0.0	999.0
neg_015149	0.0	None	0.0	0.0	999.0
neg_008486	0.0	None	0.0	0.0	999.0
neg_009408	0.0	None	0.0	0.0	999.0
neg_020441	0.0	None	0.0	0.0	999.0
neg_012925	0.0	None	0.0	0.0	999.0
neg_001635	0.0	None	0.0	0.0	999.0
neg_002814	0.0	None	0.0	0.0	999.0
neg_009736	0.0	None	0.0	0.0	999.0
neg_000666	0.0	None	0.0	0.0	999.0
neg_002372	0.0	None	0.0	0.0	999.0
neg_018977	0.0	None	0.0	0.0	999.0
neg_007689	0.0	None	0.0	0.0	999.0
neg_003466	0.0	None	0.0	0.0	999.0
neg_020968	0.0	None	0.0	0.0	999.0
neg_018652	0.0	None	0.0	0.0	999.0
neg_006126	0.0	None	0.0	0.0	999.0
neg_012942	0.0	None	0.0	0.0	999.0
neg_007107	0.0	None	0.0	0.0	999.0
neg_015501	0.0	None	0.0	0.0	999.0
neg_001908	0.0	None	0.0	0.0	999.0
neg_010188	0.0	None	0.0	0.0	999.0
neg_019173	0.0	None	0.0	0.0	999.0
neg_014679	0.0	None	0.0	0.0	999.0
neg_004935	0.0	None	0.0	0.0	999.0
neg_016602	0.0	None	0.0	0.0	999.0
neg_001277	0.0	None	0.0	0.0	999.0
neg_017340	0.0	None	0.0	0.0	999.0
neg_016957	0.0	None	0.0	0.0	999.0
neg_018203	0.0	None	0.0	0.0	999.0
neg_010304	0.0	None	0.0	0.0	999.0
neg_005547	0.0	None	0.0	0.0	999.0
neg_002831	0.0	None	0.0	0.0	999.0
neg_003562	0.0	None	0.0	0.0	999.0
neg_001994	0.0	None	0.0	0.0	999.0
neg_000551	0.0	None	0.0	0.0	999.0
neg_010993	0.0	None	0.0	0.0	999.0
neg_009092	0.0	None	0.0	0.0	999.0
neg_015566	0.0	None	0.0	0.0	999.0
neg_021059	0.0	None	0.0	0.0	999.0
neg_003838	0.0	None	0.0	0.0	999.0
neg_004881	0.0	None	0.0	0.0	999.0
neg_019056	0.0	None	0.0	0.0	999.0
neg_003517	0.0	None	0.0	0.0	999.0
neg_008567	0.0	None	0.0	0.0	999.0
neg_004559	0.0	None	0.0	0.0	999.0
neg_006780	0.0	None	0.0	0.0	999.0
neg_004409	0.0	None	0.0	0.0	999.0
neg_019009	0.0	None	0.0	0.0	999.0
neg_016951	0.0	None	0.0	0.0	999.0
neg_006174	0.0	None	0.0	0.0	999.0
neg_006092	0.0	None	0.0	0.0	999.0
neg_018841	0.0	None	0.0	0.0	999.0
neg_012751	0.0	None	0.0	0.0	999.0
neg_011988	0.0	None	0.0	0.0	999.0
neg_008426	0.0	None	0.0	0.0	999.0
neg_002271	0.0	None	0.0	0.0	999.0
neg_004127	0.0	None	0.0	0.0	999.0
neg_018282	0.0	None	0.0	0.0	999.0
neg_014453	0.0	None	0.0	0.0	999.0
neg_006900	0.0	None	0.0	0.0	999.0
neg_017434	0.0	None	0.0	0.0	999.0
neg_014749	0.0	None	0.0	0.0	999.0
neg_018617	0.0	None	0.0	0.0	999.0
neg_014715	0.0	None	0.0	0.0	999.0
neg_016988	0.0	None	0.0	0.0	999.0
neg_006970	0.0	None	0.0	0.0	999.0
neg_002644	0.0	None	0.0	0.0	999.0
neg_008347	0.0	None	0.0	0.0	999.0
neg_008649	0.0	None	0.0	0.0	999.0
neg_007846	0.0	None	0.0	0.0	999.0
neg_010611	0.0	None	0.0	0.0	999.0
neg_014444	0.0	None	0.0	0.0	999.0
neg_013880	0.0	None	0.0	0.0	999.0
neg_012666	0.0	None	0.0	0.0	999.0
neg_008549	0.0	None	0.0	0.0	999.0
neg_006953	0.0	None	0.0	0.0	999.0
neg_007470	0.0	None	0.0	0.0	999.0
neg_000786	0.0	None	0.0	0.0	999.0
neg_018107	0.0	None	0.0	0.0	999.0
neg_004238	0.0	None	0.0	0.0	999.0
neg_020754	0.0	None	0.0	0.0	999.0
neg_017172	0.0	None	0.0	0.0	999.0
neg_005895	0.0	None	0.0	0.0	999.0
neg_013327	0.0	None	0.0	0.0	999.0
neg_015120	0.0	None	0.0	0.0	999.0
neg_012071	0.0	None	0.0	0.0	999.0
neg_005488	0.0	None	0.0	0.0	999.0
neg_006133	0.0	None	0.0	0.0	999.0
neg_019551	0.0	None	0.0	0.0	999.0
neg_010998	0.0	None	0.0	0.0	999.0
neg_017024	0.0	None	0.0	0.0	999.0
neg_011111	0.0	None	0.0	0.0	999.0
neg_021077	0.0	None	0.0	0.0	999.0
neg_014594	0.0	None	0.0	0.0	999.0
neg_006103	0.0	None	0.0	0.0	999.0
neg_001766	0.0	None	0.0	0.0	999.0
neg_000398	0.0	None	0.0	0.0	999.0
neg_018863	0.0	None	0.0	0.0	999.0
neg_000970	0.0	None	0.0	0.0	999.0
neg_018947	0.0	None	0.0	0.0	999.0
neg_009267	0.0	None	0.0	0.0	999.0
neg_019975	0.0	None	0.0	0.0	999.0
neg_004411	0.0	None	0.0	0.0	999.0
neg_018098	0.0	None	0.0	0.0	999.0
neg_007507	0.0	None	0.0	0.0	999.0
neg_004444	0.0	None	0.0	0.0	999.0
neg_011381	0.0	None	0.0	0.0	999.0
neg_004328	0.0	None	0.0	0.0	999.0
neg_016817	0.0	None	0.0	0.0	999.0
neg_009960	0.0	None	0.0	0.0	999.0
neg_001906	0.0	None	0.0	0.0	999.0
neg_002794	0.0	None	0.0	0.0	999.0
neg_016401	0.0	None	0.0	0.0	999.0
neg_007686	0.0	None	0.0	0.0	999.0
neg_005272	0.0	None	0.0	0.0	999.0
neg_000157	0.0	None	0.0	0.0	999.0
neg_011834	0.0	None	0.0	0.0	999.0
neg_008353	0.0	None	0.0	0.0	999.0
neg_014920	0.0	None	0.0	0.0	999.0
neg_014424	0.0	None	0.0	0.0	999.0
neg_001630	0.0	None	0.0	0.0	999.0
neg_004826	0.0	None	0.0	0.0	999.0
neg_006007	0.0	None	0.0	0.0	999.0
neg_001324	0.0	None	0.0	0.0	999.0
neg_003347	0.0	None	0.0	0.0	999.0
neg_010710	0.0	None	0.0	0.0	999.0
neg_012003	0.0	None	0.0	0.0	999.0
neg_018831	0.0	None	0.0	0.0	999.0
neg_012491	0.0	None	0.0	0.0	999.0
neg_005761	0.0	None	0.0	0.0	999.0
neg_011256	0.0	None	0.0	0.0	999.0
neg_016561	0.0	None	0.0	0.0	999.0
neg_020753	0.0	None	0.0	0.0	999.0
neg_011595	0.0	None	0.0	0.0	999.0
neg_001405	0.0	None	0.0	0.0	999.0
neg_000735	0.0	None	0.0	0.0	999.0
neg_004438	0.0	None	0.0	0.0	999.0
neg_017057	0.0	None	0.0	0.0	999.0
neg_002405	0.0	None	0.0	0.0	999.0
neg_013095	0.0	None	0.0	0.0	999.0
neg_009988	0.0	None	0.0	0.0	999.0
neg_004595	0.0	None	0.0	0.0	999.0
neg_014468	0.0	None	0.0	0.0	999.0
neg_018648	0.0	None	0.0	0.0	999.0
neg_005180	0.0	None	0.0	0.0	999.0
neg_013883	0.0	None	0.0	0.0	999.0
neg_020321	0.0	None	0.0	0.0	999.0
neg_014598	0.0	None	0.0	0.0	999.0
neg_015884	0.0	None	0.0	0.0	999.0
neg_017072	0.0	None	0.0	0.0	999.0
neg_012458	0.0	None	0.0	0.0	999.0
neg_004786	0.0	None	0.0	0.0	999.0
neg_005728	0.0	None	0.0	0.0	999.0
neg_018834	0.0	None	0.0	0.0	999.0
neg_016809	0.0	None	0.0	0.0	999.0
neg_005056	0.0	None	0.0	0.0	999.0
neg_003415	0.0	None	0.0	0.0	999.0
neg_015873	0.0	None	0.0	0.0	999.0
neg_014303	0.0	None	0.0	0.0	999.0
neg_012701	0.0	None	0.0	0.0	999.0
neg_005285	0.0	None	0.0	0.0	999.0
neg_016946	0.0	None	0.0	0.0	999.0
neg_008505	0.0	None	0.0	0.0	999.0
neg_005311	0.0	None	0.0	0.0	999.0
neg_007068	0.0	None	0.0	0.0	999.0
neg_003770	0.0	None	0.0	0.0	999.0
neg_002277	0.0	None	0.0	0.0	999.0
neg_014797	0.0	None	0.0	0.0	999.0
neg_000933	0.0	None	0.0	0.0	999.0
neg_016055	0.0	None	0.0	0.0	999.0
neg_008867	0.0	None	0.0	0.0	999.0
neg_011302	0.0	None	0.0	0.0	999.0
neg_000654	0.0	None	0.0	0.0	999.0
neg_018442	0.0	None	0.0	0.0	999.0
neg_012407	0.0	None	0.0	0.0	999.0
neg_008414	0.0	None	0.0	0.0	999.0
neg_014659	0.0	None	0.0	0.0	999.0
neg_010121	0.0	None	0.0	0.0	999.0
neg_015453	0.0	None	0.0	0.0	999.0
neg_005130	0.0	None	0.0	0.0	999.0
neg_016918	0.0	None	0.0	0.0	999.0
neg_007524	0.0	None	0.0	0.0	999.0
neg_011732	0.0	None	0.0	0.0	999.0
neg_002445	0.0	None	0.0	0.0	999.0
neg_016825	0.0	None	0.0	0.0	999.0
neg_012057	0.0	None	0.0	0.0	999.0
neg_010147	0.0	None	0.0	0.0	999.0
neg_004527	0.0	None	0.0	0.0	999.0
neg_009349	0.0	None	0.0	0.0	999.0
neg_008460	0.0	None	0.0	0.0	999.0
neg_002947	0.0	None	0.0	0.0	999.0
neg_005617	0.0	None	0.0	0.0	999.0
neg_018803	0.0	None	0.0	0.0	999.0
neg_015112	0.0	None	0.0	0.0	999.0
neg_001990	0.0	None	0.0	0.0	999.0
neg_009131	0.0	None	0.0	0.0	999.0
neg_018785	0.0	None	0.0	0.0	999.0
neg_017128	0.0	None	0.0	0.0	999.0
neg_018438	0.0	None	0.0	0.0	999.0
neg_009372	0.0	None	0.0	0.0	999.0
neg_010129	0.0	None	0.0	0.0	999.0
neg_003488	0.0	None	0.0	0.0	999.0
neg_013739	0.0	None	0.0	0.0	999.0
neg_000523	0.0	None	0.0	0.0	999.0
neg_000840	0.0	None	0.0	0.0	999.0
neg_017903	0.0	None	0.0	0.0	999.0
neg_001361	0.0	None	0.0	0.0	999.0
neg_010325	0.0	None	0.0	0.0	999.0
neg_006529	0.0	None	0.0	0.0	999.0
neg_005951	0.0	None	0.0	0.0	999.0
neg_004811	0.0	None	0.0	0.0	999.0
neg_010594	0.0	None	0.0	0.0	999.0
neg_012314	0.0	None	0.0	0.0	999.0
neg_018453	0.0	None	0.0	0.0	999.0
neg_009173	0.0	None	0.0	0.0	999.0
neg_008582	0.0	None	0.0	0.0	999.0
neg_018033	0.0	None	0.0	0.0	999.0
neg_019552	0.0	None	0.0	0.0	999.0
neg_010541	0.0	None	0.0	0.0	999.0
neg_011931	0.0	None	0.0	0.0	999.0
neg_021160	0.0	None	0.0	0.0	999.0
neg_020178	0.0	None	0.0	0.0	999.0
neg_002732	0.0	None	0.0	0.0	999.0
neg_018149	0.0	None	0.0	0.0	999.0
neg_009877	0.0	None	0.0	0.0	999.0
neg_014336	0.0	None	0.0	0.0	999.0
neg_004422	0.0	None	0.0	0.0	999.0
neg_005129	0.0	None	0.0	0.0	999.0
neg_011558	0.0	None	0.0	0.0	999.0
neg_001009	0.0	None	0.0	0.0	999.0
neg_002212	0.0	None	0.0	0.0	999.0
neg_014026	0.0	None	0.0	0.0	999.0
neg_011606	0.0	None	0.0	0.0	999.0
neg_019391	0.0	None	0.0	0.0	999.0
neg_020052	0.0	None	0.0	0.0	999.0
neg_018267	0.0	None	0.0	0.0	999.0
neg_014685	0.0	None	0.0	0.0	999.0
neg_000097	0.0	None	0.0	0.0	999.0
neg_004298	0.0	None	0.0	0.0	999.0
neg_000233	0.0	None	0.0	0.0	999.0
neg_019683	0.0	None	0.0	0.0	999.0
neg_010558	0.0	None	0.0	0.0	999.0
neg_007943	0.0	None	0.0	0.0	999.0
neg_011156	0.0	None	0.0	0.0	999.0
neg_010758	0.0	None	0.0	0.0	999.0
neg_013413	0.0	None	0.0	0.0	999.0
neg_006101	0.0	None	0.0	0.0	999.0
neg_013480	0.0	None	0.0	0.0	999.0
neg_005742	0.0	None	0.0	0.0	999.0
neg_010578	0.0	None	0.0	0.0	999.0
neg_018121	0.0	None	0.0	0.0	999.0
neg_012606	0.0	None	0.0	0.0	999.0
neg_011793	0.0	None	0.0	0.0	999.0
neg_011366	0.0	None	0.0	0.0	999.0
neg_000964	0.0	None	0.0	0.0	999.0
neg_006164	0.0	None	0.0	0.0	999.0
neg_012233	0.0	None	0.0	0.0	999.0
neg_017354	0.0	None	0.0	0.0	999.0
neg_008324	0.0	None	0.0	0.0	999.0
neg_012290	0.0	None	0.0	0.0	999.0
neg_017887	0.0	None	0.0	0.0	999.0
neg_011181	0.0	None	0.0	0.0	999.0
neg_007855	0.0	None	0.0	0.0	999.0
neg_010817	0.0	None	0.0	0.0	999.0
neg_002553	0.0	None	0.0	0.0	999.0
neg_012365	0.0	None	0.0	0.0	999.0
neg_019641	0.0	None	0.0	0.0	999.0
neg_003647	0.0	None	0.0	0.0	999.0
neg_017658	0.0	None	0.0	0.0	999.0
neg_000939	0.0	None	0.0	0.0	999.0
neg_001668	0.0	None	0.0	0.0	999.0
neg_001240	0.0	None	0.0	0.0	999.0
neg_013223	0.0	None	0.0	0.0	999.0
neg_011131	0.0	None	0.0	0.0	999.0
neg_006617	0.0	None	0.0	0.0	999.0
neg_010864	0.0	None	0.0	0.0	999.0
neg_015257	0.0	None	0.0	0.0	999.0
neg_014847	0.0	None	0.0	0.0	999.0
neg_014480	0.0	None	0.0	0.0	999.0
neg_016287	0.0	None	0.0	0.0	999.0
neg_018758	0.0	None	0.0	0.0	999.0
neg_012807	0.0	None	0.0	0.0	999.0
neg_011019	0.0	None	0.0	0.0	999.0
neg_000410	0.0	None	0.0	0.0	999.0
neg_014365	0.0	None	0.0	0.0	999.0
neg_016005	0.0	None	0.0	0.0	999.0
neg_013607	0.0	None	0.0	0.0	999.0
neg_018387	0.0	None	0.0	0.0	999.0
neg_012530	0.0	None	0.0	0.0	999.0
neg_000379	0.0	None	0.0	0.0	999.0
neg_012032	0.0	None	0.0	0.0	999.0
neg_008877	0.0	None	0.0	0.0	999.0
neg_013530	0.0	None	0.0	0.0	999.0
neg_016305	0.0	None	0.0	0.0	999.0
neg_011125	0.0	None	0.0	0.0	999.0
neg_002060	0.0	None	0.0	0.0	999.0
neg_003153	0.0	None	0.0	0.0	999.0
neg_019943	0.0	None	0.0	0.0	999.0
neg_013449	0.0	None	0.0	0.0	999.0
neg_000222	0.0	None	0.0	0.0	999.0
neg_009260	0.0	None	0.0	0.0	999.0
neg_013379	0.0	None	0.0	0.0	999.0
neg_001251	0.0	None	0.0	0.0	999.0
neg_016230	0.0	None	0.0	0.0	999.0
neg_006983	0.0	None	0.0	0.0	999.0
neg_019794	0.0	None	0.0	0.0	999.0
neg_013618	0.0	None	0.0	0.0	999.0
neg_004388	0.0	None	0.0	0.0	999.0
neg_020943	0.0	None	0.0	0.0	999.0
neg_020964	0.0	None	0.0	0.0	999.0
neg_012766	0.0	None	0.0	0.0	999.0
neg_003306	0.0	None	0.0	0.0	999.0
neg_004325	0.0	None	0.0	0.0	999.0
neg_001253	0.0	None	0.0	0.0	999.0
neg_020603	0.0	None	0.0	0.0	999.0
neg_010341	0.0	None	0.0	0.0	999.0
neg_020567	0.0	None	0.0	0.0	999.0
neg_012331	0.0	None	0.0	0.0	999.0
neg_006421	0.0	None	0.0	0.0	999.0
neg_001873	0.0	None	0.0	0.0	999.0
neg_002209	0.0	None	0.0	0.0	999.0
neg_014615	0.0	None	0.0	0.0	999.0
neg_007578	0.0	None	0.0	0.0	999.0
neg_016448	0.0	None	0.0	0.0	999.0
neg_014482	0.0	None	0.0	0.0	999.0
neg_008406	0.0	None	0.0	0.0	999.0
neg_016106	0.0	None	0.0	0.0	999.0
neg_008724	0.0	None	0.0	0.0	999.0
neg_013991	0.0	None	0.0	0.0	999.0
neg_013060	0.0	None	0.0	0.0	999.0
neg_005113	0.0	None	0.0	0.0	999.0
neg_015677	0.0	None	0.0	0.0	999.0
neg_000245	0.0	None	0.0	0.0	999.0
neg_000277	0.0	None	0.0	0.0	999.0
neg_003541	0.0	None	0.0	0.0	999.0
neg_019184	0.0	None	0.0	0.0	999.0
neg_010288	0.0	None	0.0	0.0	999.0
neg_011113	0.0	None	0.0	0.0	999.0
neg_020047	0.0	None	0.0	0.0	999.0
neg_010432	0.0	None	0.0	0.0	999.0
neg_011784	0.0	None	0.0	0.0	999.0
neg_020794	0.0	None	0.0	0.0	999.0
neg_001168	0.0	None	0.0	0.0	999.0
neg_016052	0.0	None	0.0	0.0	999.0
neg_012512	0.0	None	0.0	0.0	999.0
neg_009154	0.0	None	0.0	0.0	999.0
neg_014032	0.0	None	0.0	0.0	999.0
neg_010348	0.0	None	0.0	0.0	999.0
neg_020196	0.0	None	0.0	0.0	999.0
neg_006115	0.0	None	0.0	0.0	999.0
neg_002094	0.0	None	0.0	0.0	999.0
neg_014484	0.0	None	0.0	0.0	999.0
neg_014034	0.0	None	0.0	0.0	999.0
neg_015015	0.0	None	0.0	0.0	999.0
neg_003242	0.0	None	0.0	0.0	999.0
neg_019327	0.0	None	0.0	0.0	999.0
neg_002120	0.0	None	0.0	0.0	999.0
neg_003800	0.0	None	0.0	0.0	999.0
neg_011546	0.0	None	0.0	0.0	999.0
neg_013487	0.0	None	0.0	0.0	999.0
neg_003080	0.0	None	0.0	0.0	999.0
neg_018309	0.0	None	0.0	0.0	999.0
neg_006332	0.0	None	0.0	0.0	999.0
neg_019806	0.0	None	0.0	0.0	999.0
neg_005820	0.0	None	0.0	0.0	999.0
neg_007815	0.0	None	0.0	0.0	999.0
neg_008149	0.0	None	0.0	0.0	999.0
neg_006732	0.0	None	0.0	0.0	999.0
neg_020078	0.0	None	0.0	0.0	999.0
neg_017588	0.0	None	0.0	0.0	999.0
neg_009563	0.0	None	0.0	0.0	999.0
neg_005049	0.0	None	0.0	0.0	999.0
neg_006986	0.0	None	0.0	0.0	999.0
neg_015074	0.0	None	0.0	0.0	999.0
neg_007879	0.0	None	0.0	0.0	999.0
neg_018519	0.0	None	0.0	0.0	999.0
neg_018573	0.0	None	0.0	0.0	999.0
neg_010748	0.0	None	0.0	0.0	999.0
neg_007544	0.0	None	0.0	0.0	999.0
neg_017845	0.0	None	0.0	0.0	999.0
neg_009851	0.0	None	0.0	0.0	999.0
neg_007423	0.0	None	0.0	0.0	999.0
neg_020797	0.0	None	0.0	0.0	999.0
neg_011985	0.0	None	0.0	0.0	999.0
neg_019993	0.0	None	0.0	0.0	999.0
neg_002371	0.0	None	0.0	0.0	999.0
neg_007563	0.0	None	0.0	0.0	999.0
neg_005927	0.0	None	0.0	0.0	999.0
neg_003618	0.0	None	0.0	0.0	999.0
neg_012091	0.0	None	0.0	0.0	999.0
neg_005069	0.0	None	0.0	0.0	999.0
neg_013862	0.0	None	0.0	0.0	999.0
neg_005872	0.0	None	0.0	0.0	999.0
neg_006528	0.0	None	0.0	0.0	999.0
neg_002438	0.0	None	0.0	0.0	999.0
neg_009000	0.0	None	0.0	0.0	999.0
neg_011029	0.0	None	0.0	0.0	999.0
neg_003493	0.0	None	0.0	0.0	999.0
neg_011142	0.0	None	0.0	0.0	999.0
neg_009876	0.0	None	0.0	0.0	999.0
neg_019729	0.0	None	0.0	0.0	999.0
neg_014418	0.0	None	0.0	0.0	999.0
neg_017044	0.0	None	0.0	0.0	999.0
neg_012825	0.0	None	0.0	0.0	999.0
neg_001452	0.0	None	0.0	0.0	999.0
neg_014612	0.0	None	0.0	0.0	999.0
neg_004875	0.0	None	0.0	0.0	999.0
neg_019078	0.0	None	0.0	0.0	999.0
neg_009874	0.0	None	0.0	0.0	999.0
neg_005379	0.0	None	0.0	0.0	999.0
neg_002682	0.0	None	0.0	0.0	999.0
neg_009657	0.0	None	0.0	0.0	999.0
neg_006552	0.0	None	0.0	0.0	999.0
neg_013743	0.0	None	0.0	0.0	999.0
neg_012598	0.0	None	0.0	0.0	999.0
neg_007671	0.0	None	0.0	0.0	999.0
neg_017437	0.0	None	0.0	0.0	999.0
neg_017799	0.0	None	0.0	0.0	999.0
neg_018928	0.0	None	0.0	0.0	999.0
neg_017094	0.0	None	0.0	0.0	999.0
neg_010229	0.0	None	0.0	0.0	999.0
neg_001514	0.0	None	0.0	0.0	999.0
neg_000585	0.0	None	0.0	0.0	999.0
neg_015078	0.0	None	0.0	0.0	999.0
neg_002759	0.0	None	0.0	0.0	999.0
neg_017511	0.0	None	0.0	0.0	999.0
neg_012698	0.0	None	0.0	0.0	999.0
neg_010585	0.0	None	0.0	0.0	999.0
neg_016542	0.0	None	0.0	0.0	999.0
neg_008080	0.0	None	0.0	0.0	999.0
neg_015471	0.0	None	0.0	0.0	999.0
neg_012218	0.0	None	0.0	0.0	999.0
neg_013034	0.0	None	0.0	0.0	999.0
neg_010102	0.0	None	0.0	0.0	999.0
neg_004228	0.0	None	0.0	0.0	999.0
neg_003272	0.0	None	0.0	0.0	999.0
neg_020617	0.0	None	0.0	0.0	999.0
neg_009869	0.0	None	0.0	0.0	999.0
neg_018356	0.0	None	0.0	0.0	999.0
neg_010487	0.0	None	0.0	0.0	999.0
neg_002007	0.0	None	0.0	0.0	999.0
neg_005499	0.0	None	0.0	0.0	999.0
neg_009169	0.0	None	0.0	0.0	999.0
neg_015013	0.0	None	0.0	0.0	999.0
neg_000793	0.0	None	0.0	0.0	999.0
neg_010082	0.0	None	0.0	0.0	999.0
neg_003583	0.0	None	0.0	0.0	999.0
neg_002522	0.0	None	0.0	0.0	999.0
neg_007023	0.0	None	0.0	0.0	999.0
neg_018731	0.0	None	0.0	0.0	999.0
neg_019449	0.0	None	0.0	0.0	999.0
neg_015853	0.0	None	0.0	0.0	999.0
neg_005983	0.0	None	0.0	0.0	999.0
neg_016083	0.0	None	0.0	0.0	999.0
neg_012547	0.0	None	0.0	0.0	999.0
neg_017828	0.0	None	0.0	0.0	999.0
neg_004021	0.0	None	0.0	0.0	999.0
neg_008221	0.0	None	0.0	0.0	999.0
neg_017565	0.0	None	0.0	0.0	999.0
neg_012750	0.0	None	0.0	0.0	999.0
neg_000824	0.0	None	0.0	0.0	999.0
neg_012368	0.0	None	0.0	0.0	999.0
neg_015991	0.0	None	0.0	0.0	999.0
neg_006409	0.0	None	0.0	0.0	999.0
neg_011207	0.0	None	0.0	0.0	999.0
neg_002334	0.0	None	0.0	0.0	999.0
neg_010186	0.0	None	0.0	0.0	999.0
neg_008921	0.0	None	0.0	0.0	999.0
neg_015008	0.0	None	0.0	0.0	999.0
neg_018123	0.0	None	0.0	0.0	999.0
neg_018302	0.0	None	0.0	0.0	999.0
neg_016512	0.0	None	0.0	0.0	999.0
neg_016604	0.0	None	0.0	0.0	999.0
neg_013898	0.0	None	0.0	0.0	999.0
neg_006253	0.0	None	0.0	0.0	999.0
neg_017369	0.0	None	0.0	0.0	999.0
neg_005694	0.0	None	0.0	0.0	999.0
neg_006014	0.0	None	0.0	0.0	999.0
neg_011629	0.0	None	0.0	0.0	999.0
neg_000537	0.0	None	0.0	0.0	999.0
neg_016126	0.0	None	0.0	0.0	999.0
neg_006537	0.0	None	0.0	0.0	999.0
neg_011951	0.0	None	0.0	0.0	999.0
neg_015885	0.0	None	0.0	0.0	999.0
neg_002478	0.0	None	0.0	0.0	999.0
neg_018049	0.0	None	0.0	0.0	999.0
neg_003542	0.0	None	0.0	0.0	999.0
neg_002662	0.0	None	0.0	0.0	999.0
neg_004044	0.0	None	0.0	0.0	999.0
neg_000975	0.0	None	0.0	0.0	999.0
neg_018689	0.0	None	0.0	0.0	999.0
neg_012224	0.0	None	0.0	0.0	999.0
neg_002963	0.0	None	0.0	0.0	999.0
neg_005669	0.0	None	0.0	0.0	999.0
neg_010482	0.0	None	0.0	0.0	999.0
neg_009019	0.0	None	0.0	0.0	999.0
neg_012635	0.0	None	0.0	0.0	999.0
neg_008099	0.0	None	0.0	0.0	999.0
neg_011753	0.0	None	0.0	0.0	999.0
neg_011265	0.0	None	0.0	0.0	999.0
neg_019108	0.0	None	0.0	0.0	999.0
neg_015669	0.0	None	0.0	0.0	999.0
neg_019612	0.0	None	0.0	0.0	999.0
neg_015874	0.0	None	0.0	0.0	999.0
neg_003168	0.0	None	0.0	0.0	999.0
neg_007731	0.0	None	0.0	0.0	999.0
neg_011443	0.0	None	0.0	0.0	999.0
neg_008880	0.0	None	0.0	0.0	999.0
neg_016316	0.0	None	0.0	0.0	999.0
neg_010007	0.0	None	0.0	0.0	999.0
neg_015497	0.0	None	0.0	0.0	999.0
neg_000607	0.0	None	0.0	0.0	999.0
neg_013273	0.0	None	0.0	0.0	999.0
neg_005520	0.0	None	0.0	0.0	999.0
neg_010793	0.0	None	0.0	0.0	999.0
neg_014512	0.0	None	0.0	0.0	999.0
neg_009651	0.0	None	0.0	0.0	999.0
neg_006153	0.0	None	0.0	0.0	999.0
neg_019130	0.0	None	0.0	0.0	999.0
neg_011539	0.0	None	0.0	0.0	999.0
neg_003540	0.0	None	0.0	0.0	999.0
neg_016552	0.0	None	0.0	0.0	999.0
neg_019762	0.0	None	0.0	0.0	999.0
neg_014643	0.0	None	0.0	0.0	999.0
neg_008032	0.0	None	0.0	0.0	999.0
neg_000281	0.0	None	0.0	0.0	999.0
neg_008096	0.0	None	0.0	0.0	999.0
neg_010485	0.0	None	0.0	0.0	999.0
neg_011327	0.0	None	0.0	0.0	999.0
neg_017624	0.0	None	0.0	0.0	999.0
neg_017146	0.0	None	0.0	0.0	999.0
neg_005434	0.0	None	0.0	0.0	999.0
neg_005825	0.0	None	0.0	0.0	999.0
neg_010583	0.0	None	0.0	0.0	999.0
neg_002235	0.0	None	0.0	0.0	999.0
neg_017585	0.0	None	0.0	0.0	999.0
neg_016657	0.0	None	0.0	0.0	999.0
neg_006873	0.0	None	0.0	0.0	999.0
neg_004653	0.0	None	0.0	0.0	999.0
neg_001087	0.0	None	0.0	0.0	999.0
neg_018544	0.0	None	0.0	0.0	999.0
neg_010261	0.0	None	0.0	0.0	999.0
neg_007728	0.0	None	0.0	0.0	999.0
neg_013968	0.0	None	0.0	0.0	999.0
neg_001320	0.0	None	0.0	0.0	999.0
neg_009675	0.0	None	0.0	0.0	999.0
neg_016959	0.0	None	0.0	0.0	999.0
neg_000496	0.0	None	0.0	0.0	999.0
neg_009067	0.0	None	0.0	0.0	999.0
neg_019791	0.0	None	0.0	0.0	999.0
neg_005115	0.0	None	0.0	0.0	999.0
neg_015686	0.0	None	0.0	0.0	999.0
neg_018047	0.0	None	0.0	0.0	999.0
neg_020080	0.0	None	0.0	0.0	999.0
neg_012150	0.0	None	0.0	0.0	999.0
neg_004848	0.0	None	0.0	0.0	999.0
neg_005121	0.0	None	0.0	0.0	999.0
neg_007749	0.0	None	0.0	0.0	999.0
neg_018062	0.0	None	0.0	0.0	999.0
neg_010856	0.0	None	0.0	0.0	999.0
neg_007601	0.0	None	0.0	0.0	999.0
neg_008121	0.0	None	0.0	0.0	999.0
neg_000383	0.0	None	0.0	0.0	999.0
neg_004307	0.0	None	0.0	0.0	999.0
neg_016551	0.0	None	0.0	0.0	999.0
neg_016385	0.0	None	0.0	0.0	999.0
neg_014387	0.0	None	0.0	0.0	999.0
neg_007133	0.0	None	0.0	0.0	999.0
neg_014516	0.0	None	0.0	0.0	999.0
neg_018713	0.0	None	0.0	0.0	999.0
neg_013102	0.0	None	0.0	0.0	999.0
neg_002411	0.0	None	0.0	0.0	999.0
neg_013720	0.0	None	0.0	0.0	999.0
neg_005792	0.0	None	0.0	0.0	999.0
neg_003014	0.0	None	0.0	0.0	999.0
neg_007894	0.0	None	0.0	0.0	999.0
neg_002940	0.0	None	0.0	0.0	999.0
neg_012771	0.0	None	0.0	0.0	999.0
neg_019877	0.0	None	0.0	0.0	999.0
neg_018281	0.0	None	0.0	0.0	999.0
neg_013612	0.0	None	0.0	0.0	999.0
neg_019459	0.0	None	0.0	0.0	999.0
neg_015012	0.0	None	0.0	0.0	999.0
neg_016360	0.0	None	0.0	0.0	999.0
neg_018308	0.0	None	0.0	0.0	999.0
neg_014877	0.0	None	0.0	0.0	999.0
neg_013624	0.0	None	0.0	0.0	999.0
neg_001806	0.0	None	0.0	0.0	999.0
neg_008948	0.0	None	0.0	0.0	999.0
neg_009009	0.0	None	0.0	0.0	999.0
neg_011959	0.0	None	0.0	0.0	999.0
neg_014703	0.0	None	0.0	0.0	999.0
neg_017005	0.0	None	0.0	0.0	999.0
neg_007235	0.0	None	0.0	0.0	999.0
neg_020792	0.0	None	0.0	0.0	999.0
neg_019945	0.0	None	0.0	0.0	999.0
neg_013050	0.0	None	0.0	0.0	999.0
neg_005021	0.0	None	0.0	0.0	999.0
neg_015058	0.0	None	0.0	0.0	999.0
neg_005878	0.0	None	0.0	0.0	999.0
neg_019237	0.0	None	0.0	0.0	999.0
neg_007839	0.0	None	0.0	0.0	999.0
neg_015476	0.0	None	0.0	0.0	999.0
neg_020030	0.0	None	0.0	0.0	999.0
neg_017644	0.0	None	0.0	0.0	999.0
neg_015692	0.0	None	0.0	0.0	999.0
neg_008772	0.0	None	0.0	0.0	999.0
neg_016820	0.0	None	0.0	0.0	999.0
neg_005511	0.0	None	0.0	0.0	999.0
neg_004685	0.0	None	0.0	0.0	999.0
neg_014848	0.0	None	0.0	0.0	999.0
neg_020954	0.0	None	0.0	0.0	999.0
neg_007139	0.0	None	0.0	0.0	999.0
neg_012645	0.0	None	0.0	0.0	999.0
neg_019159	0.0	None	0.0	0.0	999.0
neg_014121	0.0	None	0.0	0.0	999.0
neg_019059	0.0	None	0.0	0.0	999.0
neg_019290	0.0	None	0.0	0.0	999.0
neg_000206	0.0	None	0.0	0.0	999.0
neg_000443	0.0	None	0.0	0.0	999.0
neg_009719	0.0	None	0.0	0.0	999.0
neg_016098	0.0	None	0.0	0.0	999.0
neg_014834	0.0	None	0.0	0.0	999.0
neg_019016	0.0	None	0.0	0.0	999.0
neg_014082	0.0	None	0.0	0.0	999.0
neg_019389	0.0	None	0.0	0.0	999.0
neg_015408	0.0	None	0.0	0.0	999.0
neg_013512	0.0	None	0.0	0.0	999.0
neg_008906	0.0	None	0.0	0.0	999.0
neg_017236	0.0	None	0.0	0.0	999.0
neg_011819	0.0	None	0.0	0.0	999.0
neg_015735	0.0	None	0.0	0.0	999.0
neg_013441	0.0	None	0.0	0.0	999.0
neg_000838	0.0	None	0.0	0.0	999.0
neg_004166	0.0	None	0.0	0.0	999.0
neg_012303	0.0	None	0.0	0.0	999.0
neg_001673	0.0	None	0.0	0.0	999.0
neg_014109	0.0	None	0.0	0.0	999.0
neg_017980	0.0	None	0.0	0.0	999.0
neg_000792	0.0	None	0.0	0.0	999.0
neg_010538	0.0	None	0.0	0.0	999.0
neg_016842	0.0	None	0.0	0.0	999.0
neg_017932	0.0	None	0.0	0.0	999.0
neg_005966	0.0	None	0.0	0.0	999.0
neg_000996	0.0	None	0.0	0.0	999.0
neg_003159	0.0	None	0.0	0.0	999.0
neg_004374	0.0	None	0.0	0.0	999.0
neg_015106	0.0	None	0.0	0.0	999.0
neg_001367	0.0	None	0.0	0.0	999.0
neg_002593	0.0	None	0.0	0.0	999.0
neg_020695	0.0	None	0.0	0.0	999.0
neg_004096	0.0	None	0.0	0.0	999.0
neg_000682	0.0	None	0.0	0.0	999.0
neg_000301	0.0	None	0.0	0.0	999.0
neg_014470	0.0	None	0.0	0.0	999.0
neg_003720	0.0	None	0.0	0.0	999.0
neg_020177	0.0	None	0.0	0.0	999.0
neg_002221	0.0	None	0.0	0.0	999.0
neg_013216	0.0	None	0.0	0.0	999.0
neg_009615	0.0	None	0.0	0.0	999.0
neg_019109	0.0	None	0.0	0.0	999.0
neg_001629	0.0	None	0.0	0.0	999.0
neg_017656	0.0	None	0.0	0.0	999.0
neg_007203	0.0	None	0.0	0.0	999.0
neg_009226	0.0	None	0.0	0.0	999.0
neg_019495	0.0	None	0.0	0.0	999.0
neg_013565	0.0	None	0.0	0.0	999.0
neg_016363	0.0	None	0.0	0.0	999.0
neg_014290	0.0	None	0.0	0.0	999.0
neg_019011	0.0	None	0.0	0.0	999.0
neg_015371	0.0	None	0.0	0.0	999.0
neg_012503	0.0	None	0.0	0.0	999.0
neg_010532	0.0	None	0.0	0.0	999.0
neg_008546	0.0	None	0.0	0.0	999.0
neg_004541	0.0	None	0.0	0.0	999.0
neg_000439	0.0	None	0.0	0.0	999.0
neg_005471	0.0	None	0.0	0.0	999.0
neg_015028	0.0	None	0.0	0.0	999.0
neg_001082	0.0	None	0.0	0.0	999.0
neg_020113	0.0	None	0.0	0.0	999.0
neg_001735	0.0	None	0.0	0.0	999.0
neg_020465	0.0	None	0.0	0.0	999.0
neg_011179	0.0	None	0.0	0.0	999.0
neg_011714	0.0	None	0.0	0.0	999.0
neg_002543	0.0	None	0.0	0.0	999.0
neg_008930	0.0	None	0.0	0.0	999.0
neg_012496	0.0	None	0.0	0.0	999.0
neg_003539	0.0	None	0.0	0.0	999.0
neg_014147	0.0	None	0.0	0.0	999.0
neg_008689	0.0	None	0.0	0.0	999.0
neg_019625	0.0	None	0.0	0.0	999.0
neg_017185	0.0	None	0.0	0.0	999.0
neg_011855	0.0	None	0.0	0.0	999.0
neg_021107	0.0	None	0.0	0.0	999.0
neg_002112	0.0	None	0.0	0.0	999.0
neg_007623	0.0	None	0.0	0.0	999.0
neg_003094	0.0	None	0.0	0.0	999.0
neg_019710	0.0	None	0.0	0.0	999.0
neg_003252	0.0	None	0.0	0.0	999.0
neg_004313	0.0	None	0.0	0.0	999.0
neg_005671	0.0	None	0.0	0.0	999.0
neg_001578	0.0	None	0.0	0.0	999.0
neg_018835	0.0	None	0.0	0.0	999.0
neg_012125	0.0	None	0.0	0.0	999.0
neg_015952	0.0	None	0.0	0.0	999.0
neg_019123	0.0	None	0.0	0.0	999.0
neg_019934	0.0	None	0.0	0.0	999.0
neg_002712	0.0	None	0.0	0.0	999.0
neg_016276	0.0	None	0.0	0.0	999.0
neg_019570	0.0	None	0.0	0.0	999.0
neg_000635	0.0	None	0.0	0.0	999.0
